candidate,state,district,office_type,race_type,race_primary,primary_status,primary_runoff_status,general_status,partisan_lean,primary_pctg,won_primary,race,veteran,lgbtq,elected_official,self_funder,stem,obama_alum,dem_party_support,emily_endorsed,guns_sense_candidate,biden_endorsed,warren_endorsed,sanders_endorsed,our_revolution_endorsed,justice_dems_endorsed,pccc_endorsed,indivisible_endorsed,wfp_endorsed,votevets_endorsed,no_labels_support,num_endorsements,num_non_endorsements
Anthony White,0,0,0,0,7,Lost,None,None,-28.879998999999998,3.4200001,0,0,1,0,0,0,0,0,2,2,0,2,2,2,2,2,2,2,2,2,2,0,2
Christopher Countryman,0,0,0,0,7,Lost,None,None,-28.879998999999998,1.74,0,1,0,1,0,0,0,0,2,2,0,2,2,2,2,2,2,2,2,2,2,0,2
"Doug ""New Blue"" Smith",0,0,0,0,7,Lost,None,None,-28.879998999999998,3.27,0,1,1,0,0,0,0,0,2,2,0,2,2,2,2,2,2,2,2,2,2,0,2
James C. Fields,0,0,0,0,7,Lost,None,None,-28.879998999999998,8.0,0,0,1,0,1,0,0,0,2,2,0,2,2,2,2,2,2,2,2,2,2,0,2
Sue Bell Cobb,0,0,0,0,7,Lost,None,None,-28.879998999999998,28.98,0,1,0,0,1,0,0,0,2,2,0,2,2,2,2,2,2,2,2,2,2,0,2
Walt Maddox,0,0,0,0,7,Advanced,None,On the Ballot,-28.879998999999998,54.599998,1,1,0,0,1,0,0,0,2,2,1,2,2,2,2,2,2,2,2,2,2,1,1
Lizzetta Hill McConnell,0,21,1,0,7,Lost,None,None,-30.68,19.23,0,0,0,0,0,0,1,0,2,2,2,2,2,2,2,2,2,2,2,2,2,0,1
Robert Kennedy Jr.,0,21,1,0,7,Advanced,None,On the Ballot,-30.68,80.769997,1,0,1,0,0,0,0,0,2,2,2,2,2,2,2,2,2,2,2,2,2,0,1
Audri Scott Williams,0,22,1,0,7,Lost,None,None,-33.080002,39.560001,0,0,1,0,0,0,0,0,2,2,2,2,2,2,2,2,2,2,2,2,2,0,1
Tabitha Isner,0,22,1,0,7,Advanced,None,On the Ballot,-33.080002,60.439999,1,1,0,0,0,0,0,0,2,2,2,2,2,2,2,2,2,2,2,2,2,0,1
Adia McClellan Winfrey,0,23,1,0,7,Lost,None,None,-33.66,34.240002000000004,0,0,0,0,0,0,1,0,2,2,1,2,2,2,2,2,2,2,2,2,2,1,1
Mallory Hagan,0,23,1,0,7,Advanced,None,On the Ballot,-33.66,65.739998,1,1,0,0,0,0,0,0,2,2,1,2,2,2,2,2,2,2,2,2,2,1,1
Lee Auman,0,24,1,0,7,Advanced,None,On the Ballot,-62.48,54.130001,1,1,0,0,0,0,0,0,2,2,1,2,2,2,2,2,2,2,2,2,2,1,1
Rick Neighbors,0,24,1,0,7,Lost,None,None,-62.48,45.869999,0,1,1,0,0,0,0,0,2,2,0,2,2,2,2,2,2,2,2,2,2,0,2
Peter Joffrion,0,25,1,0,7,Advanced,None,On the Ballot,-34.830002,100.0,1,1,0,0,0,0,0,0,2,2,2,2,2,2,2,2,2,1,2,2,2,1,1
Danner Kline,0,26,1,0,7,Advanced,None,On the Ballot,-48.459998999999996,100.0,1,1,0,0,0,0,0,0,2,2,1,2,2,2,2,2,2,2,2,2,2,1,1
Jared Henderson,1,1,0,0,4,Advanced,None,On the Ballot,-28.639999,63.299999,1,1,0,0,0,0,1,0,2,2,2,2,2,2,2,2,2,2,2,2,2,0,1
Leticia Sanders,1,1,0,0,4,Lost,None,None,-28.639999,36.700001,0,0,0,0,0,0,0,0,2,2,2,2,2,2,2,2,2,2,2,2,2,0,1
Chintan Desai,1,28,1,0,4,Advanced,None,On the Ballot,-34.810001,100.0,1,0,0,0,0,0,0,0,2,2,1,2,2,2,2,2,2,1,2,2,2,2,1
Clarke Tucker,1,29,1,0,4,Advanced,None,On the Ballot,-13.51,57.82,1,1,0,0,1,0,0,0,1,2,1,2,2,2,2,2,2,2,2,2,2,2,1
Gwen Combs,1,29,1,0,4,Lost,None,None,-13.51,20.299999,0,1,1,0,0,0,0,0,0,2,1,2,2,2,2,2,2,2,2,2,2,1,2
Jonathan Dunkley,1,29,1,0,4,Lost,None,None,-13.51,9.340000199999999,0,0,0,0,0,0,0,0,0,2,0,2,2,2,2,2,2,2,2,2,2,0,3
Paul Spencer,1,29,1,0,4,Lost,None,None,-13.51,12.55,0,1,0,0,0,0,0,0,0,2,0,2,2,2,2,2,2,2,2,2,2,0,3
Joshua Mahony,1,30,1,0,4,Advanced,None,On the Ballot,-34.560001,100.0,1,1,0,0,0,0,0,0,2,2,2,2,2,2,2,2,2,1,2,2,2,1,1
Hayden Shamel,1,31,1,0,4,Advanced,None,On the Ballot,-33.68,100.0,1,1,0,0,0,0,0,0,2,2,2,2,2,2,2,2,2,2,2,2,2,0,1
Brianna Westbrook,2,27,1,1,6,Lost,None,None,-24.559998999999998,39.720001,0,1,0,1,0,0,0,0,2,2,2,2,2,2,1,1,2,2,2,2,2,2,1
Hiral Tipirneni,2,27,1,1,6,Advanced,None,On the Ballot,-24.559998999999998,60.220001,1,0,0,0,0,0,1,0,2,2,2,2,2,2,0,0,2,2,2,2,2,0,3
Akinyemi Agbede,3,2,0,0,7,Lost,None,None,25.83,0.22,0,0,0,0,0,0,1,0,2,2,0,2,2,2,0,2,2,2,2,2,2,0,3
Albert Caesar Mezzetti,3,2,0,0,7,Lost,None,None,25.83,0.28,0,1,1,0,1,0,0,0,2,2,0,2,2,2,0,2,2,2,2,2,2,0,3
Amanda Renteria,3,2,0,0,7,Lost,None,None,25.83,2.1500001,0,0,0,0,0,0,0,0,2,2,0,2,2,2,0,2,2,2,2,2,2,0,3
Antonio Villaraigosa,3,2,0,0,7,Lost,None,None,25.83,21.290001,0,0,0,0,1,0,0,0,2,2,0,2,2,2,0,2,2,2,2,2,2,0,3
Delaine Eastin,3,2,0,0,7,Lost,None,None,25.83,5.4000001,0,1,0,0,1,0,0,0,2,2,1,2,2,2,1,2,2,2,2,2,2,2,1
Gavin Newsom,3,2,0,0,7,Advanced,None,On the Ballot,25.83,53.869999,1,1,0,0,1,0,0,0,2,2,1,2,2,2,0,2,2,2,2,2,2,1,2
John Chiang,3,2,0,0,7,Lost,None,None,25.83,15.08,0,0,0,0,1,0,1,0,2,2,1,2,2,2,0,2,2,2,2,2,2,1,2
Juan Bribiesca,3,2,0,0,7,Lost,None,None,25.83,0.40000001,0,0,0,0,0,0,1,0,2,2,0,2,2,2,0,2,2,2,2,2,2,0,3
Klement Tinaj,3,2,0,0,7,Lost,None,None,25.83,0.12,0,0,0,0,0,0,0,0,2,2,0,2,2,2,0,2,2,2,2,2,2,0,3
Michael Shellenberger,3,2,0,0,7,Lost,None,None,25.83,0.73000002,0,1,0,0,0,0,0,0,2,2,0,2,2,2,0,2,2,2,2,2,2,0,3
Robert Davidson Griffis,3,2,0,0,7,Lost,None,None,25.83,0.25999999,0,1,0,0,0,0,0,0,2,2,0,2,2,2,0,2,2,2,2,2,2,0,3
Thomas Jefferson Cares,3,2,0,0,7,Lost,None,None,25.83,0.20999999,0,1,0,0,0,0,1,0,2,2,0,2,2,2,0,2,2,2,2,2,2,0,3
Audrey Denney,3,32,1,0,7,Advanced,None,On the Ballot,-21.379998999999998,43.650002,1,1,0,0,0,0,0,0,2,2,2,2,2,2,1,1,2,0,2,2,2,2,2
David Peterson,3,32,1,0,7,Lost,None,None,-21.379998999999998,7.3000002,0,1,0,0,0,0,0,0,2,2,2,2,2,2,0,0,2,0,2,2,2,0,4
Jessica Holcombe,3,32,1,0,7,Lost,None,None,-21.379998999999998,28.540001,0,1,0,0,0,0,0,0,2,2,2,2,2,2,0,0,2,0,2,2,2,0,4
Marty Walters,3,32,1,0,7,Lost,None,None,-21.379998999999998,20.51,0,1,0,0,0,0,0,0,2,2,2,2,2,2,0,0,2,1,2,2,2,1,3
Dotty Nygard,3,33,1,0,7,Lost,None,None,0.62,1.89,0,1,0,0,0,0,1,0,0,0,0,2,2,2,1,1,2,0,2,2,2,2,5
Josh Harder,3,33,1,0,7,Advanced,None,On the Ballot,0.62,35.57,1,1,0,0,0,0,1,0,1,0,1,2,2,2,0,0,2,0,2,2,2,2,5
Michael Eggman,3,33,1,0,7,Lost,None,None,0.62,21.34,0,1,0,0,0,0,0,0,0,0,0,2,2,2,0,0,2,0,2,2,2,0,7
Mike Barkley,3,33,1,0,7,Lost,None,None,0.62,4.98,0,1,1,0,0,0,1,0,0,0,0,2,2,2,0,0,2,0,2,2,2,0,7
Sue Zwahlen,3,33,1,0,7,Lost,None,None,0.62,17.049999,0,1,0,0,1,0,1,0,0,0,0,2,2,2,0,0,2,0,2,2,2,0,7
Virginia Madueno,3,33,1,0,7,Lost,None,None,0.62,19.17,0,0,0,0,1,0,0,0,0,1,1,2,2,2,0,0,2,1,2,2,2,3,4
TJ Cox,3,34,1,0,7,Advanced,None,On the Ballot,11.87,100.0,1,0,0,0,0,0,1,0,1,0,2,2,2,2,2,2,2,2,2,2,2,1,2
Andrew Janz,3,35,1,0,7,Advanced,None,On the Ballot,-13.41,78.83000200000002,1,0,0,0,0,0,0,0,2,2,2,2,2,2,2,2,2,2,2,2,2,0,1
Bobby Bliatout,3,35,1,0,7,Lost,None,None,-13.41,12.26,0,0,0,0,0,0,0,0,2,2,2,2,2,2,2,2,2,2,2,2,2,0,1
Ricardo Franco,3,35,1,0,7,Lost,None,None,-13.41,8.909999800000003,0,0,0,0,0,0,1,0,2,2,2,2,2,2,2,2,2,2,2,2,2,0,1
Kurtis Wilson,3,36,1,0,7,Lost,None,None,-25.379998999999998,4.8400002,0,0,0,0,0,0,0,0,2,2,2,2,2,2,2,2,2,2,2,2,2,0,1
Mary Helen Barro,3,36,1,0,7,Lost,None,None,-25.379998999999998,18.200001,0,0,0,0,0,0,0,0,2,2,2,2,2,2,2,2,2,2,2,2,2,0,1
Tatiana Matta,3,36,1,0,7,Advanced,None,On the Ballot,-25.379998999999998,42.720001,1,0,0,0,0,0,0,0,2,2,2,2,2,2,2,2,2,2,2,2,2,0,1
Wendy Reed,3,36,1,0,7,Lost,None,None,-25.379998999999998,34.25,0,1,0,0,0,0,0,0,2,2,2,2,2,2,2,2,2,2,2,2,2,0,1
Bryan Caforio,3,37,1,0,7,Lost,None,None,2.02,38.259997999999996,0,1,0,0,0,0,0,0,0,0,1,2,2,2,0,1,2,2,2,2,2,2,4
Jess Phoenix,3,37,1,0,7,Lost,None,None,2.02,13.24,0,1,0,0,0,0,1,0,0,0,1,2,2,2,1,0,2,2,2,2,2,2,4
Katie Hill,3,37,1,0,7,Advanced,None,On the Ballot,2.02,42.970001,1,1,0,1,0,0,0,0,1,1,1,2,2,2,0,0,2,2,2,2,2,3,3
Mary Pallant,3,37,1,0,7,Lost,None,None,2.02,5.54,0,1,0,0,0,0,0,0,0,0,2,2,2,2,0,0,2,2,2,2,2,0,5
Andy Thorburn,3,38,1,0,7,Lost,None,None,2.99,20.440001000000002,0,1,0,0,0,1,0,0,0,0,1,2,2,2,1,2,2,0,2,0,2,2,5
Gil Cisneros,3,38,1,0,7,Advanced,None,On the Ballot,2.99,43.23,1,0,1,0,0,1,0,0,1,0,1,2,2,2,0,2,2,0,2,1,2,3,4
Herbert Lee,3,38,1,0,7,Lost,None,None,2.99,9.4200001,0,0,0,0,0,1,1,0,0,0,0,2,2,2,0,2,2,0,2,0,2,0,7
Mai Khanh Tran,3,38,1,0,7,Lost,None,None,2.99,11.69,0,0,0,0,0,1,1,0,0,1,1,2,2,2,0,2,2,0,2,0,2,2,5
Sam Jammal,3,38,1,0,7,Lost,None,None,2.99,11.98,0,0,0,0,0,0,0,1,0,0,1,2,2,2,0,2,2,1,2,0,2,3,4
Suzi Park Leggett,3,38,1,0,7,Lost,None,None,2.99,3.24,0,0,0,0,0,0,0,0,0,0,0,2,2,2,0,2,2,0,2,0,2,0,7
Jessica Morse,3,39,1,0,7,Advanced,None,On the Ballot,-18.16,49.099998,1,1,0,0,0,0,0,0,2,2,1,2,2,2,0,0,2,1,2,2,2,2,3
Regina Bateson,3,39,1,0,7,Lost,None,None,-18.16,30.07,0,1,0,0,0,0,0,0,2,2,1,2,2,2,0,0,2,0,2,2,2,1,4
Robert Lawton,3,39,1,0,7,Lost,None,None,-18.16,5.25,0,1,0,0,0,0,0,0,2,2,0,2,2,2,0,0,2,0,2,2,2,0,5
Roza Calderon,3,39,1,0,7,Lost,None,None,-18.16,15.57,0,0,0,0,0,0,1,0,2,2,1,2,2,2,1,1,2,0,2,2,2,3,2
Julia Peacock,3,40,1,0,7,Advanced,None,On the Ballot,-15.31,76.019997,1,1,0,0,0,0,0,0,2,2,1,2,2,2,2,2,2,1,2,2,2,2,1
Norman Quintero,3,40,1,0,7,Lost,None,None,-15.31,23.98,0,0,0,0,0,0,0,0,2,2,0,2,2,2,2,2,2,0,2,2,2,0,3
Brian Forde,3,41,1,0,7,Lost,None,None,-1.4299998999999999,13.06,0,1,0,0,0,0,1,1,0,0,1,2,0,2,0,2,0,2,2,2,2,2,5
Dave Min,3,41,1,0,7,Lost,None,None,-1.4299998999999999,38.740002000000004,0,0,0,0,0,0,0,0,0,0,1,2,0,2,0,2,0,2,2,2,2,1,6
Katie Porter,3,41,1,0,7,Advanced,None,On the Ballot,-1.4299998999999999,44.040001000000004,1,1,0,0,0,0,0,0,1,1,1,2,1,2,1,2,1,2,2,2,2,6,1
Kia Hamadanchy,3,41,1,0,7,Lost,None,None,-1.4299998999999999,4.1500001000000015,0,0,0,0,0,0,0,0,0,0,1,2,0,2,1,2,0,2,2,2,2,2,5
Deanie Schaarsmith,3,42,1,0,7,Lost,None,None,-4.1799998,1.79,0,1,0,0,0,0,0,0,0,0,0,2,2,2,2,0,2,0,2,2,2,0,6
Hans Keirstead,3,42,1,0,7,Lost,None,None,-4.1799998,37.439999,0,1,0,0,0,1,1,0,0,0,1,2,2,2,2,0,2,0,2,2,2,1,5
Harley Rouda,3,42,1,0,7,Advanced,None,On the Ballot,-4.1799998,37.599998,1,1,0,0,0,1,0,0,1,0,1,2,2,2,2,0,2,1,2,2,2,3,3
Laura Oatman,3,42,1,0,7,Lost,None,None,-4.1799998,3.01,0,1,0,0,0,0,1,0,0,0,0,2,2,2,2,1,2,0,2,2,2,1,5
Michael Kotick,3,42,1,0,7,Lost,None,None,-4.1799998,3.26,0,1,0,0,0,0,0,0,0,0,0,2,2,2,2,0,2,0,2,2,2,0,6
Omar Siddiqui,3,42,1,0,7,Lost,None,None,-4.1799998,10.81,0,0,0,0,0,1,1,0,0,0,1,2,2,2,2,0,2,0,2,2,2,1,5
Rachel Payne,3,42,1,0,7,Lost,None,None,-4.1799998,4.4899998,0,1,0,0,0,0,1,0,0,1,0,2,2,2,2,0,2,0,2,2,2,1,5
Tony Zarkades,3,42,1,0,7,Lost,None,None,-4.1799998,1.6,0,1,1,0,0,0,1,0,0,0,0,2,2,2,2,0,2,0,2,2,2,0,6
Douglas Applegate,3,43,1,0,7,Lost,None,None,1.42,25.76,0,1,1,0,0,0,0,0,0,0,2,2,2,2,2,1,0,2,2,1,2,2,4
Mike Levin,3,43,1,0,7,Advanced,None,On the Ballot,1.42,34.400002,1,1,0,0,0,0,0,0,1,0,2,2,2,2,2,0,1,2,2,0,2,2,4
Paul Kerr,3,43,1,0,7,Lost,None,None,1.42,8.75,0,1,1,0,0,1,0,0,0,0,2,2,2,2,2,0,0,2,2,0,2,0,6
Sara Jacobs,3,43,1,0,7,Lost,None,None,1.42,31.09,0,1,0,0,0,1,0,1,0,1,2,2,2,2,2,0,0,2,2,0,2,2,4
Ammar Campa-Najjar,3,44,1,0,7,Advanced,None,On the Ballot,-19.48,48.360001000000004,1,0,0,0,0,0,0,1,2,2,2,2,2,2,2,1,1,1,2,2,2,4,0
Josh Butner,3,44,1,0,7,Lost,None,None,-19.48,35.509997999999996,0,1,1,0,0,0,0,0,2,2,2,2,2,2,2,0,0,0,2,1,2,1,4
Patrick Malloy,3,44,1,0,7,Lost,None,None,-19.48,16.129998999999998,0,1,0,0,0,0,0,0,2,2,2,2,2,2,2,0,0,0,2,2,2,0,4
Marge Doyle,3,45,1,0,7,Lost,None,,-17.33,59.610001000000004,2,1,0,1,0,0,1,0,2,2,2,2,2,2,2,2,2,2,2,2,2,0,1
Rita Ramirez,3,45,1,0,7,Lost,None,,-17.33,27.67,2,0,0,0,0,0,0,0,2,2,2,2,2,2,2,2,2,2,2,2,2,0,1
Ronald O'Donnell,3,45,1,0,7,Lost,None,,-17.33,12.71,2,1,0,0,0,0,0,0,2,2,2,2,2,2,2,2,2,2,2,2,2,0,1
Cary Kennedy,4,3,0,0,5,Lost,None,None,2.49,24.719998999999998,0,1,0,0,1,0,0,0,2,1,1,2,2,2,2,2,2,2,2,2,2,2,1
Donna Lynne,4,3,0,0,5,Lost,None,None,2.49,7.280000200000001,0,1,0,0,1,0,0,0,2,0,0,2,2,2,2,2,2,2,2,2,2,0,3
Jared Polis,4,3,0,0,5,Advanced,None,On the Ballot,2.49,44.43,1,1,0,1,1,1,0,0,2,0,0,2,2,2,2,2,2,2,2,2,2,0,3
Michael Johnston,4,3,0,0,5,Lost,None,None,2.49,23.57,0,1,0,0,1,0,0,1,2,0,0,2,2,2,2,2,2,2,2,2,2,1,2
Joe Neguse,4,46,1,0,5,Advanced,None,On the Ballot,18.040001,65.82,1,0,0,0,0,0,0,0,2,2,2,2,2,2,2,2,2,2,2,2,2,0,1
Mark Williams,4,46,1,0,5,Lost,None,None,18.040001,34.18,0,0,1,0,0,0,0,0,2,2,2,2,2,2,2,2,2,2,2,2,2,0,1
Arn Menconi,4,47,1,0,5,Lost,None,None,-13.03,8.220000299999999,0,1,0,0,0,0,0,0,2,0,2,2,2,2,2,2,2,2,2,2,2,0,2
Diane Mitsch Bush,4,47,1,0,5,Advanced,None,On the Ballot,-13.03,64.099998,1,1,0,0,1,0,0,0,2,1,2,2,2,2,2,2,2,2,2,2,2,1,1
Karl Hanlon,4,47,1,0,5,Lost,None,None,-13.03,27.68,0,1,0,0,0,0,0,0,2,0,2,2,2,2,2,2,2,2,2,2,2,0,2
Chase Kohne,4,48,1,0,5,Lost,None,None,-24.68,35.32,0,1,1,0,0,0,1,0,2,2,2,2,2,2,2,2,2,2,2,2,2,0,1
Karen McCormick,4,48,1,0,5,Advanced,None,On the Ballot,-24.68,64.629997,1,1,0,0,0,0,1,0,2,2,2,2,2,2,2,2,2,2,2,2,2,0,1
Stephany Rose Spaulding,4,49,1,0,5,Advanced,None,On the Ballot,-25.73,100.0,1,0,0,0,0,0,0,0,2,2,2,2,2,2,2,1,2,2,2,2,2,1,1
Jason Crow,4,50,1,0,5,Advanced,None,On the Ballot,5.4200000999999975,65.940002,1,1,1,0,0,0,0,0,1,2,2,2,2,2,0,2,2,2,2,1,2,2,2
Levi Tillemann,4,50,1,0,5,Lost,None,None,5.4200000999999975,34.060001,0,1,0,0,0,0,1,1,0,2,2,2,2,2,1,2,2,2,2,0,2,2,2
Stacey Abrams,5,4,0,0,4,Advanced,None,On the Ballot,-8.3400002,76.440002,1,0,0,0,1,0,0,0,2,1,2,2,2,1,1,2,1,2,1,2,2,5,1
Stacey Evans,5,4,0,0,4,Lost,None,None,-8.3400002,23.559998999999998,0,1,0,0,0,1,0,0,2,0,2,2,2,0,0,2,0,2,0,2,2,0,6
Barbara Seidman,5,51,1,0,4,Lost,None,None,-17.379998999999998,32.459998999999996,0,0,0,0,0,0,0,0,2,2,2,2,2,2,2,0,0,0,2,2,2,0,4
Lisa Ring,5,51,1,0,4,Advanced,None,On the Ballot,-17.379998999999998,67.540001,1,1,0,0,0,0,0,0,2,2,2,2,2,2,1,1,0,1,2,2,2,3,2
Chalis Montgomery,5,52,1,0,4,Lost,None,None,-28.209999,26.459999,0,1,0,0,0,0,0,0,2,2,2,2,2,2,2,2,2,2,2,2,2,0,1
Richard Dien Winfield,5,52,1,0,4,Lost,None,None,-28.209999,23.33,0,1,0,0,0,0,0,0,2,2,2,2,2,2,2,2,2,2,2,2,2,0,1
Tabitha Johnson-Green,5,52,1,0,4,Advanced,None,On the Ballot,-28.209999,50.200001,1,1,0,0,0,0,1,0,2,2,2,2,2,2,2,2,2,2,2,2,2,0,1
Flynn Broady Jr.,5,53,1,0,4,Advanced,None,On the Ballot,-30.129998999999998,100.0,1,0,1,0,0,0,0,0,2,2,2,2,2,2,2,2,2,2,2,2,2,0,1
Francys Johnson,5,54,1,0,4,Advanced,None,On the Ballot,-17.629998999999994,52.860001000000004,1,0,0,0,0,0,0,0,2,2,2,2,2,2,2,2,2,2,2,2,2,0,1
Robert Ingham,5,54,1,0,4,Lost,None,None,-17.629998999999994,31.15,0,1,0,0,0,0,0,0,2,2,2,2,2,2,2,2,2,2,2,2,2,0,1
Trent Nesmith,5,54,1,0,4,Lost,None,None,-17.629998999999994,15.99,0,1,0,0,0,0,0,0,2,2,2,2,2,2,2,2,2,2,2,2,2,0,1
Steven Foster,5,55,1,0,4,Advanced,None,On the Ballot,-54.18,100.0,1,1,0,0,0,0,1,0,2,2,2,2,2,2,2,2,2,2,2,2,2,0,1
Chuck Enderlin,5,56,1,0,4,Advanced,None,On the Ballot,-34.380001,59.869999,1,1,1,0,0,0,0,0,2,2,2,2,2,2,2,2,2,2,2,2,2,0,1
Rusty Oliver,5,56,1,0,4,Lost,None,None,-34.380001,40.130001,0,1,0,0,0,0,0,0,2,2,2,2,2,2,2,2,2,2,2,2,2,0,1
Bobby Kaple,5,57,1,0,4,Lost,None,None,-9.4799995,26.25,0,1,0,0,0,0,0,0,2,0,0,2,2,2,2,2,2,2,2,2,2,0,3
Kevin Abel,5,57,1,0,4,Advanced,Lost,None,-9.4799995,30.540001,0,1,0,0,0,0,1,0,2,0,0,2,2,2,2,2,2,2,2,2,2,0,3
Lucy McBath,5,57,1,0,4,Advanced,Advanced,On the Ballot,-9.4799995,36.27,1,0,0,0,0,0,1,0,2,1,1,2,2,2,2,2,2,2,2,2,2,2,1
Steven Knight Griffin,5,57,1,0,4,Lost,None,None,-9.4799995,6.9499998,0,1,0,0,0,0,0,0,2,0,0,2,2,2,2,2,2,2,2,2,2,0,3
Carolyn Bourdeaux,5,58,1,0,4,Advanced,Advanced,On the Ballot,-12.73,27.280001000000002,1,1,0,0,0,0,0,0,2,1,2,2,2,2,0,2,2,2,2,2,2,1,2
David Kim,5,58,1,0,4,Advanced,Lost,None,-12.73,25.98,0,0,0,0,0,1,0,0,2,0,2,2,2,2,0,2,2,2,2,2,2,0,3
Ethan Pham,5,58,1,0,4,Lost,None,None,-12.73,17.84,0,0,0,0,0,0,0,0,2,0,2,2,2,2,0,2,2,2,2,2,2,0,3
Kathleen Allen,5,58,1,0,4,Lost,None,None,-12.73,11.02,0,1,0,0,0,0,0,0,2,0,2,2,2,2,1,2,2,2,2,2,2,1,2
Melissa Davis,5,58,1,0,4,Lost,None,None,-12.73,13.67,0,0,0,0,0,0,0,0,2,0,2,2,2,2,0,2,2,2,2,2,2,0,3
Steve Reilly,5,58,1,0,4,Lost,None,None,-12.73,4.1999998,0,1,1,0,0,0,0,0,2,0,2,2,2,2,0,2,2,2,2,2,2,0,3
Dave Cooper,5,59,1,0,4,Lost,None,None,-60.810001,47.27,0,1,1,0,0,0,0,0,2,2,2,2,2,2,0,2,2,1,2,2,2,1,2
Josh McCall,5,59,1,0,4,Advanced,None,On the Ballot,-60.810001,52.73,1,1,0,0,0,0,0,0,2,2,2,2,2,2,1,2,2,0,2,2,2,1,2
Andy McGuire,6,7,0,0,7,Lost,None,None,-8.1400003,5.25,0,1,0,0,0,0,1,0,2,2,0,2,2,2,0,2,0,2,0,2,2,0,5
Cathy Glasson,6,7,0,0,7,Lost,None,None,-8.1400003,20.549999,0,1,0,0,0,0,1,0,2,2,1,2,2,2,1,2,1,2,1,2,2,4,1
Fred Hubbell,6,7,0,0,7,Advanced,None,On the Ballot,-8.1400003,55.41,1,1,0,0,0,1,0,0,2,2,0,2,2,2,0,2,0,2,0,2,2,0,5
John Norris,6,7,0,0,7,Lost,None,None,-8.1400003,11.44,0,1,0,0,0,0,0,1,2,2,0,2,2,2,0,2,0,2,0,2,2,1,4
Nate Boulton,6,7,0,0,7,Lost,None,None,-8.1400003,4.9699998,0,1,0,0,1,0,0,0,2,2,0,2,2,2,0,2,0,2,0,2,2,0,5
Ross Wilburn,6,7,0,0,7,Lost,None,None,-8.1400003,2.1700001,0,0,0,0,0,0,0,0,2,2,0,2,2,2,0,2,0,2,0,2,2,0,5
Abby Finkenauer,6,77,1,0,7,Advanced,None,On the Ballot,-1.73,66.800003,1,1,0,0,1,0,0,0,1,1,2,1,2,2,2,2,2,2,2,2,2,3,1
Courtney Rowe,6,77,1,0,7,Lost,None,None,-1.73,7.5900002,0,1,0,0,0,0,1,0,0,0,2,0,2,2,2,1,2,2,2,2,2,1,4
George Ramsey,6,77,1,0,7,Lost,None,None,-1.73,6.3699999000000025,0,0,1,0,0,0,0,0,0,0,2,0,2,2,2,2,2,2,2,2,2,0,4
Thomas Heckroth,6,77,1,0,7,Lost,None,None,-1.73,19.120001000000002,0,1,0,0,0,0,0,1,0,0,2,0,2,2,2,2,2,2,2,2,2,1,3
Cindy Axne,6,78,1,0,7,Advanced,None,On the Ballot,-4.1100001000000015,57.799999,1,1,0,0,0,0,0,0,1,1,2,2,2,0,0,2,2,2,2,2,2,2,3
Eddie Mauro,6,78,1,0,7,Lost,None,None,-4.1100001000000015,26.35,0,1,0,0,0,1,0,0,0,0,2,2,2,0,0,2,2,2,2,2,2,0,5
Pete D'Alessandro,6,78,1,0,7,Lost,None,None,-4.1100001000000015,15.58,0,1,0,0,0,0,0,0,0,0,2,2,2,1,1,2,2,2,2,2,2,2,3
J.D. Scholten,6,79,1,0,7,Advanced,None,On the Ballot,-25.110001,51.259997999999996,1,1,0,0,0,0,0,0,2,2,2,2,2,2,1,2,2,2,1,2,2,2,1
John Paschen,6,79,1,0,7,Lost,None,None,-25.110001,16.719998999999998,0,1,0,0,0,0,1,0,2,2,2,2,2,2,0,2,2,2,0,2,2,0,3
Leann Jacobsen,6,79,1,0,7,Lost,None,None,-25.110001,31.92,0,1,0,0,1,0,0,0,2,2,2,2,2,2,0,2,2,2,0,2,2,0,3
A.J. Balukoff,7,5,0,0,1,Lost,None,None,-34.330002,40.099998,0,1,0,0,0,1,0,0,2,2,2,2,2,2,0,2,2,0,2,2,2,0,3
Paulette E. Jordan,7,5,0,0,1,Advanced,None,On the Ballot,-34.330002,58.400002,1,0,0,0,1,0,0,0,2,2,2,2,2,2,1,2,2,1,2,2,2,2,1
Peter Dill,7,5,0,0,1,Lost,None,None,-34.330002,1.4,0,1,0,0,0,0,0,0,2,2,2,2,2,2,0,2,2,0,2,2,2,0,3
Christina McNeil,7,60,1,0,1,Advanced,None,On the Ballot,-39.43,69.699997,1,0,0,0,0,0,0,0,2,2,2,2,2,2,2,2,2,2,2,2,2,0,1
James Vandermaas,7,60,1,0,1,Lost,None,None,-39.43,15.8,0,1,0,0,0,0,0,0,2,2,2,2,2,2,2,2,2,2,2,2,2,0,1
Michael Smith,7,60,1,0,1,Lost,None,None,-39.43,14.5,0,1,1,0,0,0,0,0,2,2,2,2,2,2,2,2,2,2,2,2,2,0,1
Aaron Swisher,7,61,1,0,1,Advanced,None,On the Ballot,-28.809998999999998,67.599998,1,1,0,0,0,0,0,0,2,2,2,2,2,2,2,2,2,2,2,2,2,0,1
Peter Rickards,7,61,1,0,1,Lost,None,None,-28.809998999999998,32.400002,0,1,0,0,0,0,0,0,2,2,2,2,2,2,2,2,2,2,2,2,2,0,1
Bob Daiber,8,6,0,0,3,Lost,None,None,14.48,1.1,0,1,0,0,1,0,0,0,2,2,2,2,2,2,0,2,2,0,2,2,2,0,3
Chris Kennedy,8,6,0,0,3,Lost,None,None,14.48,24.4,0,1,0,0,0,1,0,0,2,2,2,2,2,2,0,2,2,0,2,2,2,0,3
Daniel K. Biss,8,6,0,0,3,Lost,None,None,14.48,26.700001,0,1,0,0,1,0,1,0,2,2,2,2,2,2,1,2,2,1,2,2,2,2,1
J.B. Pritzker,8,6,0,0,3,Advanced,None,On the Ballot,14.48,45.099998,1,1,0,0,0,1,0,0,2,2,2,2,2,2,0,2,2,0,2,2,2,0,3
Robert Marshall,8,6,0,0,3,Lost,None,None,14.48,1.1,0,1,1,0,0,0,1,0,2,2,2,2,2,2,0,2,2,0,2,2,2,0,3
Tio Hardiman,8,6,0,0,3,Lost,None,None,14.48,1.6,0,0,0,0,0,0,0,0,2,2,2,2,2,2,0,2,2,0,2,2,2,0,3
Brendan Kelly,8,62,1,0,3,Advanced,None,On the Ballot,-13.26,81.0,1,1,1,0,0,0,0,0,1,2,2,1,2,2,2,2,2,2,2,1,2,3,1
David Bequette,8,62,1,0,3,Lost,None,None,-13.26,19.0,0,1,1,0,0,0,0,0,0,2,2,0,2,2,2,2,2,2,2,0,2,0,4
Angel Sides,8,63,1,0,3,Lost,None,None,-6.73,4.1999998,0,1,0,0,0,0,0,0,0,0,2,2,2,2,2,0,2,2,2,2,2,0,4
Betsy Londrigan,8,63,1,0,3,Advanced,None,On the Ballot,-6.73,45.700001,1,1,0,0,0,0,0,0,1,1,2,2,2,2,2,0,2,2,2,2,2,2,2
David Gill,8,63,1,0,3,Lost,None,None,-6.73,14.4,0,1,0,0,0,0,1,0,0,0,2,2,2,2,2,1,2,2,2,2,2,1,3
Erik Jones,8,63,1,0,3,Lost,None,None,-6.73,22.4,0,1,0,0,0,0,0,0,0,0,2,2,2,2,2,0,2,2,2,2,2,0,4
Jonathan Ebel,8,63,1,0,3,Lost,None,None,-6.73,13.3,0,1,1,0,0,0,0,0,0,0,2,2,2,2,2,0,2,2,2,2,2,0,4
Daniel Roldan-Johnson,8,64,1,0,3,Lost,None,None,-7.96,2.3,0,1,0,1,0,0,0,0,0,0,0,2,0,2,0,2,2,2,2,2,2,0,6
George Weber,8,64,1,0,3,Lost,None,None,-7.96,5.0,0,1,0,0,0,0,1,0,0,0,0,2,0,2,0,2,2,2,2,2,2,0,6
Jim Walz,8,64,1,0,3,Lost,None,None,-7.96,10.0,0,1,0,0,0,0,0,0,0,0,0,2,0,2,1,2,2,2,2,2,2,1,5
John Hosta,8,64,1,0,3,Lost,None,None,-7.96,5.0,0,1,0,0,0,0,0,0,0,0,0,2,0,2,0,2,2,2,2,2,2,0,6
Lauren Underwood,8,64,1,0,3,Advanced,None,On the Ballot,-7.96,57.299999,1,0,0,0,0,0,1,1,1,1,1,2,1,2,0,2,2,2,2,2,2,5,1
Matt Brolley,8,64,1,0,3,Lost,None,None,-7.96,13.4,0,1,0,0,1,0,1,0,0,0,0,2,0,2,0,2,2,2,2,2,2,0,6
Victor Swanson,8,64,1,0,3,Lost,None,None,-7.96,7.0,0,1,1,0,0,0,0,0,0,0,0,2,0,2,0,2,2,2,2,2,2,0,6
Carl Spoerer,8,65,1,0,3,Lost,None,None,-44.630001,37.900002,0,1,0,0,0,0,1,0,2,2,2,2,2,2,2,2,2,2,2,2,2,0,1
Kevin Gaither,8,65,1,0,3,Advanced,None,On the Ballot,-44.630001,62.099998,1,1,0,0,0,0,0,0,2,2,2,2,2,2,2,2,2,2,2,2,2,0,1
Amy Murri Briel,8,66,1,0,3,Lost,None,None,-17.360001,19.5,0,1,0,0,0,0,0,0,2,2,2,2,2,2,1,2,2,2,2,2,2,1,1
Beth Vercolio-Osmund,8,66,1,0,3,Lost,None,None,-17.360001,13.0,0,1,0,0,0,0,0,0,2,2,2,2,2,2,0,2,2,2,2,2,2,0,2
Neill Mohammad,8,66,1,0,3,Lost,None,None,-17.360001,27.200001,0,0,0,0,0,0,0,0,2,2,2,2,2,2,0,2,2,2,2,2,2,0,2
Sara Dady,8,66,1,0,3,Advanced,None,On the Ballot,-17.360001,40.299999,1,1,0,0,0,0,0,0,2,2,2,2,2,2,0,2,2,2,2,2,2,0,2
Brian Deters,8,67,1,0,3,Lost,None,None,-28.83,39.5,0,1,0,0,0,0,0,0,2,2,2,2,2,2,2,2,2,2,2,2,2,0,1
Darrel Miller,8,67,1,0,3,Lost,None,None,-28.83,18.799999,0,1,0,0,0,0,0,0,2,2,2,2,2,2,2,2,2,2,2,2,2,0,1
Junius Rodriguez,8,67,1,0,3,Advanced,None,On the Ballot,-28.83,41.700001,1,1,0,0,0,0,0,0,2,2,2,2,2,2,2,2,2,2,2,2,2,0,1
Jesus Garcia,8,68,1,0,3,Advanced,None,On the Ballot,65.089996,66.199997,1,0,0,0,1,0,0,0,2,0,2,2,2,1,1,2,2,2,2,2,2,2,2
Richard Gonzalez,8,68,1,0,3,Lost,None,None,65.089996,11.9,0,0,0,0,0,0,0,0,2,0,2,2,2,0,0,2,2,2,2,2,2,0,4
Sol Flores,8,68,1,0,3,Lost,None,None,65.089996,21.9,0,0,0,0,0,0,0,0,2,1,2,2,2,0,0,2,2,2,2,2,2,1,3
Amanda Howland,8,69,1,0,3,Lost,None,None,0.67000002,12.7,0,1,0,0,0,0,0,0,0,0,0,2,2,2,2,2,2,2,2,2,2,0,4
Becky Anderson Wilkins,8,69,1,0,3,Lost,None,None,0.67000002,6.0,0,1,0,0,0,0,0,0,0,0,0,2,2,2,2,2,2,2,2,2,2,0,4
Carole Cheney,8,69,1,0,3,Lost,None,None,0.67000002,17.4,0,1,0,0,0,0,0,0,0,0,0,2,2,2,2,2,2,2,2,2,2,0,4
Jennifer Zordani,8,69,1,0,3,Lost,None,None,0.67000002,4.099999899999999,0,1,0,0,0,0,0,0,0,0,0,2,2,2,2,2,2,2,2,2,2,0,4
Kelly Mazeski,8,69,1,0,3,Lost,None,None,0.67000002,26.799999,0,1,0,0,0,0,1,0,0,1,0,2,2,2,2,2,2,2,2,2,2,1,3
Ryan Huffman,8,69,1,0,3,Lost,None,None,0.67000002,3.5,0,1,0,0,0,0,1,0,0,0,0,2,2,2,2,2,2,2,2,2,2,0,4
Sean Casten,8,69,1,0,3,Advanced,None,On the Ballot,0.67000002,29.5,1,1,0,0,0,1,1,0,1,0,1,2,2,2,2,2,2,2,2,2,2,2,2
Douglas Carpenter,9,70,1,0,10,Lost,None,None,-23.43,5.3000002,0,1,0,0,0,0,1,0,2,2,0,2,2,2,2,2,2,2,2,2,2,0,2
John Petroff,9,70,1,0,10,Lost,None,None,-23.43,1.5,0,1,0,0,0,0,0,0,2,2,0,2,2,2,2,2,2,2,2,2,2,0,2
Mel Hall,9,70,1,0,10,Advanced,None,On the Ballot,-23.43,41.700001,1,1,0,0,0,1,1,0,2,2,0,2,2,2,2,2,2,2,2,2,2,0,2
Pat Hackett,9,70,1,0,10,Lost,None,None,-23.43,28.200001,0,1,0,1,0,0,0,0,2,2,0,2,2,2,2,2,2,2,2,2,2,0,2
Roland Leech,9,70,1,0,10,Lost,None,None,-23.43,1.2,0,1,1,0,0,0,0,0,2,2,0,2,2,2,2,2,2,2,2,2,2,0,2
Yatish Joshi,9,70,1,0,10,Lost,None,None,-23.43,22.1,0,0,0,0,0,1,1,0,2,2,1,2,2,2,2,2,2,2,2,2,2,1,1
Courtney Tritch,9,71,1,0,10,Advanced,None,On the Ballot,-35.48,79.099998,1,1,0,0,0,0,0,0,2,2,2,2,2,2,2,2,2,2,2,2,2,0,1
John Roberson,9,71,1,0,10,Lost,None,None,-35.48,10.2,0,0,1,0,0,0,0,0,2,2,2,2,2,2,2,2,2,2,2,2,2,0,1
Tommy Schrader,9,71,1,0,10,Lost,None,None,-35.48,10.7,0,1,0,0,0,0,0,0,2,2,2,2,2,2,2,2,2,2,2,2,2,0,1
Darin Patrick Griesey,9,72,1,0,10,Lost,None,None,-34.110001000000004,6.6999998,0,1,0,0,0,0,0,0,2,2,2,2,2,2,2,2,2,2,2,2,2,0,1
Joe Mackey,9,72,1,0,10,Lost,None,None,-34.110001000000004,16.1,0,1,0,0,0,0,0,0,2,2,2,2,2,2,2,2,2,2,2,2,2,0,1
Roger Day,9,72,1,0,10,Lost,None,None,-34.110001000000004,12.4,0,1,0,0,0,0,0,0,2,2,2,2,2,2,2,2,2,2,2,2,2,0,1
Roland Ellis,9,72,1,0,10,Lost,None,None,-34.110001000000004,9.1999998,0,1,2,2,2,0,2,0,2,2,2,2,2,2,2,2,2,2,2,2,2,0,1
Tobi Beck,9,72,1,0,10,Advanced,None,On the Ballot,-34.110001000000004,34.599998,1,1,1,0,0,0,0,0,2,2,2,2,2,2,2,2,2,2,2,2,2,0,1
Veronikka Ziol,9,72,1,0,10,Lost,None,None,-34.110001000000004,21.1,0,1,0,1,0,0,0,0,2,2,2,2,2,2,2,2,2,2,2,2,2,0,1
Dee Thornton,9,73,1,0,10,Advanced,None,On the Ballot,-15.58,53.0,1,0,0,0,0,0,0,0,2,2,2,2,2,2,2,2,2,2,2,2,2,0,1
Dion Douglas,9,73,1,0,10,Lost,None,None,-15.58,10.3,0,1,0,0,0,0,0,0,2,2,2,2,2,2,2,2,2,2,2,2,2,0,1
Eshel Faraggi,9,73,1,0,10,Lost,None,None,-15.58,7.599999900000001,0,0,0,0,0,0,1,0,2,2,2,2,2,2,2,2,2,2,2,2,2,0,1
Kyle Brenden Moore,9,73,1,0,10,Lost,None,None,-15.58,23.700001,0,0,0,0,0,0,1,0,2,2,2,2,2,2,2,2,2,2,2,2,2,0,1
Sean Dugdale,9,73,1,0,10,Lost,None,None,-15.58,5.5,0,1,0,0,0,0,0,0,2,2,2,2,2,2,2,2,2,2,2,2,2,0,1
George Thomas Holland,9,74,1,0,10,Lost,None,None,-38.529999,11.1,0,1,1,0,0,0,1,0,2,2,2,2,2,2,2,2,2,2,2,2,2,0,1
Jeannine Lee Lake,9,74,1,0,10,Advanced,None,On the Ballot,-38.529999,38.299999,1,0,0,0,0,0,0,0,2,2,2,2,2,2,2,2,2,2,2,2,2,0,1
Jim Pruett,9,74,1,0,10,Lost,None,None,-38.529999,25.799999,0,1,0,0,0,0,0,0,2,2,2,2,2,2,2,2,2,2,2,2,2,0,1
Joshua Williamson,9,74,1,0,10,Lost,None,None,-38.529999,7.3000002,0,1,0,0,0,0,1,0,2,2,2,2,2,2,2,2,2,2,2,2,2,0,1
K. Lave,9,74,1,0,10,Lost,None,None,-38.529999,1.9,0,1,0,0,0,0,0,0,2,2,2,2,2,2,2,2,2,2,2,2,2,0,1
Lane Siekman,9,74,1,0,10,Lost,None,None,-38.529999,15.6,0,1,0,0,0,0,0,0,2,2,2,2,2,2,2,2,2,2,2,2,2,0,1
William Tanoos,9,75,1,0,10,Advanced,None,On the Ballot,-32.509997999999996,100.0,1,1,0,0,0,0,0,0,2,2,2,2,2,2,2,2,2,2,2,2,2,0,1
Daniel Canon,9,76,1,0,10,Lost,None,None,-26.83,30.700001,0,1,0,0,0,0,0,0,2,0,2,2,0,2,2,1,0,2,0,2,2,1,5
Liz Watson,9,76,1,0,10,Advanced,None,On the Ballot,-26.83,66.400002,1,1,0,0,0,0,0,0,2,1,2,2,1,2,2,0,1,2,1,2,2,4,2
Rob Chatlos,9,76,1,0,10,Lost,None,None,-26.83,2.9000001,0,1,0,0,0,0,0,0,2,0,2,2,0,2,2,0,0,2,0,2,2,0,6
Arden Andersen,10,8,0,0,9,Lost,None,None,-23.41,7.900000099999999,0,1,1,0,0,0,1,0,2,0,0,2,2,2,2,2,2,2,2,2,2,0,3
Carl Brewer,10,8,0,0,9,Lost,None,None,-23.41,20.6,0,0,1,0,1,0,0,0,2,0,0,2,2,2,2,2,2,2,2,2,2,0,3
Jack Bergeson,10,8,0,0,9,Lost,None,None,-23.41,2.5999999,0,1,0,0,0,0,0,0,2,0,0,2,2,2,2,2,2,2,2,2,2,0,3
Joshua Svaty,10,8,0,0,9,Lost,None,None,-23.41,17.799999,0,1,0,0,0,0,0,0,2,0,1,2,2,2,2,2,2,2,2,2,2,1,2
Laura Kelly,10,8,0,0,9,Advanced,None,On the Ballot,-23.41,51.400002,1,1,0,0,1,0,0,0,2,1,0,2,2,2,2,2,2,2,2,2,2,1,2
Alan LaPolice,10,80,1,0,9,Advanced,None,On the Ballot,-46.91,100.0,1,1,1,0,0,0,0,0,2,2,2,2,2,2,2,2,2,2,2,2,2,0,1
Paul Davis,10,81,1,0,9,Advanced,None,On the Ballot,-19.73,100.0,1,1,0,0,1,0,0,0,2,2,2,2,2,2,2,2,2,2,2,2,2,0,1
Brent Welder,10,82,1,0,9,Lost,None,None,-4.0100002,33.900002,0,1,0,0,0,0,0,1,2,0,1,2,2,1,1,1,1,0,2,2,2,6,2
Jay Sidie,10,82,1,0,9,Lost,None,None,-4.0100002,2.9000001,0,1,0,0,0,0,0,0,2,0,0,2,2,0,0,0,0,0,2,2,2,0,8
Mike McCamon,10,82,1,0,9,Lost,None,None,-4.0100002,6.900000099999999,0,1,0,0,0,0,1,0,2,0,0,2,2,0,0,0,0,0,2,2,2,0,8
Sharice Davids,10,82,1,0,9,Advanced,None,On the Ballot,-4.0100002,37.299999,1,0,0,1,0,0,0,0,2,1,0,2,2,0,0,0,0,1,2,2,2,2,6
Sylvia Williams,10,82,1,0,9,Lost,None,None,-4.0100002,4.6999998,0,1,0,0,0,0,0,0,2,0,0,2,2,0,0,0,0,0,2,2,2,0,8
Tom Niermann,10,82,1,0,9,Lost,None,None,-4.0100002,14.3,0,1,0,0,0,0,0,0,2,0,0,2,2,0,0,0,0,1,2,2,2,1,7
James Thompson,10,83,1,0,9,Advanced,None,On the Ballot,-29.309998999999998,65.300003,1,1,1,0,0,0,0,0,2,2,1,2,2,1,1,1,2,2,2,2,2,4,1
Laura Lombard,10,83,1,0,9,Lost,None,None,-29.309998999999998,34.700001,0,1,0,0,0,0,0,0,2,2,1,2,2,0,0,0,2,2,2,2,2,1,4
Alonzo Pennington,11,84,1,0,4,Lost,None,None,-47.48,25.4,0,1,0,0,0,0,0,0,2,2,2,2,2,2,0,2,2,0,2,2,2,0,3
Paul Walker,11,84,1,0,4,Advanced,None,On the Ballot,-47.48,74.599998,1,1,0,0,0,0,0,0,2,2,2,2,2,2,1,2,2,1,2,2,2,2,1
Brian Pedigo,11,85,1,0,4,Lost,None,None,-39.509997999999996,28.68,0,1,0,0,0,0,0,0,2,2,2,2,2,2,0,2,2,2,2,2,2,0,2
Grant Short,11,85,1,0,4,Lost,None,None,-39.509997999999996,19.59,0,1,0,0,0,0,0,0,2,2,2,2,2,2,1,2,2,2,2,2,2,1,1
Hank Linderman,11,85,1,0,4,Advanced,None,On the Ballot,-39.509997999999996,30.02,1,1,0,0,0,0,0,0,2,2,2,2,2,2,0,2,2,2,2,2,2,0,2
Rane Eir Olivia Sessions,11,85,1,0,4,Lost,None,None,-39.509997999999996,21.719998999999998,0,1,1,0,0,0,0,0,2,2,2,2,2,2,0,2,2,2,2,2,2,0,2
Christina Lord,11,86,1,0,4,Lost,None,None,-36.610001000000004,21.709999,0,1,0,0,0,0,0,0,2,2,0,2,2,2,2,2,2,2,2,2,2,0,2
Patti Piatt,11,86,1,0,4,Lost,None,None,-36.610001000000004,37.529999,0,1,0,0,0,0,0,0,2,2,1,2,2,2,2,2,2,2,2,2,2,1,1
Seth Hall,11,86,1,0,4,Advanced,None,On the Ballot,-36.610001000000004,40.77,1,1,0,0,0,0,0,0,2,2,0,2,2,2,2,2,2,2,2,2,2,0,2
Kenneth Stepp,11,87,1,0,4,Advanced,None,On the Ballot,-62.060001,58.689999,1,1,1,0,0,0,0,0,2,2,2,2,2,2,2,2,2,2,2,2,2,0,1
Scott Sykes,11,87,1,0,4,Lost,None,None,-62.060001,41.310001,0,1,0,0,1,0,0,0,2,2,2,2,2,2,2,2,2,2,2,2,2,0,1
Amy McGrath,11,88,1,0,4,Advanced,None,On the Ballot,-17.41,48.66,1,1,1,0,0,0,0,0,2,2,2,2,2,2,2,2,2,2,2,1,2,1,1
Daniel Kemph,11,88,1,0,4,Lost,None,None,-17.41,1.23,0,1,0,0,0,0,0,0,2,2,2,2,2,2,2,2,2,2,2,0,2,0,2
Geoff Young,11,88,1,0,4,Lost,None,None,-17.41,1.5700001000000001,0,1,0,0,0,0,0,0,2,2,2,2,2,2,2,2,2,2,2,2,2,0,1
Jim Gray,11,88,1,0,4,Lost,None,None,-17.41,40.509997999999996,0,1,0,1,1,0,0,0,2,2,2,2,2,2,2,2,2,2,2,2,2,0,1
Reggie Thomas,11,88,1,0,4,Lost,None,None,-17.41,7.1999998,0,0,0,0,1,0,0,0,2,2,2,2,2,2,2,2,2,2,2,0,2,0,2
Theodore Green,11,88,1,0,4,Lost,None,None,-17.41,0.82999998,0,1,0,0,0,0,0,0,2,2,2,2,2,2,2,2,2,2,2,0,2,0,2
Alec Ross,12,10,0,0,5,Lost,None,None,23.799999,2.3,0,1,0,0,0,0,1,1,2,0,1,2,2,0,0,0,2,2,0,2,2,2,5
Ben Jealous,12,10,0,0,5,Advanced,None,On the Ballot,23.799999,39.599998,1,0,0,0,0,0,0,0,2,0,1,2,2,1,1,1,2,2,1,2,2,5,2
James Jones,12,10,0,0,5,Lost,None,None,23.799999,1.5,0,0,0,0,0,0,0,0,2,0,0,2,2,0,0,0,2,2,0,2,2,0,7
Jim Shea (Maryland),12,10,0,0,5,Lost,None,None,23.799999,8.300000200000001,0,1,0,0,0,1,0,0,2,0,1,2,2,0,0,0,2,2,0,2,2,1,6
Krishanti Vignarajah,12,10,0,0,5,Lost,None,None,23.799999,8.199999799999999,0,0,0,0,0,0,0,1,2,0,1,2,2,0,0,0,2,2,0,2,2,2,5
Ralph Jaffe,12,10,0,0,5,Lost,None,None,23.799999,1.6,0,1,0,0,0,0,0,0,2,0,0,2,2,0,0,0,2,2,0,2,2,0,7
Richard Madaleno,12,10,0,0,5,Lost,None,None,23.799999,5.8000002,0,1,0,1,1,0,0,0,2,0,1,2,2,0,0,0,2,2,0,2,2,1,6
Rushern Baker III,12,10,0,0,5,Lost,None,None,23.799999,29.4,0,0,0,0,1,0,0,0,2,0,1,2,2,0,0,0,2,2,0,2,2,1,6
Allison Galbraith,12,90,1,0,5,Lost,None,None,-29.66,28.0,0,1,0,0,0,0,0,0,2,2,1,2,2,2,0,2,2,2,2,0,2,1,3
Erik Lane,12,90,1,0,5,Lost,None,None,-29.66,2.2,0,1,0,0,0,0,1,0,2,2,0,2,2,2,0,2,2,2,2,0,2,0,4
Jesse Colvin,12,90,1,0,5,Advanced,None,On the Ballot,-29.66,38.0,1,1,1,0,0,0,0,0,2,2,1,2,2,2,0,2,2,2,2,1,2,2,2
Michael Brown,12,90,1,0,5,Lost,None,None,-29.66,15.0,0,2,2,2,2,0,2,2,2,2,0,2,2,2,0,2,2,2,2,0,2,0,3
Michael Pullen,12,90,1,0,5,Lost,None,None,-29.66,12.9,0,1,0,0,0,0,0,0,2,2,1,2,2,2,1,2,2,2,2,0,2,2,2
Steve Worton,12,90,1,0,5,Lost,None,None,-29.66,3.9000001,0,1,0,0,0,0,0,0,2,2,0,2,2,2,0,2,2,2,2,0,2,0,4
Andrew Duck,12,91,1,0,5,Lost,None,None,11.89,4.9000001,0,1,1,0,0,0,0,0,2,0,1,2,2,2,0,0,2,2,0,2,2,1,5
Aruna Miller,12,91,1,0,5,Lost,None,None,11.89,30.700001,0,0,0,0,1,0,1,0,2,1,1,2,2,2,0,0,2,2,0,2,2,2,4
Chris Graves,12,91,1,0,5,Lost,None,None,11.89,1.6,0,1,0,0,0,0,0,0,2,0,0,2,2,2,0,0,2,2,0,2,2,0,6
Christopher Hearsey,12,91,1,0,5,Lost,None,None,11.89,0.89999998,0,1,0,0,0,0,1,0,2,0,1,2,2,2,0,0,2,2,0,2,2,1,5
David Trone,12,91,1,0,5,Advanced,None,On the Ballot,11.89,40.299999,1,1,0,0,0,1,0,0,2,0,1,2,2,2,0,0,2,2,0,2,2,1,5
George English,12,91,1,0,5,Lost,None,None,11.89,1.1,0,1,0,0,0,0,0,0,2,0,0,2,2,2,0,0,2,2,0,2,2,0,6
Nadia Hashimi,12,91,1,0,5,Lost,None,None,11.89,10.4,0,0,0,0,0,0,1,0,2,0,1,2,2,2,0,0,2,2,0,2,2,1,5
Roger Manno,12,91,1,0,5,Lost,None,None,11.89,10.3,0,1,0,0,1,0,0,0,2,0,1,2,2,2,1,1,2,2,1,2,2,4,2
Adam Cote,13,9,0,0,0,Lost,None,None,3.51,28.129998999999998,0,1,1,0,0,0,0,0,2,0,1,2,2,2,2,2,2,2,0,2,2,1,3
Betsy Sweet,13,9,0,0,0,Lost,None,None,3.51,16.459999,0,1,0,1,0,0,0,0,2,0,1,2,2,2,2,2,2,2,1,2,2,2,2
Diane Russell,13,9,0,0,0,Lost,None,None,3.51,2.1600001,0,1,0,0,1,0,0,0,2,0,1,2,2,2,2,2,2,2,1,2,2,2,2
Donna Dion,13,9,0,0,0,Lost,None,None,3.51,1.27,0,1,0,0,0,0,0,0,2,0,1,2,2,2,2,2,2,2,0,2,2,1,3
Janet T. Mills,13,9,0,0,0,Advanced,None,On the Ballot,3.51,33.09,1,1,0,0,1,0,0,0,2,1,0,2,2,2,2,2,2,2,0,2,2,1,3
Mark Dion,13,9,0,0,0,Lost,None,None,3.51,4.1199999,0,1,0,0,1,0,0,0,2,0,1,2,2,2,2,2,2,2,0,2,2,1,3
Mark Eves,13,9,0,0,0,Lost,None,None,3.51,14.18,0,1,0,0,1,0,0,0,2,0,1,2,2,2,2,2,2,2,1,2,2,2,2
Craig Olson,13,89,1,0,0,Lost,None,None,-8.130000099999998,8.8299999,0,2,0,0,0,0,0,0,2,2,1,2,2,2,2,2,2,2,2,0,2,1,2
Jared Golden,13,89,1,0,0,Advanced,None,On the Ballot,-8.130000099999998,46.419998,1,2,1,0,1,0,0,0,2,2,0,2,2,2,2,2,2,2,2,1,2,1,2
Lucas St. Clair,13,89,1,0,0,Lost,None,None,-8.130000099999998,39.240002000000004,0,2,0,0,0,0,0,0,2,2,1,2,2,2,2,2,2,2,2,0,2,1,2
Zak Ringelstein,13,231,2,0,0,Advanced,None,On the Ballot,3.51,100.0,1,2,0,0,0,0,0,0,2,2,1,2,2,2,2,2,2,2,2,2,2,1,1
Abdul El-Sayed,14,11,0,0,9,Lost,None,None,-0.33000001,30.5,0,0,0,0,0,0,1,0,2,0,1,2,2,1,1,1,1,2,2,2,2,5,2
Gretchen Whitmer,14,11,0,0,9,Advanced,None,On the Ballot,-0.33000001,51.799999,1,1,0,0,1,0,0,0,2,1,1,2,2,0,0,0,0,2,2,2,2,2,5
Shri Thanedar,14,11,0,0,9,Lost,None,None,-0.33000001,17.700001,0,0,0,0,0,1,1,0,2,0,1,2,2,0,0,0,0,2,2,2,2,1,6
Frank Accavitti Jr.,14,92,1,0,9,Lost,None,None,-29.58,32.0,0,1,0,0,1,0,0,0,2,2,2,2,2,2,2,2,2,2,2,2,2,0,1
Kimberly Bizon,14,92,1,0,9,Advanced,None,On the Ballot,-29.58,41.099998,1,1,0,0,0,0,0,0,2,2,2,2,2,2,2,2,2,2,2,2,2,0,1
Michael McCarthy (Michigan),14,92,1,0,9,Lost,None,None,-29.58,26.9,0,2,2,2,2,0,2,0,2,2,2,2,2,2,2,2,2,2,2,2,2,0,1
Fayrouz Saad,14,93,1,0,9,Lost,None,None,-7.179999799999999,19.5,0,0,0,0,0,0,0,1,2,2,2,2,2,2,2,1,2,2,2,2,2,2,0
Haley Stevens,14,93,1,0,9,Advanced,None,On the Ballot,-7.179999799999999,27.0,1,1,0,0,0,0,0,1,2,2,2,2,2,2,2,0,2,2,2,2,2,1,1
Nancy Skinner,14,93,1,0,9,Lost,None,None,-7.179999799999999,10.4,0,1,0,0,0,0,0,0,2,2,2,2,2,2,2,0,2,2,2,2,2,0,2
Suneel Gupta,14,93,1,0,9,Lost,None,None,-7.179999799999999,21.299999,0,0,0,0,0,0,1,0,2,2,2,2,2,2,2,0,2,2,2,2,2,0,2
Tim Greimel,14,93,1,0,9,Lost,None,None,-7.179999799999999,21.799999,0,1,0,0,1,0,0,0,2,2,2,2,2,2,2,0,2,2,2,2,2,0,2
Bill Wild,14,94,1,0,9,Lost,None,None,60.720001,14.0,0,1,0,0,1,0,0,0,2,2,2,2,2,2,0,0,0,2,2,2,2,0,4
Bill Wild,14,94,1,1,9,Lost,None,None,60.720001,15.2,0,1,0,0,1,0,0,0,2,2,2,2,2,2,0,0,0,2,2,2,2,0,4
Brenda Jones,14,94,1,1,9,Advanced,None,On the Ballot,60.720001,37.700001,1,0,0,0,1,0,0,0,2,2,2,2,2,2,0,0,0,2,2,2,2,0,4
Brenda Jones,14,94,1,0,9,Lost,None,None,60.720001,29.200001,0,0,0,0,1,0,0,0,2,2,2,2,2,2,0,0,0,2,2,2,2,0,4
Coleman Young II,14,94,1,0,9,Lost,None,None,60.720001,12.0,0,0,0,0,1,0,0,0,2,2,2,2,2,2,0,0,0,2,2,2,2,0,4
Ian Conyers,14,94,1,0,9,Lost,None,None,60.720001,6.3000002,0,0,0,0,1,0,0,0,2,2,2,2,2,2,0,0,0,2,2,2,2,0,4
Ian Conyers,14,94,1,1,9,Lost,None,None,60.720001,11.2,0,0,0,0,1,0,0,0,2,2,2,2,2,2,0,0,0,2,2,2,2,0,4
Rashida Tlaib,14,94,1,0,9,Advanced,None,On the Ballot,60.720001,33.200001,1,0,0,0,1,0,0,1,2,2,2,2,2,2,1,1,1,2,2,2,0,4,1
Rashida Tlaib,14,94,1,1,9,Lost,None,None,60.720001,35.900002,0,0,0,0,1,0,0,1,2,2,2,2,2,2,1,1,1,2,2,2,0,4,1
Shanelle Jackson,14,94,1,0,9,Lost,None,None,60.720001,5.3000002,0,0,0,0,1,0,0,0,2,2,2,2,2,2,0,0,0,2,2,2,2,0,4
Rob Davidson,14,95,1,0,9,Advanced,None,On the Ballot,-18.959999,100.0,1,1,0,0,0,0,1,0,2,2,1,2,2,2,1,1,2,1,2,2,2,4,1
Cathy Albro,14,96,1,0,9,Advanced,None,On the Ballot,-11.41,68.199997,1,1,0,0,0,0,0,0,2,2,1,2,2,2,2,2,2,2,2,2,2,1,1
Fred Wooden,14,96,1,0,9,Lost,None,None,-11.41,31.799999,0,1,0,0,0,0,0,0,2,2,2,2,2,2,2,2,2,2,2,2,2,0,1
Jerry Hilliard,14,97,1,0,9,Advanced,None,On the Ballot,-23.129998999999998,66.400002,1,1,0,0,0,0,0,0,2,2,2,2,2,2,2,2,2,2,2,2,2,0,1
Zigmond Kozicki,14,97,1,0,9,Lost,None,None,-23.129998999999998,33.599998,0,1,0,0,0,0,0,0,2,2,2,2,2,2,2,2,2,2,2,2,2,0,1
David Benac,14,98,1,0,9,Lost,None,None,-9.180000300000001,21.700001,0,1,0,0,0,0,0,0,2,2,1,2,2,2,1,1,2,2,2,2,2,3,1
George Franklin,14,98,1,0,9,Lost,None,None,-9.180000300000001,28.1,0,1,0,0,0,0,0,0,2,2,1,2,2,2,0,0,2,2,2,2,2,1,3
Matt Longjohn,14,98,1,0,9,Advanced,None,On the Ballot,-9.180000300000001,37.299999,1,1,0,0,0,0,1,0,2,2,1,2,2,2,0,0,2,2,2,2,2,1,3
Rich Eichholz,14,98,1,0,9,Lost,None,None,-9.180000300000001,13.0,0,1,0,0,0,0,1,0,2,2,1,2,2,2,0,0,2,2,2,2,2,1,3
Gretchen Driskell,14,99,1,0,9,Advanced,None,On the Ballot,-16.059998999999998,85.199997,1,1,0,0,1,0,0,0,1,1,2,2,2,2,0,2,2,2,2,2,2,2,2
Steven Friday,14,99,1,0,9,Lost,None,None,-16.059998999999998,14.8,0,1,1,0,0,0,0,0,0,0,2,2,2,2,1,2,2,2,2,2,2,1,3
Chris Smith,14,100,1,0,9,Lost,None,None,-8.3299999,29.1,0,1,0,0,0,0,0,0,2,0,2,0,2,2,2,2,2,2,2,2,2,0,3
Elissa Slotkin,14,100,1,0,9,Advanced,None,On the Ballot,-8.3299999,70.900002,1,1,0,0,0,0,0,1,2,1,2,1,2,2,2,2,2,2,2,2,2,3,0
Andy Levin,14,101,1,0,9,Advanced,None,On the Ballot,7.139999900000001,52.5,1,1,0,0,0,0,0,0,2,0,1,2,2,2,2,2,2,2,2,2,2,1,2
Ellen Lipton,14,101,1,0,9,Lost,None,None,7.139999900000001,42.400002,0,1,0,0,1,0,1,0,2,1,1,2,2,2,2,2,2,2,2,2,2,2,1
Martin Brook,14,101,1,0,9,Lost,None,None,7.139999900000001,5.0999999,0,1,0,0,0,0,0,0,2,0,1,2,2,2,2,2,2,2,2,2,2,1,2
Bill Haas,15,105,1,0,9,Lost,None,None,-14.18,19.5,0,1,0,0,1,0,0,0,2,2,2,2,2,2,2,2,2,2,2,0,2,0,2
Cort VanOstran,15,105,1,0,9,Advanced,None,On the Ballot,-14.18,41.700001,1,1,0,0,0,0,0,0,2,2,1,2,2,2,2,2,2,2,2,0,2,1,2
John Messmer,15,105,1,0,9,Lost,None,None,-14.18,9.6999998,0,1,0,0,0,0,0,0,2,2,1,2,2,2,2,2,2,2,2,0,2,1,2
Mark Osmack,15,105,1,0,9,Lost,None,None,-14.18,25.200001,0,1,1,0,0,0,0,0,2,2,1,2,2,2,2,2,2,2,2,1,2,2,1
Robert Hazel,15,105,1,0,9,Lost,None,None,-14.18,4.0,0,1,0,0,0,0,0,0,2,2,2,2,2,2,2,2,2,2,2,0,2,0,2
Katy Geppert,15,106,1,0,9,Advanced,None,On the Ballot,-38.259997999999996,100.0,1,1,0,0,0,0,1,0,2,2,1,2,2,2,2,2,2,2,2,2,2,1,1
Hallie Thompson,15,107,1,0,9,Lost,None,None,-35.73,48.099998,0,1,0,0,0,0,1,0,2,2,1,2,2,2,2,2,2,2,2,2,2,1,1
Renee Hoagenson,15,107,1,0,9,Advanced,None,On the Ballot,-35.73,51.900002,1,1,0,0,0,0,0,0,2,2,2,2,2,2,2,2,2,2,2,2,2,0,1
Ed Andres,15,108,1,0,9,Lost,None,None,-31.610001,27.700001,0,2,2,2,2,0,2,0,2,2,2,2,2,2,0,2,2,2,2,2,2,0,2
Henry Martin,15,108,1,0,9,Advanced,None,On the Ballot,-31.610001,41.5,1,0,1,0,0,0,0,0,2,2,2,2,2,2,0,2,2,2,2,2,2,0,2
Winston Apple,15,108,1,0,9,Lost,None,None,-31.610001,30.799999,0,1,0,0,0,0,0,0,2,2,2,2,2,2,1,2,2,2,2,2,2,1,1
Jamie Schoolcraft,15,109,1,0,9,Advanced,None,On the Ballot,-46.130001,40.599998,1,1,1,0,1,0,1,0,2,2,1,2,2,2,2,1,2,2,2,2,2,2,1
John Farmer de la Torre,15,109,1,0,9,Lost,None,None,-46.130001,21.700001,0,0,0,0,0,0,0,0,2,2,0,2,2,2,2,0,2,2,2,2,2,0,3
Kenneth Hatfield,15,109,1,0,9,Lost,None,None,-46.130001,22.299999,0,2,2,2,2,0,2,0,2,2,0,2,2,2,2,0,2,2,2,2,2,0,3
Vincent Jennings,15,109,1,0,9,Lost,None,None,-46.130001,15.4,0,2,2,2,2,0,2,0,2,2,1,2,2,2,2,0,2,2,2,2,2,1,2
Kathy Ellis,15,110,1,0,9,Advanced,None,On the Ballot,-51.810001,100.0,1,1,0,0,0,0,0,0,2,2,2,2,2,2,2,2,2,2,2,2,2,0,1
Randy Wadkins,16,102,1,0,7,Advanced,None,On the Ballot,-33.509997999999996,100.0,1,2,0,0,0,0,1,0,2,2,2,2,2,2,2,2,2,2,2,2,2,0,1
Michael Aycox,16,103,1,0,7,Lost,None,None,-26.129998999999998,30.66,0,2,1,1,0,0,0,0,2,2,2,2,2,2,2,2,2,2,2,2,2,0,1
Michael Evans,16,103,1,0,7,Advanced,None,On the Ballot,-26.129998999999998,69.339996,1,2,0,0,1,0,0,0,2,2,2,2,2,2,2,2,2,2,2,2,2,0,1
Jeramey Anderson,16,104,1,0,7,Advanced,None,On the Ballot,-42.529999,100.0,1,0,0,0,1,0,0,0,2,2,2,2,2,2,2,2,2,1,2,2,2,1,1
David Baria,16,232,2,0,7,Advanced,Advanced,On the Ballot,-18.780001000000002,30.98,1,1,0,0,1,0,0,0,2,2,2,2,2,2,2,2,2,2,2,2,2,0,1
Howard Sherman,16,232,2,0,7,Advanced,Lost,None,-18.780001000000002,31.790001,0,1,0,0,0,0,0,0,2,2,2,2,2,2,2,2,2,2,2,2,2,0,1
Jensen Bohren,16,232,2,0,7,Lost,None,None,-18.780001000000002,3.21,0,2,0,0,0,0,0,0,2,2,2,2,2,2,2,2,2,2,2,2,2,0,1
Jerone Garland,16,232,2,0,7,Lost,None,None,-18.780001000000002,4.8499999,0,0,0,0,0,0,1,0,2,2,2,2,2,2,2,2,2,2,2,2,2,0,1
Omeria Scott,16,232,2,0,7,Lost,None,None,-18.780001000000002,24.200001,0,0,0,0,1,0,0,0,2,2,2,2,2,2,2,2,2,2,2,2,2,0,1
Victor Maurice Jr.,16,232,2,0,7,Lost,None,None,-18.780001000000002,4.96,0,0,1,0,0,0,0,0,2,2,2,2,2,2,2,2,2,2,2,2,2,0,1
Grant Kier,17,111,1,0,7,Lost,None,None,-21.41,24.15,0,2,0,0,0,0,1,0,2,2,0,2,2,2,0,0,2,2,2,2,2,0,4
Jared Pettinato,17,111,1,0,7,Lost,None,None,-21.41,2.21,0,2,0,0,0,0,0,0,2,2,0,2,2,2,0,0,2,2,2,2,2,0,4
John Heenan,17,111,1,0,7,Lost,None,None,-21.41,31.709999,0,2,0,0,0,1,0,0,2,2,0,2,2,2,1,1,2,2,2,2,2,2,2
John Meyer,17,111,1,0,7,Lost,None,None,-21.41,3.3399998999999996,0,2,0,0,0,0,1,0,2,2,1,2,2,2,0,0,2,2,2,2,2,1,3
Kathleen Williams,17,111,1,0,7,Advanced,None,On the Ballot,-21.41,33.52,1,2,0,0,1,0,0,0,2,2,1,2,2,2,0,0,2,2,2,2,2,1,3
Lynda Moss,17,111,1,0,7,Lost,None,None,-21.41,5.0599999,0,2,0,0,1,0,0,0,2,2,0,2,2,2,0,0,2,2,2,2,2,0,4
David Wilson Brown,18,135,1,0,10,Advanced,None,On the Ballot,-25.51,100.0,1,1,0,0,0,0,0,0,2,2,1,2,2,2,2,2,2,2,2,2,2,1,1
Phillip Price,18,136,1,0,10,Advanced,None,On the Ballot,-29.559998999999998,40.59,1,1,0,0,0,0,0,0,2,2,1,2,2,2,2,2,2,2,2,2,2,1,1
Scott Donaldson,18,136,1,0,10,Lost,None,None,-29.559998999999998,28.27,0,1,0,0,0,0,1,0,2,2,0,2,2,2,2,2,2,2,2,2,2,0,2
Steve Woodsmall,18,136,1,0,10,Lost,None,None,-29.559998999999998,31.139999,0,1,1,0,0,0,0,0,2,2,0,2,2,2,2,2,2,2,2,2,2,0,2
Adam Coker,18,137,1,0,10,Lost,None,None,-11.28,29.860001,0,1,0,0,0,0,0,0,0,0,1,2,2,2,2,2,2,2,2,2,2,1,3
Kathy Manning,18,137,1,0,10,Advanced,None,On the Ballot,-11.28,70.139999,1,1,0,0,0,0,0,0,1,1,0,2,2,2,2,2,2,2,2,2,2,2,2
Ken Romley,18,138,1,0,10,Lost,None,None,-12.98,32.299999,0,1,0,0,0,1,1,0,2,2,1,2,2,2,2,2,2,2,2,2,2,1,1
Linda Coleman,18,138,1,0,10,Advanced,None,On the Ballot,-12.98,56.0,1,0,0,0,1,0,0,0,2,2,1,2,2,2,2,2,2,2,2,2,2,1,1
Wendy May,18,138,1,0,10,Lost,None,None,-12.98,11.7,0,1,1,1,0,0,0,0,2,2,1,2,2,2,2,2,2,2,2,2,2,1,1
Denise Adams,18,139,1,0,10,Advanced,None,On the Ballot,-19.280001000000002,54.400002,1,0,0,0,1,0,0,0,2,2,0,2,2,2,2,0,2,2,1,2,2,1,3
Jenny Marshall,18,139,1,0,10,Lost,None,None,-19.280001000000002,45.599998,0,1,0,0,0,0,0,0,2,2,1,2,2,2,2,1,2,2,0,2,2,2,2
Gerald Wong,18,140,1,0,10,Lost,None,None,-16.73,22.799999,0,0,0,0,0,0,0,0,2,2,0,2,2,2,2,2,2,0,2,2,2,0,3
Ryan Watts,18,140,1,0,10,Advanced,None,On the Ballot,-16.73,77.199997,1,1,0,0,0,0,0,0,2,2,1,2,2,2,2,2,2,1,2,2,2,2,1
Grayson Parker,18,141,1,0,10,Lost,None,None,-18.98,33.0,0,1,0,0,0,0,1,0,2,2,0,2,2,2,2,2,2,2,2,2,2,0,2
Kyle Horton,18,141,1,0,10,Advanced,None,On the Ballot,-18.98,67.0,1,1,0,0,0,0,1,0,2,2,1,2,2,2,2,2,2,2,2,2,2,1,1
Frank McNeill,18,142,1,0,10,Advanced,None,On the Ballot,-16.360001,56.099998,1,1,0,0,0,0,0,0,2,2,0,2,2,2,2,2,2,2,2,2,2,0,2
Marc Tiegel,18,142,1,0,10,Lost,None,None,-16.360001,20.9,0,1,0,0,0,0,0,0,2,2,1,2,2,2,2,2,2,2,2,2,2,1,1
Scott Huffman,18,142,1,0,10,Lost,None,None,-16.360001,23.0,0,1,1,0,0,0,0,0,2,2,1,2,2,2,2,2,2,2,2,2,2,1,1
Christian Cano,18,143,1,0,10,Lost,None,None,-14.13,17.200001,0,0,0,1,0,0,0,0,0,2,2,2,2,2,2,2,2,0,2,0,2,0,4
Dan McCready,18,143,1,0,10,Advanced,None,On the Ballot,-14.13,82.800003,1,1,1,0,0,0,0,0,1,2,2,2,2,2,2,2,2,1,2,1,2,3,1
Mac Schneider,19,144,1,0,0,Advanced,None,On the Ballot,-34.779999,100.0,1,2,0,0,1,0,0,0,2,2,2,2,2,2,2,2,2,2,2,2,2,0,1
Bob Krist,20,12,0,0,1,Advanced,None,On the Ballot,-26.76,59.810001,1,1,1,0,1,0,0,0,2,2,2,2,2,2,2,2,2,2,0,2,2,0,2
Tyler Davis,20,12,0,0,1,Lost,None,None,-26.76,11.39,0,1,0,0,0,0,0,0,2,2,2,2,2,2,2,2,2,2,0,2,2,0,2
Vanessa Ward,20,12,0,0,1,Lost,None,None,-26.76,28.799999,0,0,0,0,0,0,0,0,2,2,2,2,2,2,2,2,2,2,0,2,2,0,2
Dennis Crawford,20,112,1,0,1,Lost,None,None,-22.66,33.900002,0,2,0,0,0,0,0,0,2,2,1,2,2,2,2,2,2,2,0,2,2,1,2
Jessica McClure,20,112,1,0,1,Advanced,None,On the Ballot,-22.66,66.099998,1,2,0,0,0,0,1,0,2,2,1,2,2,2,2,2,2,2,0,2,2,1,2
Brad Ashford,20,113,1,0,1,Lost,None,None,-5.98,48.360001000000004,0,2,0,0,1,0,0,0,1,2,1,2,2,2,2,0,0,2,0,2,2,2,4
Kara Eastman,20,113,1,0,1,Advanced,None,On the Ballot,-5.98,51.639998999999996,1,2,0,0,0,0,0,0,0,2,1,2,2,2,2,1,1,2,1,2,2,4,2
Paul Theobald,20,114,1,0,1,Advanced,None,On the Ballot,-54.310001,100.0,1,2,0,0,0,0,0,0,2,2,2,2,2,2,2,2,2,2,2,2,2,0,1
Chris Janicek,20,233,2,0,1,Lost,None,None,-26.76,20.219998999999998,0,2,0,0,0,0,0,0,2,2,2,2,2,2,2,2,2,2,2,2,2,0,1
Frank Svoboda,20,233,2,0,1,Lost,None,None,-26.76,11.37,0,2,1,0,1,0,0,0,2,2,2,2,2,2,2,2,2,2,2,2,2,0,1
Jane Raybould,20,233,2,0,1,Advanced,None,On the Ballot,-26.76,63.68,1,2,0,0,1,0,0,0,2,2,2,2,2,2,2,2,2,2,2,2,2,0,1
Larry Marvin,20,233,2,0,1,Lost,None,None,-26.76,4.7399998,0,2,1,0,0,0,0,0,2,2,2,2,2,2,2,2,2,2,2,2,2,0,1
Alison Heslin,21,118,1,0,7,Lost,None,None,-4.6599998,2.7,0,2,0,0,0,0,1,0,0,0,2,0,2,2,2,2,2,2,2,0,2,0,5
Mark Washburne,21,118,1,0,7,Lost,None,None,-4.6599998,3.4000001,0,2,0,0,0,0,0,0,0,0,2,0,2,2,2,2,2,2,2,0,2,0,5
Mikie Sherrill,21,118,1,0,7,Advanced,None,On the Ballot,-4.6599998,77.5,1,2,1,0,0,0,0,0,1,1,2,1,2,2,2,2,2,2,2,1,2,4,1
Mitchell Cobert,21,118,1,0,7,Lost,None,None,-4.6599998,1.9,0,2,0,0,0,0,0,0,0,0,2,0,2,2,2,2,2,2,2,0,2,0,5
Tamara Harris,21,118,1,0,7,Lost,None,None,-4.6599998,14.5,0,0,0,0,0,1,0,0,0,0,2,0,2,2,2,2,2,2,2,0,2,0,5
Jeff Van Drew,21,119,1,0,7,Advanced,None,On the Ballot,-3.96,55.400002,1,1,0,0,1,0,0,0,1,2,2,2,2,2,2,2,2,0,2,2,2,1,2
Nathan Kleinman,21,119,1,0,7,Lost,None,None,-3.96,8.6000004,0,2,0,0,0,0,0,0,0,2,2,2,2,2,2,2,2,0,2,2,2,0,3
Tanzie Youngblood,21,119,1,0,7,Lost,None,None,-3.96,19.200001,0,0,0,0,0,0,0,0,0,2,2,2,2,2,2,2,2,1,2,2,2,1,2
Will Cunningham,21,119,1,0,7,Lost,None,None,-3.96,16.799999,0,0,0,1,0,0,0,0,0,2,2,2,2,2,2,2,2,0,2,2,2,0,3
Andrew Kim,21,120,1,0,7,Advanced,None,On the Ballot,-6.0300002,100.0,1,0,0,0,0,0,0,1,1,2,2,1,2,2,2,2,1,2,1,2,2,5,0
Jim Keady,21,121,1,0,7,Lost,None,None,-16.01,42.799999,0,1,0,0,1,0,0,0,2,2,2,2,2,2,1,2,2,2,1,2,2,2,1
Josh Welle,21,121,1,0,7,Advanced,None,On the Ballot,-16.01,57.200001,1,2,1,0,0,0,0,0,2,2,2,2,2,2,0,2,2,2,0,2,2,0,3
Goutam Jois,21,122,1,0,7,Lost,None,None,-3.26,14.1,0,0,0,0,0,0,0,0,0,2,2,0,2,2,0,0,2,2,2,2,2,0,5
Peter Jacob,21,122,1,0,7,Lost,None,None,-3.26,19.1,0,0,0,0,0,0,0,0,0,2,2,0,2,2,1,1,2,2,2,2,2,2,3
Tom Malinowski,21,122,1,0,7,Advanced,None,On the Ballot,-3.26,66.800003,1,2,0,0,0,0,0,1,1,2,2,1,2,2,0,0,2,2,2,2,2,3,2
Jeff Apodaca,22,14,0,0,7,Lost,None,None,6.1599998,22.16,0,0,0,0,0,1,0,0,2,0,2,2,2,2,2,2,2,2,2,2,2,0,2
Joseph Cervantes,22,14,0,0,7,Lost,None,None,6.1599998,11.47,0,0,0,0,1,1,0,0,2,0,2,2,2,2,2,2,2,2,2,2,2,0,2
Michelle Lujan Grisham,22,14,0,0,7,Advanced,None,On the Ballot,6.1599998,66.379997,1,0,0,0,1,0,0,0,2,1,2,2,2,2,2,2,2,2,2,2,2,1,1
Antoinette Sedillo Lopez,22,123,1,0,7,Lost,None,None,13.77,20.610001,0,0,0,0,0,0,0,0,2,0,0,2,0,2,1,1,2,2,1,0,0,3,6
Damian Lara,22,123,1,0,7,Lost,None,None,13.77,3.29,0,0,0,0,0,0,0,0,2,0,0,2,0,2,0,0,2,2,0,0,0,0,9
Damon Martinez,22,123,1,0,7,Lost,None,None,13.77,25.809998999999998,0,0,1,0,0,0,0,0,2,0,0,2,0,2,0,0,2,2,0,1,1,2,7
Debra Haaland,22,123,1,0,7,Advanced,None,On the Ballot,13.77,40.59,1,0,0,0,0,0,0,1,2,1,0,2,1,2,0,0,2,2,0,0,0,3,6
Patrick Davis,22,123,1,0,7,Lost,None,None,13.77,3.8,0,1,0,1,1,0,0,0,2,0,1,2,0,2,0,0,2,2,0,0,0,1,8
Paul Moya,22,123,1,0,7,Lost,None,None,13.77,5.8899999,0,0,0,0,0,0,0,0,2,0,0,2,0,2,0,0,2,2,0,0,0,0,9
Madeline Hildebrandt,22,124,1,0,7,Lost,None,None,-11.88,27.379998999999998,0,2,1,0,0,0,0,0,0,0,2,2,2,2,1,2,2,2,2,2,2,1,3
Xochitl Torres Small,22,124,1,0,7,Advanced,None,On the Ballot,-11.88,72.620003,1,0,0,0,0,0,0,0,1,1,2,2,2,2,0,2,2,2,2,2,2,2,2
Asheesh Dewan,23,13,0,0,0,Lost,None,None,0.94999999,1.01,0,0,0,0,0,0,0,0,2,0,0,2,2,2,2,2,2,2,0,2,2,0,4
Chris Giunchigliani,23,13,0,0,0,Lost,None,None,0.94999999,38.860001000000004,0,2,0,0,1,0,0,0,2,1,1,2,2,2,2,2,2,2,1,2,2,3,1
David Jones,23,13,0,0,0,Lost,None,None,0.94999999,1.73,0,2,0,0,0,0,0,0,2,0,0,2,2,2,2,2,2,2,0,2,2,0,4
Henry Thorns,23,13,0,0,0,Lost,None,None,0.94999999,1.9,0,0,0,0,0,0,1,0,2,0,0,2,2,2,2,2,2,2,0,2,2,0,4
John Bonaventura,23,13,0,0,0,Lost,None,None,0.94999999,2.99,0,2,0,0,1,0,0,0,2,0,0,2,2,2,2,2,2,2,0,2,2,0,4
Steve Sisolak,23,13,0,0,0,Advanced,None,On the Ballot,0.94999999,50.029999,1,2,0,0,1,0,0,0,2,0,1,2,2,2,2,2,2,2,0,2,2,1,3
Clint Koble,23,115,1,0,0,Advanced,None,On the Ballot,-13.78,26.129998999999998,1,2,0,0,0,0,0,0,2,2,1,2,2,2,0,2,2,2,2,2,2,1,2
Jack Schofield Jr.,23,115,1,0,0,Lost,None,None,-13.78,7.5,0,2,0,0,0,0,0,0,2,2,0,2,2,2,0,2,2,2,2,2,2,0,3
Jesse Hurley,23,115,1,0,0,Lost,None,None,-13.78,8.04,0,2,0,0,0,0,0,0,2,2,0,2,2,2,0,2,2,2,2,2,2,0,3
Patrick Fogarty,23,115,1,0,0,Lost,None,None,-13.78,23.83,0,2,0,0,0,0,1,0,2,2,1,2,2,2,1,2,2,2,2,2,2,2,1
Rick Shepherd,23,115,1,0,0,Lost,None,None,-13.78,21.280001000000002,0,2,0,0,0,0,1,0,2,2,1,2,2,2,0,2,2,2,2,2,2,1,2
Vance Alm,23,115,1,0,0,Lost,None,None,-13.78,13.22,0,2,1,0,0,0,0,0,2,2,0,2,2,2,0,2,2,2,2,2,2,0,3
Eric Stoltz,23,116,1,0,0,Lost,None,None,-3.0799999,7.2399998,0,2,0,0,0,0,0,0,0,0,0,0,2,2,2,2,2,2,2,2,2,0,5
Guy Pinjuv,23,116,1,0,0,Lost,None,None,-3.0799999,3.5,0,2,0,0,0,0,1,0,0,0,0,0,2,2,2,2,2,2,2,2,2,0,5
Jack Love,23,116,1,0,0,Lost,None,None,-3.0799999,5.8000002,0,2,0,0,0,0,0,0,0,0,0,0,2,2,2,2,2,2,2,2,2,0,5
Michael Weiss,23,116,1,0,0,Lost,None,None,-3.0799999,8.1800003,0,2,0,0,0,0,1,0,0,0,0,0,2,2,2,2,2,2,2,2,2,0,5
Richard Hart,23,116,1,0,0,Lost,None,None,-3.0799999,4.8499999,0,2,0,0,0,0,0,0,0,0,0,0,2,2,2,2,2,2,2,2,2,0,5
Steve Schiffman,23,116,1,0,0,Lost,None,None,-3.0799999,3.51,0,2,0,0,0,0,0,0,0,0,0,0,2,2,2,2,2,2,2,2,2,0,5
Susie Lee,23,116,1,0,0,Advanced,None,On the Ballot,-3.0799999,66.910004,1,2,0,0,0,0,0,0,1,1,1,1,2,2,2,2,2,2,2,2,2,4,1
Allison Stephens,23,117,1,0,0,Lost,None,None,3.8199998999999996,6.02,0,0,0,0,1,0,0,0,0,2,0,0,2,2,0,0,2,0,2,0,2,0,8
Amy Vilela,23,117,1,0,0,Lost,None,None,3.8199998999999996,9.1999998,0,2,0,0,0,0,0,0,0,2,1,0,2,2,1,1,2,1,2,0,2,4,4
John Anzalone,23,117,1,0,0,Lost,None,None,3.8199998999999996,5.8000002,0,2,0,0,0,0,0,0,0,2,1,0,2,2,0,0,2,2,2,2,2,1,5
Patricia Spearman,23,117,1,0,0,Lost,None,None,3.8199998999999996,15.24,0,0,1,1,1,0,0,0,0,2,1,0,2,2,0,0,2,0,2,1,2,2,6
Sid Zeller,23,117,1,0,0,Lost,None,None,3.8199998999999996,2.0,0,2,1,0,0,0,0,0,0,2,0,0,2,2,0,0,2,0,2,0,2,0,8
Steven Horsford,23,117,1,0,0,Advanced,None,On the Ballot,3.8199998999999996,61.740002000000004,1,0,0,0,1,0,0,0,1,2,1,1,2,2,0,0,2,2,2,2,2,3,3
Allen Rheinhart,23,234,2,0,0,Lost,None,None,0.94999999,3.3299999,0,0,0,0,0,0,0,0,0,0,2,0,2,2,0,2,2,2,2,2,2,0,5
Bobby Mahendra,23,234,2,0,0,Lost,None,None,0.94999999,2.6700001,0,0,0,0,0,0,0,0,0,0,2,0,2,2,0,2,2,2,2,2,2,0,5
Daniel Burleigh,23,234,2,0,0,Lost,None,None,0.94999999,2.26,0,2,0,0,0,0,0,0,0,0,2,0,2,2,0,2,2,2,2,2,2,0,5
David Drew Knight,23,234,2,0,0,Lost,None,None,0.94999999,4.4299998,0,2,0,0,0,0,0,0,0,0,2,0,2,2,0,2,2,2,2,2,2,0,5
Jacky Rosen,23,234,2,0,0,Advanced,None,On the Ballot,0.94999999,77.110001,1,2,0,0,1,0,1,0,1,1,2,1,2,2,0,2,2,2,2,2,2,3,2
Jesse Sbaih,23,234,2,0,0,Lost,None,None,0.94999999,3.1700001,0,0,0,0,0,1,0,0,0,0,2,0,2,2,1,2,2,2,2,2,2,1,4
David Pechefsky,24,125,1,0,5,Lost,None,None,-11.63,11.9,0,2,0,0,0,0,0,0,2,2,2,2,2,2,2,2,2,2,2,2,2,0,1
Elaine DiMasi,24,125,1,0,5,Lost,None,None,-11.63,5.9200000999999975,0,2,0,0,0,0,1,0,2,2,2,2,2,2,2,2,2,2,2,2,2,0,1
Kate Browning,24,125,1,0,5,Lost,None,None,-11.63,30.32,0,1,0,0,1,0,0,0,2,2,2,2,2,2,2,2,2,2,2,2,2,0,1
Perry Gershon,24,125,1,0,5,Advanced,None,On the Ballot,-11.63,35.450001,1,2,0,0,0,1,1,0,2,2,2,2,2,2,2,2,2,2,2,2,2,0,1
Vivian Viloria-Fisher,24,125,1,0,5,Lost,None,None,-11.63,16.26,0,0,0,0,1,0,0,0,2,2,2,2,2,2,2,2,2,2,2,2,2,0,1
Max Rose,24,126,1,0,5,Advanced,None,On the Ballot,-8.8100004,62.650002,1,2,1,0,0,0,0,0,1,2,2,2,2,2,2,2,2,2,1,1,2,3,1
Michael DeVito Jr.,24,126,1,0,5,Lost,None,None,-8.8100004,18.42,0,0,1,0,0,0,0,0,0,2,2,2,2,2,2,2,2,2,0,0,2,0,4
Omar Vaid,24,126,1,0,5,Lost,None,None,-8.8100004,8.430000300000001,0,0,0,0,0,0,0,0,0,2,2,2,2,2,2,2,2,2,0,0,2,0,4
Paul Sperling,24,126,1,0,5,Lost,None,None,-8.8100004,2.29,0,2,0,0,0,0,0,0,0,2,2,2,2,2,2,2,2,2,0,0,2,0,4
Radhakrishna Mohan,24,126,1,0,5,Lost,None,None,-8.8100004,3.78,0,0,0,0,0,0,1,0,0,2,2,2,2,2,2,2,2,2,0,0,2,0,4
Zach Emig,24,126,1,0,5,Lost,None,None,-8.8100004,1.26,0,2,0,0,0,0,0,0,0,2,2,2,2,2,2,2,2,2,0,0,2,0,4
Antonio Delgado,24,127,1,0,5,Advanced,None,On the Ballot,-6.0799999000000025,21.99,1,0,0,0,0,0,0,0,2,0,1,2,2,2,2,0,2,0,2,0,2,1,5
Brian Flynn,24,127,1,0,5,Lost,None,None,-6.0799999000000025,13.18,0,1,0,0,0,1,0,0,2,0,0,2,2,2,2,0,2,0,2,0,2,0,6
David Clegg,24,127,1,0,5,Lost,None,None,-6.0799999000000025,11.08,0,2,0,0,0,1,0,0,2,0,0,2,2,2,2,0,2,1,2,0,2,1,5
Erin Collier,24,127,1,0,5,Lost,None,None,-6.0799999000000025,4.8600001,0,2,0,0,0,0,0,0,2,1,1,2,2,2,2,0,2,0,2,0,2,2,4
Gareth Rhodes,24,127,1,0,5,Lost,None,None,-6.0799999000000025,17.85,0,2,0,0,0,0,0,0,2,0,0,2,2,2,2,0,2,1,2,0,2,1,5
Jeff Beals,24,127,1,0,5,Lost,None,None,-6.0799999000000025,13.18,0,2,0,0,0,0,0,0,2,0,0,2,2,2,2,1,2,0,2,0,2,1,5
Pat Ryan,24,127,1,0,5,Lost,None,None,-6.0799999000000025,17.719998999999994,0,2,1,0,0,0,0,0,2,0,0,2,2,2,2,0,2,1,2,1,2,2,4
DuWayne Gregory,24,128,1,0,5,Lost,None,None,-8.2600002,41.639998999999996,0,0,1,0,1,0,0,0,2,0,1,2,2,2,0,2,2,0,1,1,2,3,4
Liuba Grechen Shirley,24,128,1,0,5,Advanced,None,On the Ballot,-8.2600002,57.98,1,2,0,0,0,0,0,0,2,1,1,2,2,2,1,2,2,1,0,0,2,4,3
Dylan Ratigan,24,129,1,0,5,Lost,None,None,-11.43,11.91,0,2,0,0,0,0,0,0,2,2,0,2,2,2,0,0,2,0,0,2,2,0,6
Emily Martz,24,129,1,0,5,Lost,None,None,-11.43,10.37,0,2,0,0,0,0,0,0,2,2,0,2,2,2,0,0,2,0,0,2,2,0,6
Katie Wilson,24,129,1,0,5,Lost,None,None,-11.43,11.68,0,2,0,0,0,0,0,0,2,2,0,2,2,2,0,0,2,0,1,2,2,1,5
Patrick Nelson,24,129,1,0,5,Lost,None,None,-11.43,9.119999900000002,0,1,0,0,0,0,1,0,2,2,1,2,2,2,1,1,2,0,0,2,2,3,3
Tedra Cobb,24,129,1,0,5,Advanced,None,On the Ballot,-11.43,56.009997999999996,1,2,0,0,1,0,0,0,2,2,1,2,2,2,1,0,2,1,0,2,2,3,3
Anthony Brindisi,24,130,1,0,5,Advanced,None,On the Ballot,-14.26,100.0,1,2,0,0,1,0,0,0,1,2,0,2,2,2,2,2,2,2,1,2,2,2,2
Eddie Sundquist,24,131,1,0,5,Lost,None,None,-13.93,6.4200000999999975,0,2,0,1,0,0,1,0,2,2,0,2,2,2,0,0,2,2,0,2,2,0,5
Ian Golden,24,131,1,0,5,Lost,None,None,-13.93,13.44,0,2,0,0,0,0,0,0,2,2,0,2,2,2,1,1,2,2,0,2,2,2,3
Linda Andrei,24,131,1,0,5,Lost,None,None,-13.93,15.33,0,2,0,0,0,0,1,0,2,2,0,2,2,2,0,0,2,2,0,2,2,0,5
Max Della Pia,24,131,1,0,5,Lost,None,None,-13.93,32.400002,0,2,1,0,0,0,0,0,2,2,0,2,2,2,0,0,2,2,0,2,2,0,5
Tracy Mitrano,24,131,1,0,5,Advanced,None,On the Ballot,-13.93,32.299999,1,2,0,0,0,0,0,0,2,2,1,2,2,2,0,0,2,2,1,2,2,2,3
Dana Balter,24,132,1,0,5,Advanced,None,On the Ballot,4.139999899999999,62.380001,1,2,0,0,0,0,0,0,0,0,1,2,2,2,1,0,1,1,1,0,2,5,5
Juanita Perez Williams,24,132,1,0,5,Lost,None,None,4.139999899999999,37.23,0,0,1,0,0,0,0,0,1,1,1,2,2,2,0,0,0,0,0,1,2,4,6
Adam McFadden,24,133,1,0,5,Lost,None,None,14.62,17.450001,0,0,0,0,1,0,0,0,2,2,0,2,2,2,0,2,2,2,0,2,2,0,4
Joseph Morelle,24,133,1,0,5,Advanced,None,On the Ballot,14.62,45.290001000000004,1,2,0,0,1,0,0,0,2,2,1,2,2,2,0,2,2,2,1,2,2,2,2
Rachel Barnhart,24,133,1,0,5,Lost,None,None,14.62,19.77,0,2,0,0,0,0,0,0,2,2,1,2,2,2,0,2,2,2,0,2,2,1,3
Robin Wilt,24,133,1,0,5,Lost,None,None,14.62,17.35,0,0,0,0,1,0,0,0,2,2,1,2,2,2,1,2,2,2,0,2,2,2,2
Nate McMurray,24,134,1,0,5,Advanced,None,On the Ballot,-24.01,100.0,1,1,0,0,1,0,0,0,2,2,2,2,2,2,2,2,2,2,1,2,2,1,1
Dennis J. Kucinich,25,15,0,0,10,Lost,None,None,-7.889999900000001,22.98,0,1,0,0,1,0,0,0,2,2,0,2,0,2,1,2,2,2,2,2,2,1,3
Joseph Schiavoni,25,15,0,0,10,Lost,None,None,-7.889999900000001,9.1700001,0,2,0,0,1,0,0,0,2,2,1,2,0,2,0,2,2,2,2,2,2,1,3
Larry Ealy,25,15,0,0,10,Lost,None,None,-7.889999900000001,1.02,0,0,0,0,0,0,0,0,2,2,0,2,0,2,0,2,2,2,2,2,2,0,4
Paul Ray,25,15,0,0,10,Lost,None,None,-7.889999900000001,1.38,0,2,0,0,0,0,0,0,2,2,0,2,0,2,0,2,2,2,2,2,2,0,4
Richard Cordray,25,15,0,0,10,Advanced,None,On the Ballot,-7.889999900000001,62.16,1,1,0,0,1,0,0,1,2,2,1,2,1,2,0,2,2,2,2,2,2,3,1
William O'Neill,25,15,0,0,10,Lost,None,None,-7.889999900000001,3.29,0,1,1,0,1,0,0,0,2,2,0,2,0,2,0,2,2,2,2,2,2,0,4
Aftab Pureval,25,145,1,0,10,Advanced,None,On the Ballot,-9.010000199999999,100.0,1,0,0,0,1,0,0,0,1,2,2,2,2,2,2,2,2,2,2,2,2,1,1
Michael Milisits,25,146,1,0,10,Lost,None,None,-8.4799995,7.400000099999999,0,2,0,0,0,0,0,0,2,2,2,2,2,2,2,2,2,2,2,2,2,0,1
Robert Klepinger,25,146,1,0,10,Lost,None,None,-8.4799995,25.6,0,2,0,0,0,0,1,0,2,2,2,2,2,2,2,2,2,2,2,2,2,0,1
Theresa Gasper,25,146,1,0,10,Advanced,None,On the Ballot,-8.4799995,67.019997,1,2,0,0,0,0,0,0,2,2,2,2,2,2,2,2,2,2,2,2,2,0,1
Danny O'Connor,25,147,1,1,10,Advanced,None,On the Ballot,-13.63,40.939999,1,2,0,0,1,0,0,0,2,2,1,2,2,2,2,0,2,1,2,2,2,2,2
Danny O'Connor,25,147,1,0,10,Advanced,None,On the Ballot,-13.63,40.52,1,2,0,0,1,0,0,0,2,2,1,2,2,2,2,0,2,1,2,2,2,2,2
Doug Wilson,25,147,1,0,10,Lost,None,None,-13.63,3.74,0,2,0,0,1,0,0,0,2,2,0,2,2,2,2,0,2,0,2,2,2,0,4
Doug Wilson,25,147,1,1,10,Lost,None,None,-13.63,3.9400001000000002,0,2,0,0,1,0,0,0,2,2,0,2,2,2,2,0,2,0,2,2,2,0,4
Ed Albertson,25,147,1,0,10,Lost,None,None,-13.63,7.860000099999999,0,2,1,0,0,0,0,0,2,2,0,2,2,2,2,0,2,0,2,2,2,0,4
Ed Albertson,25,147,1,1,10,Lost,None,None,-13.63,8.0799999,0,2,1,0,0,0,0,0,2,2,0,2,2,2,2,0,2,0,2,2,2,0,4
Jackie Patton,25,147,1,0,10,Lost,None,None,-13.63,14.02,0,2,0,0,0,0,0,0,2,2,1,2,2,2,2,0,2,0,2,2,2,1,3
Jackie Patton,25,147,1,1,10,Lost,None,None,-13.63,13.58,0,2,0,0,0,0,0,0,2,2,1,2,2,2,2,0,2,0,2,2,2,1,3
John Peters,25,147,1,0,10,Lost,None,None,-13.63,1.49,0,2,0,0,0,0,0,0,2,2,0,2,2,2,2,0,2,0,2,2,2,0,4
John Russell,25,147,1,1,10,Lost,None,None,-13.63,16.700001,0,2,0,0,0,0,0,0,2,2,1,2,2,2,2,1,2,0,2,2,2,2,2
John Russell,25,147,1,0,10,Lost,None,None,-13.63,16.27,0,2,0,0,0,0,0,0,2,2,1,2,2,2,2,1,2,0,2,2,2,2,2
Zach Scott,25,147,1,0,10,Lost,None,None,-13.63,16.1,0,2,0,0,1,0,0,0,2,2,0,2,2,2,2,0,2,0,2,2,2,0,4
Zach Scott,25,147,1,1,10,Lost,None,None,-13.63,16.76,0,2,0,0,1,0,0,0,2,2,0,2,2,2,2,0,2,0,2,2,2,0,4
Betsy Rader,25,148,1,0,10,Advanced,None,On the Ballot,-11.98,100.0,1,2,0,0,0,0,0,0,1,1,2,2,2,2,2,2,2,2,2,2,2,2,1
Rick Neal,25,149,1,0,10,Advanced,None,On the Ballot,-15.48,63.540001000000004,1,2,0,1,0,0,0,0,2,2,1,2,2,2,2,2,2,2,2,2,2,1,1
Rob Jarvis,25,149,1,0,10,Lost,None,None,-15.48,36.459998999999996,0,2,0,0,0,0,0,0,2,2,0,2,2,2,2,2,2,2,2,2,2,0,2
Aaron Godfrey,25,150,1,0,10,Lost,None,None,-17.030001000000002,7.9099998,0,2,0,0,0,0,1,0,2,2,1,2,2,2,1,2,2,2,2,2,2,2,1
Grant Goodrich,25,150,1,0,10,Lost,None,None,-17.030001000000002,28.059998999999998,0,2,1,0,0,0,0,0,2,2,1,2,2,2,0,2,2,2,2,2,2,1,2
John Wilson,25,150,1,0,10,Lost,None,None,-17.030001000000002,4.48,0,2,0,0,0,0,0,0,2,2,0,2,2,2,0,2,2,2,2,2,2,0,3
Mark Dent,25,150,1,0,10,Lost,None,None,-17.030001000000002,9.380000099999998,0,2,1,0,0,0,0,0,2,2,0,2,2,2,0,2,2,2,2,2,2,0,3
Susan Moran Palmer,25,150,1,0,10,Advanced,None,On the Ballot,-17.030001000000002,34.630001,1,2,0,0,0,0,0,0,2,2,1,2,2,2,0,2,2,2,2,2,2,1,2
TJ Mulloy,25,150,1,0,10,Lost,None,None,-17.030001000000002,15.54,0,1,0,0,0,0,0,0,2,2,0,2,2,2,0,2,2,2,2,2,2,0,3
Janet Everhard,25,151,1,0,10,Lost,None,None,-17.360001,34.400002,0,2,0,0,0,0,0,0,2,2,1,2,2,2,2,2,2,2,2,2,2,1,1
Jill Schiller,25,151,1,0,10,Advanced,None,On the Ballot,-17.360001,54.200001,1,2,0,0,0,0,0,1,2,2,1,2,2,2,2,2,2,2,2,2,2,2,0
William Smith,25,151,1,0,10,Lost,None,None,-17.360001,11.4,0,2,0,0,0,0,0,0,2,2,0,2,2,2,2,2,2,2,2,2,2,0,2
Cody James Slatzer-Rose,25,152,1,0,10,Lost,None,None,-31.23,16.15,0,2,0,0,0,0,1,0,2,2,0,2,2,2,2,2,2,2,2,2,2,0,2
Janet Garrett,25,152,1,0,10,Advanced,None,On the Ballot,-31.23,83.849998,1,2,0,0,0,0,0,0,2,2,1,2,2,2,2,2,2,2,2,2,2,1,1
James Neu Jr.,25,153,1,0,10,Lost,None,None,-23.809998999999998,26.700001,0,2,0,0,0,0,0,0,2,2,1,2,2,2,2,2,2,2,2,2,2,1,1
John Michael Galbraith,25,153,1,0,10,Advanced,None,On the Ballot,-23.809998999999998,73.199997,1,2,0,0,0,0,0,0,2,2,0,2,2,2,2,2,2,2,2,2,2,0,2
Shawna Roberts,25,154,1,0,10,Advanced,None,On the Ballot,-37.610001000000004,74.5,1,2,0,0,0,0,0,0,2,2,2,2,2,2,2,2,2,1,2,2,2,1,1
Werner Lange,25,154,1,0,10,Lost,None,None,-37.610001000000004,25.5,0,2,0,0,0,0,0,0,2,2,2,2,2,2,2,2,2,0,2,2,2,0,2
Ken Harbaugh,25,155,1,0,10,Advanced,None,On the Ballot,-27.18,80.199997,1,2,1,0,0,0,0,0,1,2,0,2,2,2,2,2,2,2,2,1,2,2,2
Patrick Pikus,25,155,1,0,10,Lost,None,None,-27.18,19.799999,0,2,0,0,0,0,0,0,0,2,0,2,2,2,2,2,2,2,2,0,2,0,4
Bill Ebben,25,156,1,0,10,Lost,None,None,-34.779999,12.18,0,2,1,0,0,0,0,0,2,2,0,2,2,2,2,2,2,2,2,2,2,0,2
Matthew Guyette,25,156,1,0,10,Lost,None,None,-34.779999,13.63,0,2,0,1,0,0,0,0,2,2,0,2,2,2,2,2,2,2,2,2,2,0,2
Ted Jones,25,156,1,0,10,Lost,None,None,-34.779999,16.280001000000002,0,2,0,0,0,0,0,0,2,2,0,2,2,2,2,2,2,2,2,2,2,0,2
Vanessa Enoch,25,156,1,0,10,Advanced,None,On the Ballot,-34.779999,57.91,1,0,0,0,0,0,0,0,2,2,1,2,2,2,2,2,2,2,2,2,2,1,1
Constance Johnson,26,16,0,0,5,Lost,None,None,-38.209998999999996,38.619999,0,0,0,0,1,0,0,0,2,2,2,2,2,2,1,2,2,2,2,2,2,1,1
Drew Edmondson,26,16,0,0,5,Advanced,None,On the Ballot,-38.209998999999996,61.380001,1,1,1,0,1,0,0,0,2,2,2,2,2,2,0,2,2,2,2,2,2,0,2
Amanda Douglas,26,157,1,0,5,Advanced,On the Ballot,,-31.959999,32.41,2,2,0,0,0,0,0,0,2,2,1,2,2,2,2,2,2,2,2,2,2,1,1
David Matthew Hullum,26,157,1,0,5,Lost,None,,-31.959999,5.02,2,2,0,0,0,0,0,0,2,2,0,2,2,2,2,2,2,2,2,2,2,0,2
Gwendolyn Fields,26,157,1,0,5,Lost,None,,-31.959999,19.620001000000002,2,2,0,0,0,0,0,0,2,2,0,2,2,2,2,2,2,2,2,2,2,0,2
Mark Keeter,26,157,1,0,5,Lost,None,,-31.959999,8.46,2,2,0,0,0,0,0,0,2,2,0,2,2,2,2,2,2,2,2,2,2,0,2
Tim Gilpin,26,157,1,0,5,Advanced,On the Ballot,,-31.959999,34.48,2,2,0,0,0,0,0,0,2,2,0,2,2,2,2,2,2,2,2,2,2,0,2
Clay Padgett,26,158,1,0,5,Advanced,On the Ballot,,-49.009997999999996,24.23,2,2,1,0,0,0,0,0,2,2,2,2,2,2,2,2,2,2,2,2,2,0,1
Elijah McIntosh,26,158,1,0,5,Lost,None,,-49.009997999999996,19.02,2,0,1,0,0,0,0,0,2,2,2,2,2,2,2,2,2,2,2,2,2,0,1
Jason Nichols,26,158,1,0,5,Advanced,On the Ballot,,-49.009997999999996,37.880001,2,0,0,0,1,0,1,0,2,2,2,2,2,2,2,2,2,2,2,2,2,0,1
Virginia Jenner,26,158,1,0,5,Lost,None,,-49.009997999999996,18.860001,2,2,0,0,0,0,0,0,2,2,2,2,2,2,2,2,2,2,2,2,2,0,1
Frankie Robbins,26,159,1,0,5,Advanced,None,On the Ballot,-54.009997999999996,64.839996,1,2,0,0,0,0,1,0,2,2,2,2,2,2,2,2,2,2,2,2,2,0,1
Murray Thibodeaux,26,159,1,0,5,Lost,None,None,-54.009997999999996,35.16,0,2,0,0,0,0,1,0,2,2,2,2,2,2,2,2,2,2,2,2,2,0,1
Fred Gipson,26,160,1,0,5,Advanced,On the Ballot,,-39.130001,30.360001,2,2,1,0,1,0,0,0,2,2,2,2,2,2,2,2,2,2,2,2,2,0,1
Mallory Varner,26,160,1,0,5,Lost,None,,-39.130001,18.610001,2,2,0,0,0,0,0,0,2,2,2,2,2,2,2,2,2,2,2,2,2,0,1
Mary Brannon,26,160,1,0,5,Advanced,On the Ballot,,-39.130001,34.360001000000004,2,2,0,0,0,0,0,0,2,2,2,2,2,2,2,2,2,2,2,2,2,0,1
Roxann Klutts,26,160,1,0,5,Lost,None,,-39.130001,16.67,2,2,0,0,0,0,0,0,2,2,2,2,2,2,2,2,2,2,2,2,2,0,1
Eddie Porter,26,161,1,0,5,Lost,None,,-17.18,10.63,2,2,0,0,0,0,0,0,2,2,2,2,2,2,2,2,2,2,2,2,2,0,1
Elysabeth Britt,26,161,1,0,5,Lost,None,,-17.18,13.51,2,2,1,1,0,0,0,0,2,2,2,2,2,2,2,2,2,2,2,2,2,0,1
Kendra Horn,26,161,1,0,5,Advanced,On the Ballot,,-17.18,43.84,2,2,0,0,0,0,0,0,2,2,2,2,2,2,2,2,2,2,2,2,2,0,1
Leona Kelley-Leonard,26,161,1,0,5,Lost,None,,-17.18,8.4200001,2,2,0,0,0,0,0,0,2,2,2,2,2,2,2,2,2,2,2,2,2,0,1
Tom Guild,26,161,1,0,5,Advanced,On the Ballot,,-17.18,17.91,2,2,0,0,0,0,0,0,2,2,2,2,2,2,2,2,2,2,2,2,2,0,1
Tyson Todd Meade,26,161,1,0,5,Lost,None,,-17.18,5.6900001,2,2,0,1,0,0,0,0,2,2,2,2,2,2,2,2,2,2,2,2,2,0,1
Eric Burnette,27,162,1,0,1,Lost,None,None,-21.68,4.619999900000002,0,2,0,0,0,0,0,0,2,2,2,2,2,2,1,2,2,2,1,2,2,2,1
Jamie McLeod-Skinner,27,162,1,0,1,Advanced,None,On the Ballot,-21.68,42.82,1,1,0,1,1,0,1,0,2,2,2,2,2,2,2,2,2,1,2,2,2,1,1
Jennifer Neahring,27,162,1,0,1,Lost,None,None,-21.68,23.68,0,0,0,0,0,0,0,0,2,2,2,2,2,2,2,2,2,2,2,2,2,0,1
Jim Crary,27,162,1,0,1,Lost,None,None,-21.68,11.44,0,2,1,0,0,0,0,0,2,2,2,2,2,2,2,2,2,2,2,2,2,0,1
Michael Byrne,27,162,1,0,1,Lost,None,None,-21.68,4.3000002,0,2,0,0,0,0,0,0,2,2,2,2,2,2,2,2,2,2,2,2,2,0,1
Raz Mason,27,162,1,0,1,Lost,None,None,-21.68,5.3000002,0,2,1,0,0,0,1,0,2,2,2,2,2,2,2,2,2,2,2,2,2,0,1
Timothy White,27,162,1,0,1,Lost,None,None,-21.68,5.8600001,0,2,0,0,0,0,0,0,2,2,2,2,2,2,2,2,2,2,2,2,2,0,1
Rachel Reddick,28,163,1,0,1,Lost,None,None,-0.63,35.330002,0,1,1,0,0,0,0,0,2,1,1,2,2,2,2,2,2,2,2,1,2,3,1
Scott Wallace,28,163,1,0,1,Advanced,None,On the Ballot,-0.63,56.48,1,1,0,0,0,1,0,0,2,2,1,2,2,2,2,2,2,2,2,2,2,1,1
Steve Bacher,28,163,1,0,1,Lost,None,None,-0.63,8.1899996,0,1,0,0,0,0,0,0,2,2,1,2,2,2,2,2,2,2,2,2,2,1,1
Alan Howe,28,164,1,0,1,Lost,None,None,-10.86,10.81,0,1,1,0,0,0,0,0,2,2,2,2,2,2,2,2,2,2,2,2,2,0,1
Eric Ding,28,164,1,0,1,Lost,None,None,-10.86,17.99,0,0,0,0,0,0,1,0,2,2,2,2,2,2,2,2,2,2,2,2,2,0,1
George Scott,28,164,1,0,1,Advanced,None,On the Ballot,-10.86,36.330002,1,1,1,0,0,0,0,0,2,2,2,2,2,2,2,2,2,2,2,2,2,0,1
Shavonnia Corbin-Johnson,28,164,1,0,1,Lost,None,None,-10.86,34.869999,0,0,0,0,0,0,0,1,2,1,2,2,2,2,2,2,2,2,2,2,2,2,0
Jessica King,28,165,1,0,1,Advanced,None,On the Ballot,-27.51,100.0,1,1,0,0,0,0,0,0,2,2,2,2,2,1,1,1,2,2,1,2,2,4,1
Judy Herschel,28,166,1,0,1,Lost,None,None,-36.009997999999996,49.610001000000004,0,1,0,0,0,0,0,0,2,2,2,2,2,2,2,2,2,2,2,2,2,0,1
Marc Friedenberg,28,166,1,0,1,Advanced,None,On the Ballot,-36.009997999999996,50.389998999999996,1,1,0,0,0,0,1,0,2,2,1,2,2,2,2,2,2,2,2,2,2,1,1
Brent Ottaway,28,167,1,0,1,Advanced,None,On the Ballot,-45.43,100.0,1,1,0,0,0,0,0,0,2,2,2,2,2,2,2,2,2,2,2,2,2,0,1
Adam Sedlock,28,168,1,0,1,Lost,None,None,-28.709999,23.879998999999998,0,1,0,0,0,0,1,0,2,2,2,2,2,2,2,2,2,2,2,2,2,0,1
Bibiana Boerio,28,168,1,0,1,Advanced,None,On the Ballot,-28.709999,43.200001,1,1,0,0,0,0,1,0,2,2,2,2,2,2,2,2,2,2,2,2,2,0,1
Robert Solomon,28,168,1,0,1,Lost,None,None,-28.709999,19.040001,0,1,0,0,0,0,1,0,2,2,2,2,2,2,2,2,2,2,2,2,2,0,1
Tom Prigg,28,168,1,0,1,Lost,None,None,-28.709999,13.89,0,1,1,0,0,0,1,0,2,2,2,2,2,2,2,2,2,2,2,2,2,0,1
Susan Boser,28,169,1,0,1,Advanced,None,On the Ballot,-41.73,74.559998,1,1,0,0,0,0,0,0,2,2,2,2,2,2,2,2,2,2,2,2,2,0,1
Wade Jodun,28,169,1,0,1,Lost,None,None,-41.73,25.440001000000002,0,1,0,0,0,0,1,0,2,2,2,2,2,2,2,2,2,2,2,2,2,0,1
Chris Rieger,28,170,1,0,1,Lost,None,None,-18.73,24.92,0,1,0,0,0,0,0,0,2,2,2,2,2,2,2,2,2,2,2,2,2,0,1
Robert Multari,28,170,1,0,1,Lost,None,None,-18.73,15.11,0,2,0,0,0,0,1,0,2,2,2,2,2,2,2,2,2,2,2,2,2,0,1
Ronald DiNicola,28,170,1,0,1,Advanced,None,On the Ballot,-18.73,59.970001,1,2,1,0,0,0,0,0,2,2,2,2,2,2,2,2,2,2,2,2,2,0,1
Joe Hoeffel,28,171,1,0,1,Lost,None,None,15.27,10.96,0,1,0,0,1,0,0,0,2,2,2,2,2,2,2,2,2,2,2,2,2,0,1
Madeleine Dean,28,171,1,0,1,Advanced,None,On the Ballot,15.27,72.559998,1,1,0,0,1,0,0,0,2,1,1,2,2,2,2,2,2,2,2,2,2,2,1
Shira Goodman,28,171,1,0,1,Lost,None,None,15.27,16.49,0,1,0,0,0,0,0,0,2,2,2,2,2,2,2,2,2,2,2,2,2,0,1
Ashley Lunkenheimer,28,172,1,0,1,Lost,None,None,25.540001,15.31,0,1,0,1,0,0,0,0,2,2,2,2,2,2,2,2,2,2,2,2,2,0,1
Gregory Vitali,28,172,1,0,1,Lost,None,None,25.540001,9.430000300000001,0,1,0,0,1,0,0,0,2,2,2,2,2,2,2,2,2,2,2,2,2,0,1
Larry Arata,28,172,1,0,1,Lost,None,None,25.540001,1.52,0,1,0,0,0,0,0,0,2,2,2,2,2,2,2,2,2,2,2,2,2,0,1
Lindy Li,28,172,1,0,1,Lost,None,None,25.540001,6.98,0,0,0,0,0,0,0,0,2,2,2,2,2,2,2,2,2,2,2,2,2,0,1
Margo Davidson,28,172,1,0,1,Lost,None,None,25.540001,3.98,0,0,0,0,1,0,0,0,2,2,1,2,2,2,2,2,2,2,2,2,2,1,1
Mary Gay Scanlon,28,172,1,0,1,Advanced,None,On the Ballot,25.540001,28.370001000000002,1,1,0,0,1,0,0,0,2,2,2,2,2,2,2,2,2,2,2,2,2,0,1
Molly Sheehan,28,172,1,0,1,Lost,None,None,25.540001,10.24,0,1,0,0,0,0,1,0,2,2,1,2,2,2,1,2,2,2,2,2,2,2,1
Richard Lazer,28,172,1,0,1,Lost,None,None,25.540001,14.99,0,2,2,2,2,0,2,0,2,2,2,2,2,2,2,2,2,2,2,2,2,0,1
Thaddeus Kirkland,28,172,1,0,1,Lost,None,None,25.540001,3.99,0,0,0,0,1,0,0,0,2,2,2,2,2,2,2,2,2,2,2,2,2,0,1
Theresa Wright,28,172,1,0,1,Lost,None,None,25.540001,5.1900001,0,0,0,0,0,0,0,0,2,2,2,2,2,2,2,2,2,2,2,2,2,0,1
Chrissy Houlahan,28,173,1,0,1,Advanced,None,On the Ballot,5.2399998,100.0,1,1,1,0,0,0,1,0,1,1,2,2,2,2,2,2,2,2,2,1,2,3,1
David Clark,28,174,1,0,1,Lost,None,None,0.07,1.7,0,1,0,0,0,0,0,0,2,2,2,2,2,2,2,2,2,2,2,2,0,0,2
Greg Edwards,28,174,1,0,1,Lost,None,None,0.07,25.43,0,0,0,0,0,0,0,0,2,2,2,2,2,1,2,1,1,2,1,2,0,4,2
John Morganelli,28,174,1,0,1,Lost,None,None,0.07,30.15,0,1,0,0,1,0,0,0,2,2,2,2,2,2,2,2,2,2,2,2,1,1,1
Rick Daugherty,28,174,1,0,1,Lost,None,None,0.07,3.8599998999999996,0,1,0,0,0,0,0,0,2,2,2,2,2,2,2,2,2,2,2,2,0,0,2
Roger Ruggles,28,174,1,0,1,Lost,None,None,0.07,5.4099998,0,1,1,0,0,0,1,0,2,2,2,2,2,2,2,2,2,2,2,2,0,0,2
Susan Wild,28,174,1,0,1,Advanced,None,On the Ballot,0.07,33.450001,1,1,0,0,0,0,0,0,2,1,2,2,2,2,2,2,2,2,2,2,0,1,2
Denny Wolff,28,175,1,0,1,Advanced,None,On the Ballot,-32.029999,40.549999,1,1,0,0,0,0,0,0,2,2,2,2,2,2,2,2,2,2,2,2,2,0,1
Gary Wegman,28,175,1,0,1,Lost,None,None,-32.029999,31.290001,0,1,0,0,0,0,1,0,2,2,2,2,2,2,2,2,2,2,2,2,2,0,1
Laura Quick,28,175,1,0,1,Lost,None,None,-32.029999,28.16,0,1,0,0,0,0,0,0,2,2,1,2,2,2,2,2,2,2,2,2,2,1,1
James Smith Jr.,29,17,0,0,0,Advanced,None,On the Ballot,-15.85,61.810001,1,1,1,0,0,0,0,0,2,2,1,2,2,2,2,1,2,2,2,1,2,3,1
Marguerite Willis,29,17,0,0,0,Lost,None,None,-15.85,27.549999,0,1,0,0,0,1,0,0,2,2,2,2,2,2,2,2,2,2,2,2,2,0,1
Phil Noble,29,17,0,0,0,Lost,None,None,-15.85,10.64,0,1,0,0,0,0,1,1,2,2,2,2,2,2,2,2,2,2,2,2,2,1,0
Joe Cunningham,29,176,1,0,0,Advanced,None,On the Ballot,-16.879998999999998,71.5,1,1,0,0,0,0,1,0,2,2,2,2,2,2,2,2,2,2,2,2,2,0,1
Toby Smith,29,176,1,0,0,Lost,None,None,-16.879998999999998,28.5,0,0,0,0,0,0,0,0,2,2,2,2,2,2,2,2,2,2,2,2,2,0,1
Annabelle Robertson,29,177,1,0,0,Advanced,Lost,None,-20.73,41.810001,0,1,0,0,0,0,0,0,2,2,1,2,2,2,1,2,2,2,2,2,2,2,1
Phil Black,29,177,1,0,0,Lost,None,None,-20.73,18.370001000000002,0,1,0,0,0,0,0,0,2,2,2,2,2,2,2,2,2,2,2,2,2,0,1
Sean Carrigan,29,177,1,0,0,Advanced,Advanced,On the Ballot,-20.73,39.82,1,1,1,0,0,0,0,0,2,2,2,2,2,2,2,2,2,2,2,2,2,0,1
Hosea Cleveland,29,178,1,0,0,Lost,None,None,-38.68,30.27,0,0,1,0,0,0,1,0,2,2,2,2,2,2,2,2,2,2,2,2,2,0,1
Mary Geren,29,178,1,0,0,Advanced,None,On the Ballot,-38.68,69.730003,1,1,0,0,0,0,0,0,2,2,2,2,2,2,1,2,2,2,2,2,2,1,1
Brandon Brown,29,179,1,0,0,Advanced,Advanced,On the Ballot,-28.309998999999998,28.469998999999998,1,0,0,0,0,0,0,0,2,2,2,2,2,2,2,2,2,2,2,2,2,0,1
Doris Lee Turner,29,179,1,0,0,Advanced,Lost,None,-28.309998999999998,29.459999,0,1,0,0,0,0,0,0,2,2,2,2,2,2,1,2,2,2,1,2,2,2,1
Eric Graben,29,179,1,0,0,Lost,None,None,-28.309998999999998,25.719998999999998,0,1,0,0,0,0,0,0,2,2,2,2,2,2,2,2,2,2,2,2,2,0,1
J.T. Davis,29,179,1,0,0,Lost,None,None,-28.309998999999998,7.219999799999999,0,1,0,0,0,0,1,0,2,2,2,2,2,2,2,2,2,2,2,2,2,0,1
Will Morin III,29,179,1,0,0,Lost,None,None,-28.309998999999998,9.130000099999998,0,1,0,0,0,0,0,0,2,2,2,2,2,2,2,2,2,2,2,2,2,0,1
Archie Parnell,29,180,1,0,0,Advanced,None,On the Ballot,-19.280001000000002,59.959998999999996,1,1,0,0,0,0,0,0,0,2,1,2,2,2,2,2,2,2,2,2,2,1,2
Mark Ali,29,180,1,0,0,Lost,None,None,-19.280001000000002,13.41,0,0,0,0,0,0,0,0,2,2,0,2,2,2,2,2,2,2,2,2,2,0,2
Sidney Moore,29,180,1,0,0,Lost,None,None,-19.280001000000002,17.17,0,0,0,0,0,0,0,0,2,2,2,2,2,2,2,2,2,2,2,2,2,0,1
Steve Lough,29,180,1,0,0,Lost,None,None,-19.280001000000002,9.46,0,1,0,0,0,0,0,0,2,2,2,2,2,2,2,2,2,2,2,2,2,0,1
Bill Hopkins,29,181,1,0,0,Lost,None,None,-19.23,17.780001000000006,0,1,0,0,0,0,0,0,2,2,1,2,2,2,0,2,2,2,2,2,2,1,2
Bruce Fischer,29,181,1,0,0,Lost,None,None,-19.23,11.22,0,1,1,0,0,0,1,0,2,2,0,2,2,2,0,2,2,2,2,2,2,0,3
Mal Hyman,29,181,1,0,0,Advanced,Lost,None,-19.23,29.700001,0,1,0,0,0,0,0,0,2,2,1,2,2,2,1,2,2,2,2,2,2,2,1
Robert Williams,29,181,1,0,0,Advanced,Advanced,On the Ballot,-19.23,41.299999,1,0,1,0,1,0,0,0,2,2,0,2,2,2,0,2,2,2,2,2,2,0,3
Billie Sutton,30,18,0,0,7,Advanced,None,On the Ballot,-29.379998999999998,100.0,1,1,0,0,0,0,0,0,2,2,2,2,2,2,2,2,2,2,2,2,2,0,1
Timothy Bjorkman,30,182,1,0,7,Advanced,None,On the Ballot,-29.379998999999998,100.0,1,1,0,0,1,0,0,0,2,2,2,2,2,2,2,2,2,2,2,2,2,0,1
Craig Fitzhugh,31,19,0,0,2,Lost,None,None,-27.139999,19.42,0,1,1,0,1,1,0,0,2,2,2,2,2,2,1,2,2,1,2,2,2,2,1
Karl Dean,31,19,0,0,2,Advanced,None,On the Ballot,-27.139999,75.139999,1,1,0,0,1,1,0,0,2,2,2,2,2,2,0,2,2,0,2,2,2,0,3
Mezianne Vale Payne,31,19,0,0,2,Lost,None,None,-27.139999,5.4400001,0,1,0,0,0,0,0,0,2,2,2,2,2,2,0,2,2,0,2,2,2,0,3
Martin Olsen,31,183,1,0,2,Advanced,None,On the Ballot,-57.029999,100.0,1,1,0,0,0,0,1,0,2,2,2,2,2,2,2,2,2,2,2,2,2,0,1
Joseph Schenkenfelder,31,184,1,0,2,Lost,None,None,-38.18,4.5100002,0,2,2,2,2,0,2,0,2,2,0,2,2,2,0,2,2,0,2,2,2,0,4
Joshua Williams,31,184,1,0,2,Lost,None,None,-38.18,23.08,0,1,0,0,0,0,1,0,2,2,1,2,2,2,0,2,2,0,2,2,2,1,3
Renee Hoyos,31,184,1,0,2,Advanced,None,On the Ballot,-38.18,72.410004,1,1,0,0,0,0,0,0,2,2,1,2,2,2,1,2,2,1,2,2,2,3,1
Danielle Mitchell,31,185,1,0,2,Advanced,None,On the Ballot,-35.98,100.0,1,1,0,0,0,0,1,0,2,2,2,2,2,2,2,2,2,1,2,2,2,1,1
Christopher Hale,31,186,1,0,2,Lost,None,None,-41.48,34.720001,0,1,0,0,0,0,0,1,2,2,2,2,2,2,2,2,2,0,2,2,2,1,1
Mariah Phillips,31,186,1,0,2,Advanced,None,On the Ballot,-41.48,47.509997999999996,1,1,0,0,0,0,0,0,2,2,2,2,2,2,2,2,2,1,2,2,2,1,1
Steven Reynolds,31,186,1,0,2,Lost,None,None,-41.48,17.77,0,1,0,0,0,0,0,0,2,2,2,2,2,2,2,2,2,0,2,2,2,0,2
Christopher Finley,31,187,1,0,2,Lost,None,None,-49.110001000000004,15.06,0,2,2,2,2,0,2,0,2,2,0,2,2,2,2,2,2,0,2,2,2,0,3
Dawn Barlow,31,187,1,0,2,Advanced,None,On the Ballot,-49.110001000000004,54.509997999999996,1,1,0,0,0,0,1,0,2,2,1,2,2,2,2,2,2,0,2,2,2,1,2
Merrilee Wineinger,31,187,1,0,2,Lost,None,None,-49.110001000000004,22.059998999999998,0,1,0,0,0,0,0,0,2,2,0,2,2,2,2,2,2,1,2,2,2,1,2
Peter Heffernan,31,187,1,0,2,Lost,None,None,-49.110001000000004,8.369999900000002,0,2,2,2,2,0,2,0,2,2,0,2,2,2,2,2,2,0,2,2,2,0,3
Justin Kanew,31,188,1,0,2,Advanced,None,On the Ballot,-40.209998999999996,62.110001000000004,1,1,0,0,0,0,0,0,2,2,1,2,2,2,2,2,2,1,2,2,2,2,1
Matt Reel,31,188,1,0,2,Lost,None,None,-40.209998999999996,37.889998999999996,0,1,1,0,0,0,0,0,2,2,0,2,2,2,2,2,2,0,2,2,2,0,3
Erika Stotts Pearson,31,189,1,0,2,Advanced,None,On the Ballot,-37.560001,50.419998,1,0,0,0,0,0,0,0,2,2,2,2,2,2,2,2,2,0,2,2,2,0,2
John Boatner Jr.,31,189,1,0,2,Lost,None,None,-37.560001,49.580002,0,1,0,0,0,0,0,0,2,2,2,2,2,2,2,2,2,1,2,2,2,1,1
Gary Davis,31,235,2,0,2,Lost,None,None,-27.139999,5.2800002,0,2,2,2,2,0,2,0,2,2,2,0,2,2,2,2,2,2,2,2,2,0,2
John Wolfe,31,235,2,0,2,Lost,None,None,-27.139999,3.21,0,1,0,0,0,0,0,0,2,2,2,0,2,2,2,2,2,2,2,2,2,0,2
Phil Bredesen,31,235,2,0,2,Advanced,None,On the Ballot,-27.139999,91.510002,1,1,0,0,1,1,0,0,2,2,2,1,2,2,2,2,2,2,2,2,2,1,1
Adrian Ocegueda,32,20,0,0,8,Lost,None,None,-13.23,4.4000001,0,0,0,0,0,0,0,0,2,2,2,2,2,2,2,2,2,2,2,2,2,0,1
Andrew White,32,20,0,0,8,Advanced,Lost,None,-13.23,27.4,0,1,0,0,0,1,0,0,2,2,1,2,2,2,2,2,2,2,2,2,2,1,1
Cedric Davis,32,20,0,0,8,Lost,None,None,-13.23,8.2399998,0,0,0,0,1,0,0,0,2,2,2,2,2,2,2,2,2,2,2,2,2,0,1
Grady Yarbrough,32,20,0,0,8,Lost,None,None,-13.23,5.3699999000000025,0,0,0,0,0,0,0,0,2,2,2,2,2,2,2,2,2,2,2,2,2,0,1
James Clark,32,20,0,0,8,Lost,None,None,-13.23,2.1500001,0,1,0,0,0,0,0,0,2,2,2,2,2,2,2,2,2,2,2,2,2,0,1
Jeffrey Payne,32,20,0,0,8,Lost,None,None,-13.23,4.75,0,1,0,1,0,0,0,0,2,2,2,2,2,2,2,2,2,2,2,2,2,0,1
Joe Mumbach,32,20,0,0,8,Lost,None,None,-13.23,1.36,0,1,0,0,0,0,0,0,2,2,2,2,2,2,2,2,2,2,2,2,2,0,1
Lupe Valdez,32,20,0,0,8,Advanced,Advanced,On the Ballot,-13.23,42.91,1,0,1,1,1,0,0,0,2,2,0,2,2,2,2,2,2,2,2,2,2,0,2
Thomas Wakely,32,20,0,0,8,Lost,None,None,-13.23,3.4100001000000004,0,1,1,0,0,0,0,0,2,2,2,2,2,2,2,2,2,2,2,2,2,0,1
Brent Beal,32,190,1,0,8,Lost,None,None,-48.73,38.959998999999996,0,1,0,0,0,0,0,0,2,2,2,2,2,2,1,2,2,2,2,2,2,1,1
Shirley McKellar,32,190,1,0,8,Advanced,None,On the Ballot,-48.73,61.040001000000004,1,0,1,0,0,0,0,0,2,2,2,2,2,2,0,2,2,2,2,2,2,0,2
Kevin Nelson,32,191,1,0,8,Lost,None,None,-14.43,4.1199999,0,1,0,0,0,0,0,0,2,2,2,2,2,2,2,2,2,2,2,2,2,0,1
Madeline Eden,32,191,1,0,8,Lost,None,None,-14.43,14.27,0,1,0,1,0,0,1,0,2,2,2,2,2,2,2,2,2,2,2,2,2,0,1
Matt Harris,32,191,1,0,8,Lost,None,None,-14.43,7.320000200000001,0,1,0,0,0,0,1,0,2,2,2,2,2,2,2,2,2,2,2,2,2,0,1
Mike Siegel,32,191,1,0,8,Advanced,Advanced,On the Ballot,-14.43,40.0,1,1,0,0,0,0,0,0,2,2,1,2,2,2,1,2,2,2,2,2,2,2,1
Tami Walker,32,191,1,0,8,Lost,None,None,-14.43,15.56,0,1,0,0,0,0,0,0,2,2,2,2,2,2,2,2,2,2,2,2,2,0,1
Tawana Cadien,32,191,1,0,8,Advanced,Lost,None,-14.43,17.959999,0,0,0,0,0,0,0,0,2,2,1,2,2,2,2,2,2,2,2,2,2,1,1
Eric Pfalzgraf,32,192,1,0,8,Lost,None,None,-61.459998999999996,17.09,0,1,0,0,0,0,0,0,2,2,2,2,2,2,2,2,2,2,2,2,2,0,1
Jennie Lou Leeder,32,192,1,0,8,Advanced,None,On the Ballot,-61.459998999999996,82.910004,1,1,0,0,0,0,0,0,2,2,2,2,2,2,2,2,2,2,2,2,2,0,1
Vanessa Adia,32,193,1,0,8,Advanced,None,On the Ballot,-33.959998999999996,100.0,1,0,0,0,0,0,0,0,2,2,2,2,2,2,2,1,2,2,2,2,2,1,1
Greg Sagan,32,194,1,0,8,Advanced,None,On the Ballot,-65.209999,100.0,1,1,1,0,0,0,0,0,2,2,2,2,2,2,2,2,2,2,2,2,2,0,1
Adrienne Bell,32,195,1,0,8,Advanced,None,On the Ballot,-22.33,79.83000200000002,1,0,0,0,0,0,0,1,2,2,2,2,2,2,1,1,2,2,2,2,2,3,0
Levy Barnes Jr.,32,195,1,0,8,Lost,None,None,-22.33,20.17,0,0,0,0,0,0,0,0,2,2,2,2,2,2,0,0,2,2,2,2,2,0,3
Dori Fenenbock,32,196,1,0,8,Lost,None,None,35.419998,21.969998999999998,0,1,0,0,0,1,0,0,2,0,2,2,2,2,0,2,0,2,2,2,2,0,4
Enrique Garcia,32,196,1,0,8,Lost,None,None,35.419998,5.329999900000002,0,0,0,0,0,0,0,0,2,0,2,2,2,2,0,2,0,2,2,2,2,0,4
Jerome Tilghman,32,196,1,0,8,Lost,None,None,35.419998,2.97,0,0,1,0,0,0,0,0,2,0,2,2,2,2,0,2,0,2,2,2,2,0,4
John Carrillo,32,196,1,0,8,Lost,None,None,35.419998,1.55,0,0,0,0,0,0,0,0,2,0,2,2,2,2,0,2,0,2,2,2,2,0,4
Norma Chavez,32,196,1,0,8,Lost,None,None,35.419998,6.6599998,0,0,0,0,1,0,0,0,2,0,2,2,2,2,0,2,0,2,2,2,2,0,4
Veronica Escobar,32,196,1,0,8,Advanced,None,On the Ballot,35.419998,61.529999,1,0,0,0,1,0,0,0,2,1,2,2,2,2,1,2,1,2,2,2,2,3,1
Dale Mantey,32,197,1,0,8,Lost,None,None,-21.33,36.599998,0,1,0,0,0,0,1,0,2,2,2,2,2,2,1,2,2,2,2,2,2,1,1
Rick Kennedy,32,197,1,0,8,Advanced,None,On the Ballot,-21.33,63.400002,1,1,0,0,0,0,0,0,2,2,2,2,2,2,0,2,2,2,2,2,2,0,2
Miguel Levario,32,198,1,0,8,Advanced,None,On the Ballot,-51.43,100.0,1,0,0,0,0,0,0,0,2,2,2,2,2,2,2,2,2,2,2,2,2,0,1
Ali Khorasani,32,199,1,0,8,Lost,None,None,-16.33,7.5,0,0,0,1,0,0,1,0,2,2,2,2,2,2,1,0,2,2,2,2,2,1,2
H. P. Parvizian,32,199,1,0,8,Lost,None,None,-16.33,7.9099998,0,0,0,0,0,0,0,0,2,2,2,2,2,2,0,0,2,2,2,2,2,0,3
Jimmy Darnell Jones,32,199,1,0,8,Lost,None,None,-16.33,22.08,0,0,1,0,0,0,0,0,2,2,2,2,2,2,0,1,2,2,2,2,2,1,2
Silky Malik,32,199,1,0,8,Lost,None,None,-16.33,9.6999998,0,0,0,0,0,0,0,0,2,2,2,2,2,2,0,0,2,2,2,2,2,0,3
Todd Litton,32,199,1,0,8,Advanced,None,On the Ballot,-16.33,52.810001,1,1,0,0,0,0,0,0,2,2,2,2,2,2,0,0,2,2,2,2,2,0,3
Derrick Crowe,32,200,1,0,8,Lost,None,None,-15.51,23.049999,0,1,0,0,0,0,0,0,2,2,2,2,2,2,1,1,2,2,2,0,2,2,2
Elliott McFadden,32,200,1,0,8,Lost,None,None,-15.51,17.02,0,1,0,0,0,0,0,0,2,2,2,2,2,2,0,0,2,2,2,0,2,0,4
Joseph Kopser,32,200,1,0,8,Advanced,Advanced,On the Ballot,-15.51,29.030001000000002,1,1,1,0,0,0,1,0,2,2,1,2,2,2,0,0,2,2,2,1,2,2,3
Mary Wilson,32,200,1,0,8,Advanced,Lost,None,-15.51,30.9,0,1,0,1,0,0,1,0,2,2,1,2,2,2,0,1,2,2,2,0,2,2,3
Letitia Plummer,32,201,1,0,8,Advanced,Lost,None,-14.81,24.290001,0,0,0,0,0,0,1,0,2,2,0,2,2,2,0,1,2,2,2,2,2,1,3
Margarita Ruiz Johnson,32,201,1,0,8,Lost,None,None,-14.81,12.64,0,0,1,0,0,0,0,0,2,2,2,2,2,2,0,0,2,2,2,2,2,0,3
Mark Gibson,32,201,1,0,8,Lost,None,None,-14.81,10.24,0,0,1,0,0,0,0,0,2,2,2,2,2,2,0,0,2,2,2,2,2,0,3
Sri Preston Kulkarni,32,201,1,0,8,Advanced,Advanced,On the Ballot,-14.81,31.85,1,0,0,0,0,0,0,0,2,2,1,2,2,2,0,0,2,2,2,2,2,1,3
Steve Brown,32,201,1,0,8,Lost,None,None,-14.81,20.98,0,0,0,0,0,0,0,0,2,2,2,2,2,2,1,0,2,2,2,2,2,1,2
Angela Villescaz,32,202,1,0,8,Lost,None,None,-0.63,9.090000199999999,0,0,0,0,0,0,0,0,2,0,2,2,2,2,0,0,2,2,2,0,2,0,5
Gina Ortiz Jones,32,202,1,0,8,Advanced,Advanced,On the Ballot,-0.63,41.560001,1,0,1,1,0,0,0,0,1,1,1,2,2,2,0,0,2,2,2,1,2,4,3
Jay Hulings,32,202,1,0,8,Lost,None,None,-0.63,14.98,0,0,0,0,0,0,0,1,2,0,2,2,2,2,0,0,2,2,2,0,2,1,4
Judy Canales,32,202,1,0,8,Lost,None,None,-0.63,16.99,0,0,0,0,0,0,0,1,2,0,2,2,2,2,0,0,2,2,2,0,2,1,4
Rick Trevio,32,202,1,0,8,Advanced,Lost,None,-0.63,17.379998999999998,0,0,0,0,0,0,0,0,0,0,2,2,2,2,1,1,2,2,2,0,2,2,4
Jan McDowell,32,203,1,0,8,Advanced,None,On the Ballot,-12.78,52.470001,1,1,0,0,0,0,0,0,2,2,1,2,2,2,2,2,2,2,2,2,2,1,1
John Biggan,32,203,1,0,8,Lost,None,None,-12.78,21.52,0,1,0,0,0,0,1,0,2,2,2,2,2,2,2,2,2,2,2,2,2,0,1
Josh Imhoff,32,203,1,0,8,Lost,None,None,-12.78,6.02,0,1,0,0,0,0,0,0,2,2,2,2,2,2,2,2,2,2,2,2,2,0,1
Todd Allen,32,203,1,0,8,Lost,None,None,-12.78,20.0,0,1,0,0,0,0,0,0,2,2,2,2,2,2,2,2,2,2,2,2,2,0,1
Chetan Panda,32,204,1,0,8,Lost,None,None,-19.23,9.04,0,0,0,0,0,0,0,0,2,2,2,2,2,2,0,2,2,0,2,2,2,0,3
Chris Perri,32,204,1,0,8,Advanced,Lost,None,-19.23,32.790001000000004,0,1,0,0,0,0,0,0,2,2,1,2,2,2,1,2,2,1,2,2,2,3,1
Julie Oliver,32,204,1,0,8,Advanced,Advanced,On the Ballot,-19.23,26.440001000000002,1,1,0,0,0,0,0,0,2,2,1,2,2,2,0,2,2,0,2,2,2,1,3
Kathi Thomas,32,204,1,0,8,Lost,None,None,-19.23,21.16,0,1,0,0,0,0,0,0,2,2,2,2,2,2,0,2,2,0,2,2,2,0,3
West Hansen,32,204,1,0,8,Lost,None,None,-19.23,10.57,0,1,0,0,0,0,0,0,2,2,2,2,2,2,0,2,2,0,2,2,2,0,3
Linsey Fagan,32,205,1,0,8,Advanced,None,On the Ballot,-31.629998999999998,52.66,1,1,0,0,0,0,0,0,2,2,2,2,2,2,1,1,2,2,2,2,2,2,1
Will Fisher,32,205,1,0,8,Lost,None,None,-31.629998999999998,47.34,0,1,0,0,0,0,0,0,2,2,2,2,2,2,0,0,2,2,2,2,2,0,3
Eric Holguin,32,206,1,0,8,Advanced,Advanced,On the Ballot,-25.809998999999998,23.299999,1,0,0,1,0,0,0,0,2,2,2,2,2,2,1,2,2,2,2,2,2,1,1
Raul (Roy) Barrera,32,206,1,0,8,Advanced,Lost,None,-25.809998999999998,41.23,0,0,0,0,0,0,0,0,2,2,2,2,2,2,0,2,2,2,2,2,2,0,2
Ronnie McDonald,32,206,1,0,8,Lost,None,None,-25.809998999999998,16.389999,0,0,0,0,0,0,0,0,2,2,2,2,2,2,2,2,2,2,2,2,2,0,1
Vanessa Edwards Foster,32,206,1,0,8,Lost,None,None,-25.809998999999998,19.08,0,1,0,1,0,0,0,0,2,2,2,2,2,2,2,2,2,2,2,2,2,0,1
Augustine Reyes,32,207,1,0,8,Lost,None,None,39.970001,2.8299999,0,0,1,0,0,0,0,0,2,0,2,2,2,2,0,2,2,2,2,2,2,0,3
Dominique Garcia,32,207,1,0,8,Lost,None,None,39.970001,2.5799999,0,0,0,0,0,0,0,0,2,0,2,2,2,2,0,0,2,2,2,2,2,0,4
Hector Morales,32,207,1,0,8,Lost,None,None,39.970001,3.04,0,0,0,0,0,0,0,0,2,0,2,2,2,2,1,1,2,2,2,2,2,2,2
Pedro Valencia,32,207,1,0,8,Lost,None,None,39.970001,1.04,0,0,0,0,0,0,0,0,2,0,2,2,2,2,0,2,2,2,2,2,2,0,3
Roel Garcia,32,207,1,0,8,Lost,None,None,39.970001,6.5900002,0,0,0,0,0,0,0,0,2,0,2,2,2,2,0,2,2,2,2,2,2,0,3
Sylvia Garcia,32,207,1,0,8,Advanced,None,On the Ballot,39.970001,63.259997999999996,1,0,0,0,1,0,0,0,2,1,2,2,2,2,0,2,2,2,2,2,2,1,2
Tahir Javed,32,207,1,0,8,Lost,None,None,39.970001,20.67,0,0,0,0,0,1,0,0,2,0,2,2,2,2,0,2,2,2,2,2,2,0,3
Adam Bell,32,208,1,0,8,Lost,None,None,-20.709999,17.959999,0,1,0,0,0,0,0,0,2,2,1,2,2,2,2,0,2,2,2,2,2,1,2
Lorie Burch,32,208,1,0,8,Advanced,Advanced,On the Ballot,-20.709999,49.610001000000004,1,1,0,1,0,0,0,0,2,2,0,2,2,2,2,1,2,2,2,2,2,1,2
Medrick Yhap,32,208,1,0,8,Lost,None,None,-20.709999,3.76,0,0,0,0,0,0,0,0,2,2,0,2,2,2,2,0,2,2,2,2,2,0,3
Sam Johnson,32,208,1,0,8,Advanced,Lost,None,-20.709999,28.68,0,1,0,0,0,0,0,0,2,2,1,2,2,2,2,0,2,2,2,2,2,1,2
Christine Mann,32,209,1,0,8,Advanced,Lost,None,-17.379998999999998,33.509997999999996,0,1,0,0,0,0,1,0,2,2,1,2,2,2,1,2,2,2,2,2,2,2,1
Kent Lester,32,209,1,0,8,Lost,None,None,-17.379998999999998,10.32,0,1,1,0,0,0,0,0,2,2,0,2,2,2,0,2,2,2,2,2,2,0,3
M.J. Hegar,32,209,1,0,8,Advanced,Advanced,On the Ballot,-17.379998999999998,44.93,1,1,1,0,0,0,0,0,2,2,0,2,2,2,0,2,2,2,2,2,2,0,3
Mike Clark,32,209,1,0,8,Lost,None,None,-17.379998999999998,11.23,0,1,0,0,0,0,1,0,2,2,0,2,2,2,0,2,2,2,2,2,2,0,3
Brett Shipp,32,210,1,0,8,Lost,None,None,-4.98,16.34,0,1,0,0,0,0,0,0,0,0,0,2,2,2,2,2,2,2,2,2,2,0,4
Colin Allred,32,210,1,0,8,Advanced,Advanced,On the Ballot,-4.98,38.43,1,0,0,0,0,0,0,1,1,0,1,2,2,2,2,2,2,2,2,2,2,3,1
Ed Meier,32,210,1,0,8,Lost,None,None,-4.98,13.7,0,1,0,0,0,0,0,1,0,0,1,2,2,2,2,2,2,2,2,2,2,2,2
George Rodriguez,32,210,1,0,8,Lost,None,None,-4.98,7.5900002,0,0,0,0,0,0,0,0,0,0,0,2,2,2,2,2,2,2,2,2,2,0,4
Lillian Salerno,32,210,1,0,8,Advanced,Lost,None,-4.98,18.35,0,1,0,0,0,0,0,1,0,1,0,2,2,2,2,2,2,2,2,2,2,2,2
Ron Marshall,32,210,1,0,8,Lost,None,None,-4.98,3.24,0,1,1,0,0,0,1,0,0,0,0,2,2,2,2,2,2,2,2,2,2,0,4
Todd Maternowski,32,210,1,0,8,Lost,None,None,-4.98,2.3599999,0,1,0,0,0,0,0,0,0,0,0,2,2,2,2,2,2,2,2,2,2,0,4
Dayna Steele,32,211,1,0,8,Advanced,None,On the Ballot,-49.509997999999996,72.0,1,1,0,0,0,0,0,0,2,2,2,2,2,2,1,2,2,1,2,2,2,2,1
Jon Powell,32,211,1,0,8,Lost,None,None,-49.509997999999996,28.0,0,1,0,0,1,0,1,0,2,2,2,2,2,2,0,2,2,0,2,2,2,0,3
Catherine Krantz,32,212,1,0,8,Advanced,None,On the Ballot,-55.029999,68.620003,1,1,0,0,0,0,0,0,2,2,2,2,2,2,2,2,2,2,2,2,2,0,1
Lander Bethel,32,212,1,0,8,Lost,None,None,-55.029999,31.379998999999998,0,1,0,0,0,0,0,0,2,2,2,2,2,2,2,2,2,2,2,2,2,0,1
Dan Wood,32,213,1,0,8,Advanced,None,On the Ballot,-31.360001,100.0,1,1,0,0,1,0,0,0,2,2,2,2,2,2,2,2,2,2,2,2,2,0,1
Jana Lynne Sanchez,32,214,1,0,8,Advanced,Advanced,On the Ballot,-16.030001000000002,36.900002,1,0,0,0,0,0,0,0,2,2,2,2,2,2,0,2,2,2,2,2,2,0,2
John Duncan,32,214,1,0,8,Lost,None,None,-16.030001000000002,13.52,0,1,0,1,0,0,0,0,2,2,2,2,2,2,0,2,2,2,2,2,2,0,2
Justin Snider,32,214,1,0,8,Lost,None,None,-16.030001000000002,6.849999900000001,0,1,0,0,0,0,0,0,2,2,2,2,2,2,1,2,2,2,2,2,2,1,1
Levii Shocklee,32,214,1,0,8,Lost,None,None,-16.030001000000002,5.7800002,0,1,1,0,0,0,0,0,2,2,2,2,2,2,0,2,2,2,2,2,2,0,2
Ruby Faye Woolridge,32,214,1,0,8,Advanced,Lost,None,-16.030001000000002,36.950001,0,0,0,0,0,0,0,0,2,2,2,2,2,2,0,2,2,2,2,2,2,0,2
Alex Triantaphyllis,32,215,1,0,8,Lost,None,None,-6.809999900000001,15.73,0,1,0,0,0,0,0,0,2,0,2,2,2,2,0,0,2,2,0,2,2,0,5
Ivan Sanchez,32,215,1,0,8,Lost,None,None,-6.809999900000001,5.6900001,0,0,0,0,0,0,0,0,2,0,2,2,2,2,0,0,2,2,0,2,2,0,5
James Cargas,32,215,1,0,8,Lost,None,None,-6.809999900000001,1.96,0,1,0,0,0,0,0,0,2,0,2,2,2,2,0,0,2,2,0,2,2,0,5
Jason Westin,32,215,1,0,8,Lost,None,None,-6.809999900000001,19.16,0,1,0,0,0,0,1,0,2,0,2,2,2,2,0,0,2,2,0,2,2,0,5
Joshua Butler,32,215,1,0,8,Lost,None,None,-6.809999900000001,3.77,0,0,0,0,0,0,0,0,2,0,2,2,2,2,0,0,2,2,0,2,2,0,5
Laura Moser,32,215,1,0,8,Advanced,Lost,None,-6.809999900000001,24.34,0,1,0,0,0,0,0,0,0,0,2,2,2,2,1,1,2,2,1,2,2,3,3
Lizzie Pannill Fletcher,32,215,1,0,8,Advanced,Advanced,On the Ballot,-6.809999900000001,29.360001,1,1,0,0,0,0,0,0,2,1,2,2,2,2,0,0,2,2,0,2,2,1,4
Steven David,32,216,1,0,8,Advanced,None,On the Ballot,-52.959998999999996,100.0,1,1,0,0,0,0,0,0,2,2,2,2,2,2,2,2,2,2,2,2,2,0,1
Beto O'Rourke,32,236,2,0,8,Advanced,None,On the Ballot,-13.23,61.810001,1,1,0,0,1,0,0,0,2,2,2,2,2,2,2,2,2,1,2,2,2,1,1
Edward Kimbrough,32,236,2,0,8,Lost,None,None,-13.23,14.47,0,0,0,0,0,0,1,0,2,2,2,2,2,2,2,2,2,0,2,2,2,0,2
Sema Hernandez,32,236,2,0,8,Lost,None,None,-13.23,23.719998999999998,0,0,0,0,0,0,0,0,2,2,2,2,2,2,2,2,2,0,2,2,2,0,2
Kurt Weiland,33,217,1,0,5,Lost,None,None,-37.259997999999996,43.150002,0,1,1,0,0,0,0,0,2,2,2,2,2,2,2,2,2,2,2,2,2,0,1
Lee Castillo,33,217,1,0,5,Advanced,None,On the Ballot,-37.259997999999996,56.849998,1,0,0,1,0,0,0,0,2,2,2,2,2,2,2,2,2,2,2,2,2,0,1
Shireen Ghorbani,33,218,1,0,5,Advanced,None,On the Ballot,-22.73,100.0,1,0,0,0,0,0,0,0,2,2,2,2,2,2,2,2,2,2,2,2,2,0,1
James Singer,33,219,1,0,5,Advanced,None,On the Ballot,-35.16,100.0,1,0,0,0,0,0,0,0,2,2,2,2,2,2,2,2,2,2,2,2,2,0,1
Ben McAdams,33,220,1,0,5,Advanced,None,On the Ballot,-16.809998999999998,100.0,1,1,0,0,1,0,0,0,1,2,2,2,2,2,2,2,2,2,2,2,2,1,1
Jenny Wilson,33,237,2,0,5,Advanced,None,On the Ballot,-28.1,100.0,1,1,0,0,1,0,0,0,2,2,2,2,2,2,2,2,2,2,2,2,2,0,1
Edwin Santana,34,221,1,0,0,Lost,None,None,-14.81,32.900002,0,0,1,0,0,0,0,0,2,2,0,2,2,2,1,2,2,2,2,2,2,1,2
John Suddarth,34,221,1,0,0,Lost,None,None,-14.81,27.129998999999998,0,1,1,0,0,0,1,0,2,2,1,2,2,2,0,2,2,2,2,2,2,1,2
Vangie Williams,34,221,1,0,0,Advanced,None,On the Ballot,-14.81,39.970001,1,0,0,0,0,0,0,0,2,2,1,2,2,2,0,2,2,2,2,2,2,1,2
Alison Kiehl Friedman,34,222,1,0,0,Lost,None,None,4.6900001,22.959999,0,1,0,0,0,1,0,1,2,2,1,2,2,2,0,2,2,2,2,0,2,2,2
Dan Helmer,34,222,1,0,0,Lost,None,None,4.6900001,12.55,0,1,1,0,0,0,0,0,2,2,1,2,2,2,0,2,2,2,2,1,2,2,2
Jennifer Wexton,34,222,1,0,0,Advanced,None,On the Ballot,4.6900001,41.889998999999996,1,1,0,0,1,0,0,0,2,2,1,2,2,2,0,2,2,2,2,0,2,1,3
Julia Biggins,34,222,1,0,0,Lost,None,None,4.6900001,2.8299999,0,1,0,0,0,0,1,0,2,2,1,2,2,2,1,2,2,2,2,0,2,2,2
Lindsey Davis Stover,34,222,1,0,0,Lost,None,None,4.6900001,16.02,0,1,0,0,0,0,0,1,2,2,1,2,2,2,0,2,2,2,2,0,2,2,2
Paul Pelletier,34,222,1,0,0,Lost,None,None,4.6900001,3.76,0,1,0,0,0,0,0,0,2,2,1,2,2,2,0,2,2,2,2,0,2,1,3
Elaine Luria,34,223,1,0,0,Advanced,None,On the Ballot,-5.6599998,62.330002,1,1,1,0,0,0,1,0,1,1,1,2,2,2,2,2,2,2,0,1,2,4,2
Karen Mallard,34,223,1,0,0,Lost,None,None,-5.6599998,37.669998,0,1,0,0,0,0,0,0,0,0,1,2,2,2,2,2,2,2,1,0,2,2,4
Leslie Cockburn,34,224,1,0,0,Advanced,None,On the Ballot,-12.51,100.0,1,1,0,0,0,0,0,0,2,1,2,2,2,2,2,2,2,2,2,2,2,1,1
Charlotte Moore,34,225,1,0,0,Lost,None,None,-25.959999,18.450001,0,1,0,0,1,0,0,0,2,2,0,2,2,2,0,2,2,2,2,2,2,0,3
Jennifer Lewis,34,225,1,0,0,Advanced,None,On the Ballot,-25.959999,47.669998,1,1,0,0,0,0,0,0,2,2,1,2,2,2,1,2,2,2,2,2,2,2,1
Peter Volosin,34,225,1,0,0,Lost,None,None,-25.959999,27.190001000000002,0,1,0,1,0,0,1,0,2,2,0,2,2,2,0,2,2,2,2,2,2,0,3
Sergio Coppola,34,225,1,0,0,Lost,None,None,-25.959999,6.679999799999999,0,1,0,0,0,0,1,0,2,2,0,2,2,2,0,2,2,2,2,2,2,0,3
Abigail Spanberger,34,226,1,0,0,Advanced,None,On the Ballot,-10.03,72.68,1,1,0,0,0,0,0,0,2,1,1,2,2,2,2,2,2,2,2,0,2,2,2
Dan Ward,34,226,1,0,0,Lost,None,None,-10.03,27.32,0,1,1,0,0,0,0,0,2,0,1,2,2,2,2,2,2,2,2,1,2,2,2
Anthony Flaccavento,34,227,1,0,0,Advanced,None,On the Ballot,-40.709998999999996,78.639999,1,1,0,0,0,0,0,0,2,2,2,2,2,2,1,2,2,2,2,2,2,1,1
Justin Santopietro,34,227,1,0,0,Lost,None,None,-40.709998999999996,21.360001,0,1,0,0,0,0,0,0,2,2,2,2,2,2,0,2,2,2,2,2,2,0,2
Kendra Fershee,35,228,1,0,10,Advanced,None,On the Ballot,-40.41,47.240002000000004,1,1,0,0,0,0,0,0,2,2,2,2,2,2,2,2,2,2,2,2,2,0,1
Ralph Baxter,35,228,1,0,10,Lost,None,None,-40.41,38.119999,0,1,0,0,0,0,0,0,2,2,2,2,2,2,2,2,2,2,2,2,2,0,1
Tom Payne,35,228,1,0,10,Lost,None,None,-40.41,14.64,0,1,1,0,0,0,1,0,2,2,2,2,2,2,2,2,2,2,2,2,2,0,1
Aaron Scheinberg,35,229,1,0,10,Lost,None,None,-35.330002,37.43,0,1,1,0,0,0,0,0,2,2,2,2,2,2,2,2,2,2,2,1,2,1,1
Talley Sergent,35,229,1,0,10,Advanced,None,On the Ballot,-35.330002,62.57,1,1,0,0,0,0,0,1,2,2,2,2,2,2,2,2,2,2,2,0,2,1,1
Janice Hagerman,35,230,1,0,10,Lost,None,None,-47.48,7.2399998,0,1,0,0,0,0,0,0,2,2,2,2,2,2,2,2,2,2,0,0,2,0,3
Paul Davis,35,230,1,0,10,Lost,None,None,-47.48,15.96,0,1,0,0,0,0,0,0,2,2,2,2,2,2,2,2,2,2,0,0,2,0,3
Richard Ojeda,35,230,1,0,10,Advanced,None,On the Ballot,-47.48,52.16,1,0,1,0,1,0,0,0,2,2,2,2,2,2,2,2,2,2,1,1,2,2,1
Shirley Love,35,230,1,0,10,Lost,None,None,-47.48,24.639999,0,1,0,0,0,0,0,0,2,2,2,2,2,2,2,2,2,2,0,0,2,0,3
