candidate,twitter_handle,state,district,office_type,race_type,race_primary_election_date,primary_status,primary_runoff_status,general_status,primary_pctg,won_primary,rep_party_support,trump_endorsed,bannon_endorsed,great_america_endorsed,nra_endorsed,right_to_life_endorsed,susan_b_anthony_endorsed,club_for_growth_endorsed,koch_support,house_freedom_support,tea_party_endorsed,main_street_endorsed,chamber_endorsed,no_labels_support
523,,0,0,0,1,12,Advanced,None,On the Ballot,61.8,1,2,2,2,2,2,2,2,2,2,2,2,2,2,2
512,,0,0,0,1,12,Lost,None,None,2.2,0,2,2,2,2,2,2,2,2,2,2,2,2,2,2
496,,0,0,0,1,12,Lost,None,None,31.9,0,2,2,2,2,2,2,2,2,2,2,2,2,2,2
171,,0,0,0,1,12,Lost,None,None,0.6,0,2,2,2,2,2,2,2,2,2,2,2,2,2,2
696,,0,0,0,1,12,Lost,None,None,1.3,0,2,2,2,2,2,2,2,2,2,2,2,2,2,2
500,,0,0,0,1,12,Lost,None,None,1.5,0,2,2,2,2,2,2,2,2,2,2,2,2,2,2
258,,0,0,0,1,12,Lost,None,None,0.7,0,2,2,2,2,2,2,2,2,2,2,2,2,2,2
683,,1,22,1,1,13,Lost,None,None,37.8,0,1,2,2,2,2,2,2,1,2,2,1,2,2,2
743,,1,22,1,1,13,Advanced,None,On the Ballot,43.4,1,1,2,2,2,2,2,2,0,2,2,0,2,2,2
703,,1,22,1,1,13,Lost,None,None,18.8,0,1,2,2,2,2,2,2,0,2,2,0,2,2,2
442,,1,23,1,1,13,Advanced,None,On the Ballot,33.6,1,1,2,2,2,2,2,2,2,1,2,2,2,2,2
111,,1,23,1,1,13,Lost,None,None,21.4,0,0,2,2,2,2,2,2,2,0,2,2,2,2,2
168,,1,23,1,1,13,Lost,None,None,15.9,0,0,2,2,2,2,2,2,2,0,2,2,2,2,2
77,,1,23,1,1,13,Lost,None,None,29.1,0,0,2,2,2,2,2,2,2,0,2,2,2,2,2
222,,1,24,1,1,13,Lost,None,None,21.4,0,2,2,2,2,2,2,2,2,2,2,2,2,2,2
654,,1,24,1,1,13,Lost,None,None,27.3,0,2,2,2,2,2,2,2,2,2,2,2,2,2,2
545,,1,24,1,1,13,Advanced,None,On the Ballot,51.4,1,2,2,2,2,2,2,2,2,2,2,2,2,2,2
193,,1,25,1,2,0,Advanced,None,On the Ballot,35.77,1,2,2,2,2,2,2,1,2,1,1,2,2,2,2
70,,1,25,1,2,0,Lost,None,None,5.37,0,2,2,2,2,2,2,0,2,0,0,2,2,2,2
136,,1,25,1,2,0,Lost,None,None,2.37,0,2,2,2,2,2,2,0,2,0,0,2,2,2,2
576,,1,25,1,2,0,Lost,None,None,23.88,0,2,2,2,2,2,2,0,2,0,0,2,2,2,2
592,,1,25,1,2,0,Lost,None,None,1.42,0,2,2,2,2,2,2,0,2,0,0,2,2,2,2
672,,1,25,1,2,0,Lost,None,None,0.48,0,2,2,2,2,2,2,0,2,0,0,2,2,2,2
679,,1,25,1,2,0,Lost,None,None,23.82,0,2,2,2,2,2,2,0,2,0,0,2,2,2,2
133,,1,25,1,2,0,Lost,None,None,1.92,0,2,2,2,2,2,2,0,2,0,0,2,2,2,2
182,,1,25,1,2,0,Lost,None,None,1.77,0,2,2,2,2,2,2,0,2,0,0,2,2,2,2
113,,1,25,1,2,0,Lost,None,None,1.05,0,2,2,2,2,2,2,0,2,0,0,2,2,2,2
78,,1,25,1,2,0,Lost,None,None,1.03,0,2,2,2,2,2,2,0,2,0,0,2,2,2,2
476,,1,25,1,2,0,Lost,None,None,1.12,0,2,2,2,2,2,2,0,2,0,0,2,2,2,2
174,,1,26,1,1,13,Lost,None,None,33.3,0,0,2,2,2,2,2,2,2,2,2,2,2,2,2
676,,1,26,1,1,13,Advanced,None,On the Ballot,58.9,1,1,2,2,2,2,2,2,2,2,2,2,2,2,2
286,,1,26,1,1,13,Lost,None,None,7.8,0,0,2,2,2,2,2,2,2,2,2,2,2,2,2
345,,1,219,2,1,13,Lost,None,None,18.9,0,2,2,0,0,2,2,2,2,0,2,2,2,2,2
408,,1,219,2,1,13,Lost,None,None,28.1,0,2,2,1,1,2,2,2,2,0,2,2,2,2,2
479,,1,219,2,1,13,Advanced,None,On the Ballot,53.0,1,2,2,0,0,2,2,2,2,1,2,2,2,2,2
357,,2,1,0,1,8,Advanced,None,On the Ballot,70.15,1,2,1,2,2,2,1,2,2,2,2,2,2,2,2
573,,2,1,0,1,8,Lost,None,None,1.08,0,2,0,2,2,2,0,2,2,2,2,2,2,2,2
609,,2,1,0,1,8,Lost,None,None,1.77,0,2,0,2,2,2,0,2,2,2,2,2,2,2,2
725,,2,1,0,1,8,Lost,None,None,26.15,0,2,0,2,2,2,0,2,2,2,2,2,2,2,2
754,,2,1,0,1,8,Lost,None,None,0.85,0,2,0,2,2,2,0,2,2,2,2,2,2,2,2
362,,2,27,1,1,8,Advanced,None,On the Ballot,100.0,1,2,2,2,2,2,2,2,2,2,2,2,2,2,2
449,,2,28,1,1,8,Advanced,None,On the Ballot,100.0,1,2,2,2,2,2,2,2,2,2,2,2,2,2,2
150,,2,29,1,1,8,Advanced,None,On the Ballot,100.0,1,2,2,2,2,2,2,2,2,2,2,2,2,2,2
627,,2,30,1,1,8,Advanced,None,On the Ballot,100.0,1,2,2,2,2,2,2,2,2,2,2,2,2,2,2
228,,2,31,1,1,8,Advanced,None,On the Ballot,100.0,1,1,2,2,2,2,2,2,2,2,2,2,2,2,2
619,,2,32,1,1,8,Advanced,None,On the Ballot,100.0,1,2,2,2,2,2,2,2,2,2,2,2,2,2,2
128,,2,33,1,1,8,Advanced,None,On the Ballot,100.0,1,2,2,2,2,2,2,2,2,2,2,2,2,2,2
152,,2,34,1,1,8,Advanced,None,On the Ballot,100.0,1,2,2,2,2,2,2,2,2,2,2,2,2,2,2
399,,2,35,1,1,8,Advanced,None,On the Ballot,78.37,1,1,2,2,2,1,2,2,2,2,2,2,2,2,2
505,,2,35,1,1,8,Lost,None,None,21.63,0,0,2,2,2,0,2,2,2,2,2,2,2,2,2
28,,2,36,1,1,8,Advanced,None,On the Ballot,53.04,1,2,2,2,2,2,2,2,2,2,2,2,2,2,2
321,,2,36,1,1,8,Lost,None,None,46.96,0,2,2,2,2,2,2,2,2,2,2,1,2,2,2
382,,2,37,1,1,8,Advanced,None,On the Ballot,100.0,1,2,2,2,2,2,2,2,2,2,2,2,2,2,2
46,,2,38,1,1,8,Advanced,None,On the Ballot,100.0,1,2,2,2,2,2,2,2,2,2,2,2,2,2,2
117,,2,39,1,1,8,Advanced,None,On the Ballot,100.0,1,2,2,2,2,2,1,2,2,2,2,2,2,2,2
473,,2,40,1,1,8,Advanced,None,On the Ballot,100.0,1,2,2,2,2,2,2,2,2,2,2,2,2,2,2
652,,2,41,1,1,8,Advanced,None,On the Ballot,100.0,1,1,2,2,2,2,2,2,2,2,2,2,2,2,2
415,,2,42,1,1,8,Advanced,None,On the Ballot,100.0,1,2,2,2,2,2,2,2,2,2,2,2,2,2,2
618,,2,43,1,1,8,Advanced,None,On the Ballot,100.0,1,2,2,2,2,2,2,2,2,2,2,2,2,2,2
124,,2,44,1,1,8,Advanced,None,On the Ballot,100.0,1,2,2,2,2,2,2,2,2,2,2,2,2,2,2
429,,2,45,1,1,8,Advanced,None,On the Ballot,51.61,1,1,2,2,2,2,2,1,2,2,2,2,2,2,2
667,,2,45,1,1,8,Lost,None,None,10.41,0,0,2,2,2,2,2,0,2,2,2,2,2,2,2
155,,2,45,1,1,8,Lost,None,None,17.39,0,0,2,2,2,2,2,0,2,2,2,2,2,2,2
208,,2,45,1,1,8,Lost,None,None,11.21,0,0,2,2,2,2,2,0,2,2,2,2,2,2,2
604,,2,45,1,1,8,Lost,None,None,9.38,0,0,2,2,2,2,2,0,2,2,2,2,2,2,2
632,,2,46,1,1,8,Advanced,None,On the Ballot,100.0,1,2,2,2,2,2,2,2,2,2,2,2,2,2,2
752,,2,47,1,1,8,Advanced,None,On the Ballot,39.79,1,1,2,2,2,2,2,1,2,2,2,1,1,2,2
66,,2,47,1,1,8,Lost,None,None,11.53,0,0,2,2,2,2,2,0,2,2,2,0,0,2,2
359,,2,47,1,1,8,Lost,None,None,2.24,0,0,2,2,2,2,2,0,2,2,2,0,0,2,2
575,,2,47,1,1,8,Lost,None,None,21.22,0,0,2,2,2,2,2,0,2,2,2,0,0,2,2
662,,2,47,1,1,8,Lost,None,None,12.45,0,1,2,2,2,2,2,0,2,2,2,0,0,2,2
17,,2,47,1,1,8,Lost,None,None,1.05,0,0,2,2,2,2,2,0,2,2,2,0,0,2,2
685,,2,47,1,1,8,Lost,None,None,5.29,0,0,2,2,2,2,2,0,2,2,2,0,0,2,2
5,,2,48,1,1,8,Advanced,None,On the Ballot,100.0,1,2,2,2,2,2,2,2,2,2,2,2,2,2,2
548,,2,49,1,1,8,Advanced,None,On the Ballot,56.02,1,2,2,2,2,2,2,2,2,2,2,2,2,2,2
240,,2,49,1,1,8,Lost,None,None,27.54,0,2,2,2,2,2,2,2,2,2,2,2,2,2,2
225,,2,49,1,1,8,Lost,None,None,16.44,0,2,2,2,2,2,2,2,2,2,2,2,2,2,2
313,,2,50,1,1,8,Lost,None,None,58.53,0,2,2,2,2,2,2,2,2,2,2,2,2,2,2
664,,2,50,1,1,8,Lost,None,None,41.47,0,2,2,2,2,2,2,2,2,2,2,2,2,2,2
631,,2,51,1,1,8,Advanced,None,On the Ballot,100.0,1,2,2,2,2,2,2,2,2,2,2,2,2,2,2
353,,2,52,1,1,8,Advanced,None,On the Ballot,54.48,1,2,2,2,2,2,2,2,2,2,2,2,2,2,2
178,,2,52,1,1,8,Lost,None,None,45.52,0,2,2,2,2,2,2,2,2,2,2,2,2,2,2
198,,2,53,1,1,8,Advanced,None,On the Ballot,52.93,1,1,2,2,2,2,2,2,2,2,2,1,2,2,2
435,,2,53,1,1,8,Lost,None,None,18.34,0,1,2,2,2,2,2,2,2,2,2,0,2,2,2
615,,2,53,1,1,8,Lost,None,None,15.66,0,1,2,2,2,2,2,2,2,2,2,0,2,2,2
393,,2,53,1,1,8,Lost,None,None,1.55,0,0,2,2,2,2,2,2,2,2,2,0,2,2,2
87,,2,53,1,1,8,Lost,None,None,6.26,0,0,2,2,2,2,2,2,2,2,2,0,2,2,2
148,,2,53,1,1,8,Lost,None,None,1.31,0,0,2,2,2,2,2,2,2,2,2,0,2,2,2
184,,2,53,1,1,8,Lost,None,None,1.22,0,0,2,2,2,2,2,2,2,2,2,0,2,2,2
529,,2,53,1,1,8,Lost,None,None,2.72,0,0,2,2,2,2,2,2,2,2,2,0,2,2,2
395,,2,54,1,1,8,Advanced,None,On the Ballot,49.39,1,2,2,2,2,2,2,2,2,2,2,2,2,2,2
452,,2,54,1,1,8,Lost,None,None,53.9,0,2,2,2,2,2,2,2,2,2,2,2,2,2,2
377,,2,54,1,1,8,Lost,None,None,45.22,0,2,2,2,2,2,2,2,2,2,2,2,2,2,2
549,,2,55,1,1,8,Advanced,None,On the Ballot,37.28,1,0,2,2,2,2,2,2,2,2,2,2,2,2,2
301,,2,55,1,1,8,Lost,None,None,27.81,0,0,2,2,2,2,2,2,2,2,2,2,2,2,2
365,,2,55,1,1,8,Lost,None,None,8.25,0,0,2,2,2,2,2,2,2,2,2,2,2,2,2
166,,2,55,1,1,8,Lost,None,None,11.2,0,0,2,2,2,2,2,2,2,2,2,2,2,2,2
502,,2,55,1,1,8,Lost,None,None,9.57,0,1,2,2,2,2,2,2,2,2,2,2,2,2,2
314,,2,55,1,1,8,Lost,None,None,5.88,0,0,2,2,2,2,2,2,2,2,2,2,2,2,2
534,,2,56,1,1,8,Advanced,None,On the Ballot,42.73,1,2,2,2,2,2,2,2,2,2,2,2,2,2,2
489,,2,56,1,1,8,Lost,None,None,40.43,0,2,2,2,2,2,2,2,2,2,2,2,2,2,2
79,,2,56,1,1,8,Lost,None,None,5.93,0,2,2,2,2,2,2,2,2,2,2,2,2,2,2
660,,2,56,1,1,8,Lost,None,None,10.91,0,2,2,2,2,2,2,2,2,2,2,2,2,2,2
16,,2,57,1,1,8,Advanced,None,On the Ballot,69.15,1,1,2,2,2,2,2,2,2,2,2,2,2,1,2
751,,2,57,1,1,8,Lost,None,None,30.85,0,0,2,2,2,2,2,2,2,2,2,2,2,0,2
477,,2,58,1,1,8,Advanced,None,On the Ballot,100.0,1,2,2,2,2,2,1,2,2,2,2,2,2,2,2
331,,2,220,2,1,8,Lost,None,None,3.04,0,2,2,2,2,2,0,2,2,2,2,2,2,2,2
423,,2,220,2,1,8,Lost,None,None,3.94,0,2,2,2,2,2,0,2,2,2,2,2,2,2,2
623,,2,220,2,1,8,Lost,None,None,6.11,0,2,2,2,2,2,0,2,2,2,2,2,2,2,2
718,,2,220,2,1,8,Lost,None,None,9.26,0,2,2,2,2,2,0,2,2,2,2,2,2,2,2
557,,2,220,2,1,8,Lost,None,None,4.06,0,2,2,2,2,2,0,2,2,2,2,2,2,2,2
233,,2,220,2,1,8,Lost,None,None,12.06,0,2,2,2,2,2,0,2,2,2,2,2,2,2,2
464,,2,220,2,1,8,Lost,None,None,1.77,0,2,2,2,2,2,0,2,2,2,2,2,2,2,2
564,,2,220,2,1,8,Lost,None,None,14.59,0,2,2,2,2,2,1,2,2,2,2,2,2,2,2
35,,2,220,2,1,8,Lost,None,None,15.82,0,2,2,2,2,2,0,2,2,2,2,2,2,2,2
296,,2,220,2,1,8,Lost,None,None,25.08,0,2,2,2,2,2,0,2,2,2,2,2,2,2,2
358,,2,220,2,1,8,Lost,None,None,4.24,0,2,2,2,2,2,0,2,2,2,2,2,2,2,2
740,,3,2,0,1,7,Advanced,None,On the Ballot,47.67,1,2,2,2,2,2,2,2,2,2,2,2,2,2,2
268,,3,2,0,1,7,Lost,None,None,13.2,0,2,2,2,2,2,2,2,2,2,2,2,2,2,2
735,,3,2,0,1,7,Lost,None,None,30.12,0,2,2,2,2,2,2,2,2,2,2,2,2,2,2
211,,3,2,0,1,7,Lost,None,None,9.01,0,2,2,2,2,2,2,2,2,2,2,2,2,2,2
112,,3,59,1,1,7,Advanced,None,On the Ballot,100.0,1,2,2,2,2,2,2,2,2,2,2,2,2,2,2
572,,3,60,1,1,7,Advanced,None,On the Ballot,100.0,1,2,2,2,2,2,2,2,2,2,2,2,2,2,2
465,,3,61,1,1,7,Advanced,None,On the Ballot,100.0,1,2,2,2,2,2,2,2,2,2,2,2,2,2,2
69,,4,3,0,1,10,Advanced,None,On the Ballot,29.3,1,2,2,2,2,2,2,2,2,2,2,2,2,2,2
466,,4,3,0,1,10,Lost,None,None,21.2,0,2,2,2,2,2,2,2,2,2,2,2,2,2,2
681,,4,3,0,1,10,Lost,None,None,13.5,0,2,2,2,2,2,2,2,2,2,2,2,2,2,2
706,,4,3,0,1,10,Lost,None,None,17.6,0,2,2,2,2,2,2,2,2,2,2,2,2,2,2
189,,4,3,0,1,10,Lost,None,None,18.4,0,2,2,2,2,2,2,2,2,2,2,2,2,2,2
324,,4,62,1,1,10,Advanced,None,On the Ballot,100.0,1,2,2,2,2,2,2,2,2,2,2,2,2,2,2
162,,4,63,1,1,10,Advanced,None,On the Ballot,100.0,1,2,2,2,2,2,2,2,2,2,2,2,2,2,2
22,,4,64,1,1,10,Advanced,None,On the Ballot,100.0,1,2,2,2,2,2,2,2,2,2,2,2,2,2,2
280,,4,65,1,1,10,Advanced,None,On the Ballot,100.0,1,2,2,2,2,2,2,2,2,2,2,2,2,2,2
459,,4,66,1,1,10,Advanced,None,On the Ballot,51.7,1,2,2,2,2,2,2,2,2,2,2,2,2,2,2
626,,4,66,1,1,10,Lost,None,None,26.7,0,2,2,2,2,2,2,2,2,2,2,2,2,2,2
590,,4,66,1,1,10,Lost,None,None,21.7,0,2,2,2,2,2,2,2,2,2,2,2,2,2,2
492,,4,221,2,1,10,Advanced,None,On the Ballot,76.7,1,2,2,2,2,2,2,2,2,2,2,2,2,2,2
201,,4,221,2,1,10,Lost,None,None,23.3,0,2,2,2,2,2,2,2,2,2,2,2,2,2,2
445,,5,67,1,1,19,Lost,None,None,47.0,0,2,2,2,2,2,2,2,2,2,2,2,2,2,2
651,,5,67,1,1,19,Advanced,None,On the Ballot,53.0,1,2,2,2,2,2,2,2,2,2,2,2,2,2,2
250,,5,222,2,1,19,Lost,None,None,28.0,0,2,2,2,2,2,2,2,2,2,2,2,2,2,2
603,,5,222,2,1,19,Advanced,None,On the Ballot,66.8,1,2,2,2,2,2,2,2,2,2,2,2,2,2,2
623,,5,222,2,1,19,Lost,None,None,5.3,0,2,2,2,2,2,2,2,2,2,2,2,2,2,2
93,,6,4,0,1,13,Lost,None,None,0.9,0,2,2,2,2,2,0,2,2,0,2,2,2,0,2
621,,6,4,0,1,13,Advanced,None,On the Ballot,56.5,1,2,1,2,2,2,2,2,2,1,2,2,2,0,2
202,,6,4,0,1,13,Lost,None,None,0.8,0,2,0,2,2,2,0,2,2,0,2,2,2,0,2
71,,6,4,0,1,13,Lost,None,None,2.0,0,2,0,2,2,2,0,2,2,0,2,2,2,0,2
3,,6,4,0,1,13,Lost,None,None,36.6,0,2,0,2,2,2,2,2,2,0,2,2,2,1,2
713,,6,4,0,1,13,Lost,None,None,1.3,0,2,0,2,2,2,0,2,2,0,2,2,2,0,2
68,,6,4,0,1,13,Lost,None,None,1.2,0,2,0,2,2,2,0,2,2,0,2,2,2,0,2
368,,6,4,0,1,13,Lost,None,None,0.7,0,2,0,2,2,2,0,2,2,0,2,2,2,0,2
253,,6,68,1,1,13,Advanced,None,On the Ballot,56.0,1,2,2,2,2,2,1,2,2,2,2,2,2,2,2
75,,6,68,1,1,13,Lost,None,None,44.0,0,2,2,2,2,2,0,2,2,2,2,2,2,2,2
538,,6,69,1,1,13,Lost,None,None,34.1,0,2,2,2,2,2,0,2,2,2,2,2,2,2,2
625,,6,69,1,1,13,Advanced,None,On the Ballot,43.7,1,2,2,2,2,2,2,2,2,2,2,2,2,2,2
653,,6,69,1,1,13,Lost,None,None,10.0,0,2,2,2,2,2,0,2,2,2,2,2,2,2,2
167,,6,69,1,1,13,Lost,None,None,6.7,0,2,2,2,2,2,2,2,2,2,2,2,2,2,2
215,,6,69,1,1,13,Lost,None,None,5.5,0,2,2,2,2,2,0,2,2,2,2,2,2,2,2
272,,6,70,1,1,13,Advanced,None,On the Ballot,62.4,1,2,2,2,2,1,2,2,1,1,1,1,0,0,2
397,,6,70,1,1,13,Lost,None,None,18.3,0,2,2,2,2,0,2,2,0,0,0,0,1,1,2
53,,6,70,1,1,13,Lost,None,None,19.3,0,2,2,2,2,0,0,2,0,0,0,0,0,0,2
544,,6,71,1,1,13,Advanced,None,On the Ballot,41.0,1,2,2,2,2,2,0,2,2,2,2,2,2,2,2
310,,6,71,1,1,13,Lost,None,None,33.9,0,2,2,2,2,2,1,2,2,2,2,2,2,2,2
221,,6,71,1,1,13,Lost,None,None,25.1,0,2,2,2,2,2,0,2,2,2,2,2,2,2,2
104,,6,72,1,1,13,Lost,None,None,21.5,0,2,2,2,2,2,2,2,2,2,2,2,2,2,2
346,,6,72,1,1,13,Advanced,None,On the Ballot,44.7,1,2,2,2,2,2,2,2,2,2,2,2,2,2,2
105,,6,72,1,1,13,Lost,None,None,33.8,0,2,2,2,2,2,2,2,2,2,2,2,2,2,2
94,,6,73,1,1,13,Lost,None,None,25.7,0,1,2,2,2,2,0,2,2,2,2,2,0,2,2
463,,6,73,1,1,13,Lost,None,None,8.0,0,0,2,2,2,2,1,2,2,2,2,2,0,2,2
51,,6,73,1,1,13,Lost,None,None,4.3,0,0,2,2,2,2,0,2,2,2,2,2,0,2,2
262,,6,73,1,1,13,Lost,None,None,1.9,0,0,2,2,2,2,0,2,2,2,2,2,0,2,2
23,,6,73,1,1,13,Lost,None,None,6.9,0,0,2,2,2,2,0,2,2,2,2,2,0,2,2
462,,6,73,1,1,13,Advanced,None,On the Ballot,40.5,1,1,2,2,2,2,0,2,2,2,2,2,1,2,2
509,,6,73,1,1,13,Lost,None,None,3.8,0,0,2,2,2,2,0,2,2,2,2,2,0,2,2
227,,6,73,1,1,13,Lost,None,None,2.0,0,0,2,2,2,2,0,2,2,2,2,2,0,2,2
674,,6,73,1,1,13,Lost,None,None,7.0,0,0,2,2,2,2,0,2,2,2,2,2,0,2,2
737,,6,74,1,1,13,Advanced,None,On the Ballot,100.0,1,2,2,2,2,2,2,2,2,2,2,2,2,2,2
241,,6,75,1,1,13,Lost,None,None,27.2,0,2,2,2,2,2,1,2,2,2,2,2,2,2,2
381,,6,75,1,1,13,Lost,None,None,30.4,0,2,2,2,2,2,0,2,2,2,2,2,2,2,2
514,,6,75,1,1,13,Advanced,None,On the Ballot,42.4,1,2,2,2,2,2,0,2,2,2,2,2,2,2,2
527,,6,76,1,1,13,Advanced,None,On the Ballot,53.9,1,1,2,2,2,2,0,2,2,2,2,2,1,2,2
648,,6,76,1,1,13,Lost,None,None,30.4,0,1,2,2,2,2,1,2,1,2,2,2,0,2,2
732,,6,76,1,1,13,Lost,None,None,15.8,0,0,2,2,2,2,0,2,0,2,2,2,0,2,2
742,,6,77,1,1,13,Advanced,None,On the Ballot,100.0,1,2,2,2,2,2,2,2,2,2,2,2,2,2,2
598,,6,223,2,1,13,Advanced,None,On the Ballot,88.6,1,2,1,2,2,2,1,2,1,1,2,2,2,1,2
623,,6,223,2,1,13,Lost,None,None,11.4,0,2,0,2,2,2,0,2,0,0,2,2,2,0,2
86,,7,5,0,1,4,Advanced,Advanced,On the Ballot,25.55,1,2,1,2,2,0,0,2,2,2,2,2,2,2,2
110,,7,5,0,1,4,Advanced,Lost,None,39.01,0,2,0,2,2,1,0,2,2,2,2,2,2,2,2
285,,7,5,0,1,4,Lost,None,None,18.35,0,2,0,2,2,0,1,2,2,2,2,2,2,2,2
515,,7,5,0,1,4,Lost,None,None,4.88,0,2,0,2,2,0,0,2,2,2,2,2,2,2,2
138,,7,5,0,1,4,Lost,None,None,12.21,0,2,0,2,2,0,0,2,2,2,2,2,2,2,2
219,,7,5,0,1,4,Lost,None,None,0.0,0,2,0,2,2,0,0,2,2,2,2,2,2,2,2
177,,7,78,1,1,4,Advanced,None,On the Ballot,93.0,1,2,2,2,2,2,1,2,2,2,2,2,2,2,2
236,,7,78,1,1,4,Lost,None,None,7.0,0,2,2,2,2,2,0,2,2,2,2,2,2,2,2
282,,7,79,1,1,4,Advanced,None,On the Ballot,100.0,1,2,2,2,2,2,2,2,2,2,2,2,2,2,2
348,,7,80,1,1,4,Advanced,None,On the Ballot,100.0,1,2,2,2,2,2,2,2,2,2,2,2,2,2,2
18,,8,6,0,1,9,Advanced,None,On the Ballot,55.5,1,2,2,2,2,2,2,2,2,2,2,2,2,2,2
354,,8,6,0,1,9,Lost,None,None,35.2,0,2,2,2,2,2,2,2,2,2,2,2,2,2,2
585,,8,6,0,1,9,Lost,None,None,9.3,0,2,2,2,2,2,2,2,2,2,2,2,2,2,2
99,,8,81,1,1,9,Advanced,None,On the Ballot,81.8,1,2,2,2,2,2,2,2,2,2,2,2,2,2,2
586,,8,81,1,1,9,Lost,None,None,18.2,0,2,2,2,2,2,2,2,2,2,2,2,2,2,2
83,,8,82,1,1,9,Advanced,None,On the Ballot,100.0,1,2,2,2,2,2,2,2,2,2,2,2,2,2,2
620,,8,224,2,1,9,Advanced,None,On the Ballot,23.7,1,2,2,2,2,2,2,2,2,2,2,2,2,2,2
508,,8,224,2,1,9,Lost,None,None,5.9,0,2,2,2,2,2,2,2,2,2,2,2,2,2,2
142,,8,224,2,1,9,Lost,None,None,19.3,0,2,2,2,2,2,2,2,2,2,2,2,2,2,2
252,,8,224,2,1,9,Lost,None,None,6.2,0,2,2,2,2,2,2,2,2,2,2,2,2,2,2
623,,8,224,2,1,9,Lost,None,None,11.4,0,2,2,2,2,2,2,2,2,2,2,2,2,2,2
607,,8,224,2,1,9,Lost,None,None,14.9,0,2,2,2,2,2,2,2,2,2,2,2,2,2,2
220,,8,224,2,1,9,Lost,None,None,5.1,0,2,2,2,2,2,2,2,2,2,2,2,2,2,2
701,,8,224,2,1,9,Lost,None,None,13.6,0,2,2,2,2,2,2,2,2,2,2,2,2,2,2
123,,9,99,1,1,8,Advanced,None,On the Ballot,100.0,1,2,2,2,2,2,2,2,2,2,2,2,2,2,2
73,,10,7,0,1,3,Advanced,None,On the Ballot,37.29,1,2,2,2,2,2,2,2,2,2,2,2,2,2,2
278,,10,7,0,1,3,Lost,None,None,0.45,0,2,2,2,2,2,2,2,2,2,2,2,2,2,2
448,,10,7,0,1,3,Lost,None,None,1.75,0,2,2,2,2,2,2,2,2,2,2,2,2,2,2
583,,10,7,0,1,3,Lost,None,None,32.63,0,2,2,2,2,2,2,2,2,2,2,2,2,2,2
690,,10,7,0,1,3,Lost,None,None,1.39,0,2,2,2,2,2,2,2,2,2,2,2,2,2,2
720,,10,7,0,1,3,Lost,None,None,26.22,0,2,2,2,2,2,2,2,2,2,2,2,2,2,2
153,,10,7,0,1,3,Lost,None,None,0.27,0,2,2,2,2,2,2,2,2,2,2,2,2,2,2
629,,10,83,1,1,3,Advanced,None,On the Ballot,43.12,1,2,2,2,2,2,2,2,1,2,1,2,0,2,2
134,,10,83,1,1,3,Lost,None,None,11.19,0,2,2,2,2,2,2,2,0,2,0,2,0,2,2
454,,10,83,1,1,3,Lost,None,None,14.26,0,2,2,2,2,2,2,2,0,2,0,2,1,2,2
181,,10,83,1,1,3,Lost,None,None,15.53,0,2,2,2,2,2,2,2,0,2,0,2,0,2,2
513,,10,83,1,1,3,Lost,None,None,10.37,0,2,2,2,2,2,2,2,0,2,0,2,0,2,2
541,,10,83,1,1,3,Lost,None,None,2.02,0,2,2,2,2,2,2,2,0,2,0,2,0,2,2
10,,10,83,1,1,3,Lost,None,None,3.5,0,2,2,2,2,2,2,2,0,2,0,2,0,2,2
339,,11,84,1,1,1,Advanced,None,On the Ballot,100.0,1,2,2,2,2,2,2,2,2,2,2,2,2,2,2
207,,11,85,1,1,1,Advanced,None,On the Ballot,36.24,1,1,2,2,2,2,2,2,2,2,2,2,2,2,2
644,,11,85,1,1,1,Lost,None,None,29.06,0,1,2,2,2,2,2,2,2,2,2,2,2,2,2
329,,11,85,1,1,1,Lost,None,None,34.7,0,1,2,2,2,2,2,2,2,2,2,2,2,2,2
543,,11,86,1,1,1,Advanced,None,On the Ballot,79.33,1,2,2,2,2,2,2,2,2,2,2,2,2,2,2
140,,11,86,1,1,1,Lost,None,None,20.67,0,2,2,2,2,2,2,2,2,2,2,2,2,2,2
56,,11,87,1,1,1,Advanced,None,On the Ballot,100.0,1,2,2,2,2,2,2,2,2,2,2,2,2,2,2
185,,11,88,1,1,1,Advanced,None,On the Ballot,36.59,1,2,2,2,2,2,2,2,2,2,2,2,2,2,2
374,,11,88,1,1,1,Lost,None,None,27.94,0,2,2,2,2,2,2,2,2,2,2,2,2,2,2
556,,11,88,1,1,1,Lost,None,None,35.46,0,2,2,2,2,2,2,2,2,2,2,2,2,2,2
34,,11,89,1,1,1,Advanced,None,On the Ballot,100.0,1,2,2,2,2,2,2,2,2,2,2,2,2,2,2
475,,11,90,1,1,1,Advanced,None,On the Ballot,100.0,1,2,2,2,2,2,2,2,2,2,2,2,2,2,2
717,,11,91,1,1,1,Advanced,None,On the Ballot,100.0,1,2,2,2,2,2,2,2,2,2,2,2,2,2,2
146,,11,92,1,1,1,Advanced,None,On the Ballot,56.33,1,2,2,2,2,2,2,2,2,2,2,2,2,2,2
322,,11,92,1,1,1,Lost,None,None,43.67,0,2,2,2,2,2,2,2,2,2,2,2,2,2,2
342,,11,93,1,1,1,Advanced,None,On the Ballot,100.0,1,2,2,2,2,2,2,2,2,2,2,2,2,2,2
361,,11,94,1,1,1,Advanced,None,On the Ballot,40.37,1,2,2,2,2,2,2,2,2,2,2,2,2,2,2
495,,11,94,1,1,1,Lost,None,None,10.15,0,2,2,2,2,2,2,2,2,2,2,2,2,2,2
151,,11,94,1,1,1,Lost,None,None,18.83,0,2,2,2,2,2,2,2,2,2,2,2,2,2,2
645,,11,94,1,1,1,Lost,None,None,10.15,0,2,2,2,2,2,2,2,2,2,2,2,2,2,2
471,,12,95,1,1,5,Advanced,None,On the Ballot,26.99,1,2,2,2,2,2,2,2,2,2,2,2,2,2,2
373,,12,95,1,1,5,Lost,None,None,19.6,0,2,2,2,2,2,2,2,2,2,2,2,2,2,2
327,,12,95,1,1,5,Lost,None,None,6.73,0,2,2,2,2,2,2,2,2,2,2,2,2,2,2
179,,12,95,1,1,5,Lost,None,None,7.61,0,2,2,2,2,2,2,2,2,2,2,2,2,2,2
624,,12,95,1,1,5,Lost,None,None,19.55,0,2,2,2,2,2,2,2,2,2,2,2,2,2,2
539,,12,95,1,1,5,Lost,None,None,19.52,0,2,2,2,2,2,2,2,2,2,2,2,2,2,2
332,,12,96,1,1,5,Advanced,None,On the Ballot,36.59,1,2,2,2,2,2,1,2,2,2,2,2,2,2,0
299,,12,96,1,1,5,Lost,None,None,2.62,0,2,2,2,2,2,0,2,2,2,2,2,2,2,2
419,,12,96,1,1,5,Lost,None,None,4.58,0,2,2,2,2,2,0,2,2,2,2,2,2,2,2
675,,12,96,1,1,5,Lost,None,None,29.45,0,2,2,2,2,2,1,2,2,2,2,2,2,2,2
199,,12,96,1,1,5,Lost,None,None,14.97,0,2,2,2,2,2,1,2,2,2,2,2,2,2,0
304,,12,96,1,1,5,Lost,None,None,10.53,0,2,2,2,2,2,0,2,2,2,2,2,2,2,2
710,,12,96,1,1,5,Lost,None,None,1.26,0,2,2,2,2,2,0,2,2,2,2,2,2,2,2
270,,12,97,1,1,5,Advanced,None,On the Ballot,64.48,1,2,2,2,1,2,1,2,2,2,2,2,2,2,2
319,,12,97,1,1,5,Lost,None,None,3.04,0,2,2,2,0,2,1,2,2,2,2,2,2,2,2
521,,12,97,1,1,5,Lost,None,None,4.34,0,2,2,2,0,2,0,2,2,2,2,2,2,2,2
673,,12,97,1,1,5,Lost,None,None,4.57,0,2,2,2,0,2,0,2,2,2,2,2,2,2,2
387,,12,97,1,1,5,Lost,None,None,23.56,0,2,2,2,0,2,0,2,2,2,2,2,2,2,2
741,,12,98,1,1,5,Advanced,None,On the Ballot,28.81,1,2,2,2,2,2,0,2,2,2,2,2,2,2,2
289,,12,98,1,1,5,Lost,None,None,13.59,0,2,2,2,2,2,1,2,2,2,2,2,2,2,2
356,,12,98,1,1,5,Lost,None,None,15.24,0,2,2,2,2,2,0,2,2,2,2,2,2,2,2
723,,12,98,1,1,5,Lost,None,None,11.3,0,2,2,2,2,2,0,2,2,2,2,2,2,2,2
288,,12,98,1,1,5,Lost,None,None,11.9,0,2,2,2,2,2,0,2,2,2,2,2,2,2,2
205,,12,98,1,1,5,Lost,None,None,19.16,0,2,2,2,2,2,0,2,2,2,2,2,2,2,2
520,,12,225,2,1,5,Advanced,None,On the Ballot,41.17,1,2,2,2,2,2,1,2,2,2,2,2,2,2,2
455,,12,225,2,1,5,Lost,None,None,28.84,0,2,2,2,2,2,1,2,2,2,2,2,2,2,2
715,,12,225,2,1,5,Lost,None,None,29.99,0,2,2,2,2,2,1,2,2,2,2,2,2,2,2
109,,13,100,1,1,14,Lost,None,None,23.2,0,1,2,2,2,2,1,1,2,2,2,2,2,2,2
422,,13,100,1,1,14,Lost,None,None,15.9,0,0,2,2,2,2,0,0,2,2,2,2,2,2,2
677,,13,100,1,1,14,Lost,None,None,12.1,0,1,2,2,2,2,0,0,2,2,2,2,2,2,2
733,,13,100,1,1,14,Lost,None,None,2.6,0,0,2,2,2,2,0,0,2,2,2,2,2,2,2
687,,13,100,1,1,14,Advanced,None,On the Ballot,26.2,1,1,2,2,2,2,0,0,2,2,2,2,2,2,2
210,,13,100,1,1,14,Lost,None,None,8.1,0,0,2,2,2,2,0,0,2,2,2,2,2,2,2
195,,13,100,1,1,14,Lost,None,None,11.9,0,0,2,2,2,2,0,0,2,2,2,2,2,2,2
734,,14,101,1,1,4,Advanced,None,On the Ballot,49.06,1,1,2,2,2,2,1,2,2,2,2,2,2,2,2
522,,14,101,1,1,4,Lost,None,None,26.9,0,0,2,2,2,2,0,2,2,2,2,2,2,2,2
589,,14,101,1,1,4,Lost,None,None,24.05,0,0,2,2,2,2,0,2,2,2,2,2,2,2,2
450,,16,102,1,1,7,Advanced,None,On the Ballot,42.01,1,2,2,2,2,2,1,2,2,2,2,2,2,2,2
474,,16,102,1,1,7,Lost,None,None,23.6,0,2,2,2,2,2,0,2,2,2,2,2,2,2,2
284,,16,102,1,1,7,Lost,None,None,17.07,0,2,2,2,2,2,0,2,2,2,2,2,2,2,2
530,,16,102,1,1,7,Lost,None,None,17.32,0,2,2,2,2,2,0,2,2,2,2,2,2,2,2
114,,16,103,1,1,7,Advanced,None,On the Ballot,43.59,1,2,2,2,2,2,0,2,2,2,2,2,2,2,2
697,,16,103,1,1,7,Lost,None,None,35.96,0,2,2,2,2,2,0,2,2,2,2,2,2,2,2
602,,16,103,1,1,7,Lost,None,None,20.45,0,2,2,2,2,2,0,2,2,2,2,2,2,2,2
257,,16,104,1,1,7,Advanced,None,On the Ballot,100.0,1,2,2,2,2,2,2,2,2,2,2,2,2,2,2
745,,16,105,1,1,7,Advanced,None,On the Ballot,57.56,1,2,2,2,2,2,2,2,2,2,2,2,2,2,2
383,,16,105,1,1,7,Lost,None,None,42.44,0,2,2,2,2,2,2,2,2,2,2,2,2,2,2
14,,16,106,1,1,7,Advanced,None,On the Ballot,67.76,1,1,2,2,2,2,0,2,2,2,2,2,2,2,2
447,,16,106,1,1,7,Lost,None,None,17.81,0,0,2,2,2,2,0,2,2,2,2,2,2,2,2
74,,16,106,1,1,7,Lost,None,None,5.68,0,0,2,2,2,2,1,2,2,2,2,2,2,2,2
436,,16,106,1,1,7,Lost,None,None,8.75,0,0,2,2,2,2,0,2,2,2,2,2,2,2,2
584,,16,107,1,1,7,Lost,None,None,16.52,0,2,2,2,2,2,0,2,2,2,2,2,2,2,2
748,,16,107,1,1,7,Lost,None,None,22.33,0,2,2,2,2,2,1,2,2,2,2,2,2,2,2
594,,16,107,1,1,7,On the Ballot,None,None,31.29,0,2,2,2,2,2,0,2,2,2,2,2,2,2,2
510,,16,107,1,1,7,On the Ballot,None,None,29.86,0,2,2,2,2,2,0,2,2,2,2,2,2,2,2
380,,16,108,1,1,7,Advanced,None,On the Ballot,44.87,1,2,2,2,2,2,2,2,2,2,2,2,2,2,2
89,,16,108,1,1,7,Lost,None,None,31.28,0,2,2,2,2,2,2,2,2,2,2,2,2,2,2
736,,16,108,1,1,7,Lost,None,None,23.85,0,2,2,2,2,2,2,2,2,2,2,2,2,2,2
721,,16,227,2,1,7,Advanced,None,On the Ballot,29.22,1,2,2,2,2,2,1,2,2,2,2,2,2,2,2
60,,16,227,2,1,7,Lost,None,None,5.03,0,2,2,2,2,2,0,2,2,2,2,2,2,2,2
88,,16,227,2,1,7,Lost,None,None,3.07,0,2,2,2,2,2,0,2,2,2,2,2,2,2,2
121,,16,227,2,1,7,Lost,None,None,24.05,0,2,2,2,2,2,0,2,2,2,2,2,2,2,2
363,,16,227,2,1,7,Lost,None,None,8.77,0,2,2,2,2,2,0,2,2,2,2,2,2,2,2
547,,16,227,2,1,7,Lost,None,None,1.96,0,2,2,2,2,2,0,2,2,2,2,2,2,2,2
234,,16,227,2,1,7,Lost,None,None,2.53,0,2,2,2,2,2,0,2,2,2,2,2,2,2,2
125,,16,227,2,1,7,Lost,None,None,17.48,0,2,2,2,2,2,0,2,2,2,2,2,2,2,2
57,,16,227,2,1,7,Lost,None,None,2.05,0,2,2,2,2,2,0,2,2,2,2,2,2,2,2
259,,16,227,2,1,7,Lost,None,None,4.3,0,2,2,2,2,2,0,2,2,2,2,2,2,2,2
7,,16,227,2,1,7,Lost,None,None,1.55,0,2,2,2,2,2,0,2,2,2,2,2,2,2,2
661,,17,8,0,1,6,Advanced,None,On the Ballot,52.6,1,2,2,2,2,2,2,2,2,2,2,2,2,2,2
246,,17,8,0,1,6,Lost,None,None,21.23,0,2,2,2,2,2,2,2,2,2,2,2,2,2,2
484,,17,8,0,1,6,Lost,None,None,13.82,0,2,2,2,2,2,2,2,2,2,2,2,2,2,2
412,,17,8,0,1,6,Lost,None,None,5.26,0,2,2,2,2,2,2,2,2,2,2,2,2,2,2
229,,17,226,2,1,6,Advanced,None,On the Ballot,100.0,1,2,2,2,2,2,2,2,2,2,2,2,2,2,2
425,,15,109,1,1,18,Lost,None,None,39.2,0,2,2,2,2,2,2,2,2,2,2,2,2,2,2
724,,15,109,1,1,18,Advanced,None,On the Ballot,60.8,1,2,2,2,2,2,2,2,2,2,2,2,2,2,2
596,,15,110,1,1,18,Advanced,None,On the Ballot,100.0,1,1,2,2,2,2,2,2,2,1,2,2,2,2,2
366,,15,111,1,1,18,Advanced,None,On the Ballot,63.7,1,2,2,2,2,2,1,2,2,2,2,2,2,2,2
453,,15,111,1,1,18,Lost,None,None,36.3,0,2,2,2,2,2,0,2,2,2,2,2,2,2,2
390,,15,112,1,1,18,Advanced,None,On the Ballot,100.0,1,2,2,2,2,2,2,2,2,2,2,2,2,2,2
571,,15,113,1,1,18,Advanced,None,On the Ballot,100.0,1,1,2,2,2,2,2,2,2,2,2,2,2,2,2
251,,15,228,2,1,18,Advanced,None,On the Ballot,55.3,1,2,2,2,2,1,2,2,2,2,2,2,2,2,2
370,,15,228,2,1,18,Lost,None,None,26.7,0,2,2,2,2,0,2,2,2,2,2,2,2,2,2
50,,15,228,2,1,18,Lost,None,None,17.9,0,2,2,2,2,0,2,2,2,2,2,2,2,2,2
336,,18,9,0,1,14,Lost,None,None,11.0,0,2,0,2,2,2,1,0,2,2,2,2,2,0,2
82,,18,9,0,1,14,Lost,None,None,25.2,0,2,0,2,2,2,1,0,2,2,2,2,2,0,2
554,,18,9,0,1,14,Lost,None,None,13.1,0,2,0,2,2,2,1,0,2,2,2,2,2,0,2
746,,18,9,0,1,14,Advanced,None,On the Ballot,50.7,1,2,1,2,2,2,1,0,2,2,2,2,2,1,2
416,,18,114,1,1,14,Lost,None,None,11.3,0,2,2,2,2,2,1,0,2,0,2,2,2,2,2
430,,18,114,1,1,14,Lost,None,None,14.0,0,1,2,2,2,2,1,0,2,0,2,2,2,2,2
526,,18,114,1,1,14,Lost,None,None,18.6,0,1,2,2,2,2,1,0,2,0,2,2,2,2,2
616,,18,114,1,1,14,Lost,None,None,25.4,0,1,2,2,2,2,1,0,2,0,2,2,2,2,2
446,,18,114,1,1,14,Advanced,None,On the Ballot,30.7,1,1,2,2,2,2,1,1,2,1,2,2,2,2,2
317,,18,115,1,1,14,Advanced,None,On the Ballot,100.0,1,2,2,2,2,2,2,2,2,0,2,2,2,2,2
460,,18,116,1,1,14,Advanced,None,On the Ballot,100.0,1,2,2,2,2,2,2,2,2,0,2,2,2,2,2
727,,18,117,1,1,14,Advanced,None,On the Ballot,100.0,1,2,2,2,2,2,2,2,2,0,2,2,2,2,2
101,,18,118,1,1,14,Advanced,None,On the Ballot,100.0,1,1,2,2,2,2,1,1,2,0,2,2,2,2,2
367,,18,229,2,1,14,Advanced,None,On the Ballot,54.7,1,2,1,2,2,2,1,1,2,2,2,2,2,1,2
643,,18,229,2,1,14,Lost,None,None,45.3,0,2,0,2,2,2,0,0,2,2,2,2,2,0,2
316,,19,10,0,1,10,Advanced,None,On the Ballot,52.6,1,2,2,2,2,2,2,2,2,2,2,2,2,0,2
709,,19,10,0,1,10,Lost,None,None,43.9,0,2,2,2,2,2,2,2,2,2,2,2,2,1,2
487,,19,10,0,1,10,Lost,None,None,3.5,0,2,2,2,2,2,2,2,2,2,2,2,2,0,2
335,,19,119,1,1,10,Advanced,None,On the Ballot,60.2,1,1,2,2,2,2,2,0,2,2,2,2,2,2,2
103,,19,119,1,1,10,Lost,None,None,32.1,0,1,2,2,2,2,2,1,2,2,2,2,2,2,2
15,,19,119,1,1,10,Lost,None,None,2.6,0,0,2,2,2,2,2,0,2,2,2,2,2,2,2
688,,19,119,1,1,10,Lost,None,None,5.1,0,0,2,2,2,2,2,0,2,2,2,2,2,2,2
271,,19,120,1,1,10,Advanced,None,On the Ballot,100.0,1,2,2,2,2,2,2,2,2,2,2,2,2,2,2
325,,19,121,1,1,10,Advanced,None,On the Ballot,56.5,1,2,2,2,2,2,2,2,2,2,2,2,2,2,2
130,,19,121,1,1,10,Lost,None,None,32.5,0,2,2,2,2,2,2,2,2,2,2,2,2,2,2
65,,19,121,1,1,10,Lost,None,None,11.0,0,2,2,2,2,2,2,2,2,2,2,2,2,2,2
175,,19,122,1,1,10,Advanced,None,On the Ballot,72.6,1,2,2,2,2,2,2,2,2,2,2,2,2,2,2
490,,19,122,1,1,10,Lost,None,None,27.4,0,2,2,2,2,2,2,2,2,2,2,2,2,2,2
569,,19,123,1,1,10,Advanced,None,On the Ballot,89.7,1,1,1,2,2,2,2,2,2,1,2,2,2,2,2
281,,19,123,1,1,10,Lost,None,None,10.3,0,0,0,2,2,2,2,2,2,0,2,2,2,2,2
337,,19,230,2,1,10,Advanced,None,On the Ballot,69.5,1,2,2,2,2,2,0,0,2,2,2,2,2,2,2
401,,19,230,2,2,10,Advanced,None,On the Ballot,62.0,1,2,2,2,2,2,1,1,2,2,2,2,2,2,2
501,,19,230,2,1,10,Lost,None,None,15.7,0,2,2,2,2,2,0,0,2,2,2,2,2,2,2
63,,19,230,2,2,10,Lost,None,None,35.6,0,2,2,2,2,2,0,0,2,2,2,2,2,2,2
623,,19,230,2,1,10,Lost,None,None,5.9,0,2,2,2,2,2,0,0,2,2,2,2,2,2,2
581,,19,230,2,1,10,Lost,None,None,5.9,0,2,2,2,2,2,0,0,2,2,2,2,2,2,2
546,,19,230,2,2,10,Lost,None,None,2.5,0,2,2,2,2,2,0,0,2,2,2,2,2,2,2
100,,20,125,1,1,14,Lost,None,None,32.6,0,2,2,2,2,2,2,2,2,2,2,2,2,2,2
224,,20,125,1,1,14,Lost,None,None,32.9,0,2,2,2,2,2,2,2,2,2,2,2,2,2,2
614,,20,125,1,1,14,Advanced,None,On the Ballot,34.5,1,2,2,2,2,2,2,2,2,2,2,2,2,2,2
432,,20,126,1,1,14,Lost,None,None,17.6,0,2,2,2,2,2,0,2,2,2,2,2,2,2,2
595,,20,126,1,1,14,Lost,None,None,7.3,0,2,2,2,2,2,0,2,2,2,2,2,2,2,2
293,,20,126,1,1,14,Advanced,None,On the Ballot,75.1,1,2,2,2,2,2,1,2,2,2,2,2,2,2,2
37,,20,231,2,1,14,Lost,None,None,8.3,0,2,0,0,0,2,0,2,0,0,2,2,2,2,2
391,,20,231,2,1,14,Advanced,None,On the Ballot,58.6,1,2,1,1,1,2,1,2,1,1,2,2,2,2,2
722,,20,231,2,1,14,Lost,None,None,9.8,0,2,0,0,0,2,0,2,0,0,2,2,2,2,2
145,,20,231,2,1,14,Lost,None,None,2.1,0,2,0,0,0,2,0,2,0,0,2,2,2,2,2
85,,20,231,2,1,14,Lost,None,None,1.0,0,2,0,0,0,2,0,2,0,0,2,2,2,2,2
411,,20,231,2,1,14,Lost,None,None,2.9,0,2,0,0,0,2,0,2,0,0,2,2,2,2,2
570,,20,231,2,1,14,Lost,None,None,2.5,0,2,0,0,0,2,0,2,0,0,2,2,2,2,2
127,,20,231,2,1,14,Lost,None,None,5.3,0,2,0,0,0,2,0,2,0,0,2,2,2,2,2
76,,20,231,2,1,14,Lost,None,None,0.7,0,2,0,0,0,2,0,2,0,0,2,2,2,2,2
434,,20,231,2,1,14,Lost,None,None,7.5,0,2,0,0,0,2,0,2,0,0,2,2,2,2,2
242,,20,231,2,1,14,Lost,None,None,1.3,0,2,0,0,0,2,0,2,0,0,2,2,2,2,2
744,,21,124,1,1,8,Advanced,Lost,None,22.24,0,2,2,2,2,2,2,2,2,2,2,1,2,2,2
507,,21,124,1,1,8,Advanced,Advanced,On the Ballot,44.84,1,2,2,2,2,2,2,2,2,2,2,0,2,2,2
636,,21,124,1,1,8,Lost,None,None,10.16,0,2,2,2,2,2,2,2,2,2,2,0,2,2,2
568,,21,124,1,1,8,Lost,None,None,16.24,0,2,2,2,2,2,2,2,2,2,2,0,2,2,2
533,,21,124,1,1,8,Lost,None,None,5.87,0,2,2,2,2,2,2,2,2,2,2,0,2,2,2
403,,21,124,1,1,8,Lost,None,None,0.64,0,2,2,2,2,2,2,2,2,2,2,0,2,2,2
491,,22,232,2,1,8,Advanced,None,On the Ballot,33.82,1,2,2,1,1,2,2,2,1,2,2,1,2,2,2
8,,22,232,2,1,8,Lost,None,None,18.7,0,2,2,0,0,2,2,2,0,2,2,0,2,2,2
630,,22,232,2,1,8,Lost,None,None,28.34,0,2,2,0,0,2,2,2,0,2,2,0,2,2,2
729,,22,232,2,1,8,Lost,None,None,19.12,0,2,2,0,0,2,2,2,0,2,2,0,2,2,2
617,,23,156,1,1,5,Advanced,None,On the Ballot,100.0,1,2,2,2,2,2,2,2,2,2,2,2,2,2,2
565,,23,157,1,1,5,Advanced,None,On the Ballot,43.21,1,2,2,2,2,2,2,2,2,2,2,2,2,2,2
559,,23,157,1,1,5,Lost,None,None,31.51,0,2,2,2,2,2,2,2,2,2,2,2,2,2,2
102,,23,157,1,1,5,Lost,None,None,25.29,0,2,2,2,2,2,2,2,2,2,2,2,2,2,2
686,,23,158,1,1,5,Advanced,None,On the Ballot,100.0,1,2,2,2,2,2,2,2,2,2,2,2,2,2,2
409,,24,159,1,1,6,Advanced,None,On the Ballot,56.22,1,2,2,2,2,2,2,2,2,2,2,2,2,2,2
716,,24,159,1,1,6,Lost,None,None,26.87,0,2,2,2,2,2,2,2,2,2,2,2,2,2,2
702,,24,159,1,1,6,Lost,None,None,8.91,0,2,2,2,2,2,2,2,2,2,2,2,2,2,2
563,,24,159,1,1,6,Lost,None,None,7.89,0,2,2,2,2,2,2,2,2,2,2,2,2,2,2
418,,24,236,2,1,6,Advanced,None,On the Ballot,87.73,1,2,1,2,2,2,1,2,2,2,2,2,2,2,2
699,,24,236,2,1,6,Lost,None,None,12.13,0,2,0,2,2,2,0,2,2,2,2,2,2,2,2
20,,25,130,1,1,15,Lost,None,None,4.2,0,0,2,2,2,0,2,2,2,2,2,2,2,2,2
21,,25,130,1,1,15,Lost,None,None,41.6,0,1,2,2,2,1,2,2,2,2,2,2,2,2,2
216,,25,130,1,1,15,Advanced,None,On the Ballot,48.0,1,1,2,2,2,0,2,2,2,2,2,2,2,2,2
91,,25,130,1,1,15,Lost,None,None,1.6,0,0,2,2,2,0,2,2,2,2,2,2,2,2,2
503,,25,130,1,1,15,Lost,None,None,2.6,0,0,2,2,2,0,2,2,2,2,2,2,2,2,2
457,,25,131,1,1,15,Lost,None,None,22.9,0,0,2,2,2,2,2,1,2,2,2,2,2,2,2
680,,25,131,1,1,15,Advanced,None,On the Ballot,26.0,1,1,2,2,2,2,2,0,2,2,2,2,2,2,2
691,,25,131,1,1,15,Lost,None,None,25.3,0,1,2,2,2,2,2,0,2,2,2,2,2,2,2
81,,25,131,1,1,15,Lost,None,None,5.6,0,0,2,2,2,2,2,0,2,2,2,2,2,2,2
64,,25,131,1,1,15,Lost,None,None,15.9,0,0,2,2,2,2,2,0,2,2,2,2,2,2,2
260,,25,131,1,1,15,Lost,None,None,1.5,0,0,2,2,2,2,2,0,2,2,2,2,2,2,2
311,,25,131,1,1,15,Lost,None,None,2.9,0,0,2,2,2,2,2,0,2,2,2,2,2,2,2
560,,26,132,1,1,8,Advanced,None,On the Ballot,100.0,1,2,2,2,2,2,2,2,2,2,2,2,2,2,2
4,,26,133,1,1,8,Advanced,None,On the Ballot,100.0,1,2,2,2,2,2,2,2,2,2,2,2,2,2,2
312,,26,134,1,1,8,Advanced,None,On the Ballot,40.04,1,1,2,2,2,2,2,1,2,2,2,2,2,2,2
480,,26,134,1,1,8,Lost,None,None,3.48,0,0,2,2,2,2,0,0,2,2,2,2,2,2,2
29,,26,134,1,1,8,Lost,None,None,21.93,0,1,2,2,2,2,0,0,2,2,2,2,2,2,2
552,,26,134,1,1,8,Lost,None,None,4.1,0,0,2,2,2,2,0,0,2,2,2,2,2,2,2
574,,26,134,1,1,8,Lost,None,None,30.45,0,1,2,2,2,2,0,0,2,2,2,2,2,2,2
172,,26,135,1,1,8,Advanced,None,On the Ballot,100.0,1,2,2,2,2,2,0,2,2,2,2,2,2,2,2
655,,26,136,1,1,8,Advanced,None,On the Ballot,39.05,1,2,2,2,2,2,0,2,2,2,2,2,2,2,2
641,,26,136,1,1,8,Lost,None,None,23.35,0,2,2,2,2,2,0,2,2,2,2,2,2,2,2
283,,26,136,1,1,8,Lost,None,None,30.52,0,2,2,2,2,2,0,2,2,2,2,2,2,2,2
613,,26,136,1,1,8,Lost,None,None,7.09,0,2,2,2,2,2,0,2,2,2,2,2,2,2,2
372,,26,137,1,1,8,Advanced,None,On the Ballot,53.05,1,1,2,2,2,2,0,2,2,2,2,0,2,2,2
678,,26,137,1,1,8,Lost,None,None,46.95,0,1,2,2,2,2,1,2,2,2,2,1,2,2,2
591,,26,138,1,1,8,Advanced,None,On the Ballot,100.0,1,2,2,2,2,2,2,2,2,2,2,2,2,2,2
375,,26,139,1,1,8,Advanced,None,On the Ballot,100.0,1,2,2,2,2,2,2,2,2,2,2,2,2,2,2
231,,26,140,1,1,8,Advanced,None,On the Ballot,100.0,1,2,2,2,2,2,2,2,2,2,2,2,2,2,2
67,,26,233,2,1,8,Advanced,None,On the Ballot,75.13,1,2,2,2,2,2,2,2,2,2,2,2,2,2,2
84,,26,233,2,1,8,Lost,None,None,24.87,0,2,2,2,2,2,2,2,2,2,2,2,2,2,2
682,,27,12,0,1,8,Advanced,None,On the Ballot,100.0,1,2,2,2,2,2,2,2,2,2,2,2,2,2,2
302,,27,141,1,1,8,Advanced,None,On the Ballot,100.0,1,2,2,2,2,2,2,2,2,2,2,2,2,2,2
753,,27,142,1,1,8,Advanced,None,On the Ballot,49.0,1,1,2,2,2,1,2,1,2,2,1,2,2,2,2
532,,27,142,1,1,8,Lost,None,None,32.03,0,1,2,2,2,0,2,0,2,2,0,2,2,2,2
249,,27,142,1,1,8,Lost,None,None,12.42,0,2,2,2,2,0,2,0,2,2,0,2,2,2,2
139,,27,142,1,1,8,Lost,None,None,6.55,0,2,2,2,2,0,2,0,2,2,0,2,2,2,2
326,,27,143,1,1,8,Advanced,None,On the Ballot,100.0,1,2,2,2,2,2,2,2,2,2,2,2,2,2,2
518,,27,234,2,1,8,Advanced,None,On the Ballot,100.0,1,2,2,2,2,2,2,2,2,2,2,2,2,2,2
2,,28,11,0,1,6,Advanced,None,On the Ballot,71.49,1,2,1,2,2,1,2,2,2,1,2,2,2,2,2
163,,28,11,0,1,6,Lost,None,None,9.09,0,2,0,2,2,0,2,2,2,0,2,2,2,2,2
244,,28,11,0,1,6,Lost,None,None,0.54,0,2,0,2,2,0,2,2,2,0,2,2,2,2,2
668,,28,11,0,1,6,Lost,None,None,4.5,0,2,0,2,2,0,2,2,2,0,2,2,2,2,2
303,,28,11,0,1,6,Lost,None,None,4.71,0,2,0,2,2,0,2,2,2,0,2,2,2,2,2
54,,28,11,0,1,6,Lost,None,None,4.24,0,2,0,2,2,0,2,2,2,0,2,2,2,2,2
223,,28,11,0,1,6,Lost,None,None,0.41,0,2,0,2,2,0,2,2,2,0,2,2,2,2,2
665,,28,11,0,1,6,Lost,None,None,0.71,0,2,0,2,2,0,2,2,2,0,2,2,2,2,2
394,,28,127,1,1,6,Advanced,None,On the Ballot,55.18,1,2,2,2,2,2,2,2,2,2,2,2,2,2,2
243,,28,127,1,1,6,Lost,None,None,44.82,0,2,2,2,2,2,2,2,2,2,2,2,2,2,2
170,,28,128,1,1,6,Advanced,None,On the Ballot,44.13,1,2,1,1,2,0,1,2,2,2,2,2,2,2,2
24,,28,128,1,1,6,Lost,None,None,3.54,0,2,2,0,2,0,0,2,2,2,2,2,2,2,2
218,,28,128,1,1,6,Lost,None,None,1.04,0,2,2,0,2,0,0,2,2,2,2,2,2,2,2
646,,28,128,1,1,6,Lost,None,None,16.79,0,2,2,0,2,1,0,2,2,2,2,2,2,2,2
553,,28,128,1,1,6,Lost,None,None,2.72,0,2,2,0,2,0,0,2,2,2,2,2,2,2,2
183,,28,128,1,1,6,Lost,None,None,4.91,0,2,2,0,2,0,0,2,2,2,2,2,2,2,2
516,,28,128,1,1,6,Lost,None,None,24.56,0,2,2,0,2,0,0,2,2,2,2,2,2,2,2
669,,28,128,1,1,6,Lost,None,None,1.3,0,2,2,0,2,0,0,2,2,2,2,2,2,2,2
698,,28,128,1,1,6,Lost,None,None,1.0,0,2,2,0,2,0,0,2,2,2,2,2,2,2,2
149,,28,129,1,1,6,Advanced,None,On the Ballot,47.41,1,1,2,2,2,2,2,2,2,1,2,2,1,2,2
318,,28,129,1,1,6,Lost,None,None,7.96,0,0,2,2,2,2,2,2,2,0,2,2,0,2,2
414,,28,129,1,1,6,Lost,None,None,11.27,0,0,2,2,2,2,2,2,2,0,2,2,0,2,2
528,,28,129,1,1,6,Lost,None,None,3.02,0,0,2,2,2,2,2,2,2,0,2,2,0,2,2
59,,28,129,1,1,6,Lost,None,None,11.37,0,0,2,2,2,2,2,2,2,0,2,2,0,2,2
180,,28,129,1,1,6,Lost,None,None,18.96,0,0,2,2,2,2,2,2,2,0,2,2,0,2,2
461,,29,13,0,1,17,Advanced,None,On the Ballot,100.0,1,2,2,2,2,2,2,2,2,2,2,2,2,2,2
535,,29,144,1,1,7,Advanced,None,On the Ballot,100.0,1,2,2,2,2,2,2,2,2,2,2,2,2,2,2
226,,29,145,1,1,7,Advanced,None,On the Ballot,100.0,1,2,2,2,2,2,2,2,2,2,2,2,2,2,2
341,,29,146,1,1,7,Advanced,None,On the Ballot,100.0,1,2,2,2,2,2,2,2,2,2,2,2,2,2,2
26,,29,147,1,1,7,Advanced,None,On the Ballot,100.0,1,2,2,2,2,2,2,2,2,2,2,2,2,2,2
307,,29,148,1,1,7,Advanced,None,On the Ballot,100.0,1,2,2,2,2,2,2,2,2,2,2,2,2,2,2
300,,29,149,1,1,7,Advanced,None,On the Ballot,100.0,1,1,2,2,2,2,2,2,2,2,2,2,2,2,2
349,,29,150,1,1,7,Advanced,None,On the Ballot,100.0,1,2,2,2,2,2,2,2,2,2,2,2,2,2,2
298,,29,151,1,1,7,Advanced,None,On the Ballot,100.0,1,1,2,2,2,2,2,2,2,2,2,2,2,2,2
587,,29,152,1,1,7,Advanced,None,On the Ballot,100.0,1,2,2,2,2,2,2,2,2,2,2,2,2,2,2
157,,29,153,1,1,7,Advanced,None,On the Ballot,100.0,1,1,2,2,2,2,2,2,2,2,2,2,2,2,2
13,,29,154,1,1,7,Advanced,None,On the Ballot,100.0,1,2,2,2,2,2,2,2,2,2,2,2,2,2,2
456,,29,155,1,1,7,Advanced,None,On the Ballot,100.0,1,2,2,2,2,2,2,2,2,2,2,2,2,2,2
119,,29,235,2,1,7,Advanced,None,On the Ballot,100.0,1,2,2,2,2,2,2,2,2,2,2,2,2,2,2
593,,30,14,0,1,5,Advanced,None,On the Ballot,59.84,1,2,2,2,2,2,1,2,2,2,2,2,2,2,2
485,,30,14,0,1,5,Lost,None,None,40.16,0,2,2,2,2,2,0,2,2,2,2,2,2,2,2
52,,30,160,1,1,5,Advanced,None,On the Ballot,52.55,1,2,2,2,2,2,2,2,2,2,2,2,2,2,2
274,,30,160,1,1,5,Lost,None,None,47.45,0,2,2,2,2,2,2,2,2,2,2,2,2,2,2
728,,30,161,1,1,5,Advanced,None,On the Ballot,28.72,1,2,2,2,2,2,1,0,0,2,0,2,1,2,2
384,,30,161,1,1,5,Lost,None,None,1.66,0,2,2,2,2,2,0,0,0,2,0,2,0,2,2
728,,30,161,1,2,5,Advanced,None,On the Ballot,29.22,1,2,2,2,2,2,1,0,0,2,0,2,1,2,2
384,,30,161,1,2,5,Lost,None,None,1.45,0,2,2,2,2,2,0,0,0,2,0,2,0,2,2
352,,30,161,1,1,5,Lost,None,None,0.91,0,2,2,2,2,2,0,0,0,2,0,2,0,2,2
417,,30,161,1,1,5,Lost,None,None,14.26,0,2,2,2,2,2,0,0,0,2,0,2,0,2,2
550,,30,161,1,1,5,Lost,None,None,1.16,0,2,2,2,2,2,0,0,0,2,0,2,0,2,2
108,,30,161,1,1,5,Lost,None,None,6.48,0,2,2,2,2,2,0,0,0,2,0,2,0,2,2
707,,30,161,1,1,5,Lost,None,None,16.88,0,2,2,2,2,2,0,0,0,2,0,2,0,2,2
498,,30,161,1,1,5,Lost,None,None,27.58,0,2,2,2,2,2,0,1,1,2,1,2,0,2,2
440,,30,161,1,1,5,Lost,None,None,1.17,0,2,2,2,2,2,0,0,0,2,0,2,0,2,2
519,,30,161,1,1,5,Lost,None,None,1.18,0,2,2,2,2,2,0,0,0,2,0,2,0,2,2
417,,30,161,1,2,5,Lost,None,None,14.27,0,2,2,2,2,2,0,0,0,2,0,2,0,2,2
440,,30,161,1,2,5,Lost,None,None,1.17,0,2,2,2,2,2,0,0,0,2,0,2,0,2,2
707,,30,161,1,2,5,Lost,None,None,17.07,0,2,2,2,2,2,0,0,0,2,0,2,0,2,2
498,,30,161,1,2,5,Lost,None,None,28.25,0,2,2,2,2,2,0,1,1,2,1,2,0,2,2
550,,30,161,1,2,5,Lost,None,None,1.08,0,2,2,2,2,2,0,0,0,2,0,2,0,2,2
108,,30,161,1,2,5,Lost,None,None,6.4,0,2,2,2,2,2,0,0,0,2,0,2,0,2,2
519,,30,161,1,2,5,Lost,None,None,1.09,0,2,2,2,2,2,0,0,0,2,0,2,0,2,2
131,,30,162,1,1,5,Advanced,None,On the Ballot,100.0,1,2,2,2,2,2,2,2,2,2,2,2,2,2,2
25,,30,163,1,1,5,Advanced,None,On the Ballot,53.07,1,1,2,2,2,0,1,0,2,2,0,2,1,1,2
126,,30,163,1,1,5,Lost,None,None,40.78,0,1,2,2,2,1,0,1,2,2,1,2,0,0,2
506,,30,163,1,1,5,Lost,None,None,6.15,0,0,2,2,2,0,0,0,2,2,0,2,0,0,2
333,,30,164,1,1,5,Advanced,None,On the Ballot,93.1,1,2,2,2,2,2,2,2,2,2,2,2,2,2,2
1,,30,164,1,1,5,Lost,None,None,6.9,0,2,2,2,2,2,2,2,2,2,2,2,2,2,2
689,,30,165,1,1,5,Advanced,None,On the Ballot,49.45,1,2,2,2,2,2,2,2,2,2,2,2,2,2,2
406,,30,165,1,1,5,Lost,None,None,29.86,0,2,2,2,2,2,2,2,2,2,2,2,2,2,2
739,,30,165,1,1,5,Lost,None,None,20.7,0,2,2,2,2,2,2,2,2,2,2,2,2,2,2
338,,30,237,2,1,5,Advanced,None,On the Ballot,47.34,1,2,1,2,2,1,1,2,2,1,2,0,2,2,2
204,,30,237,2,1,5,Lost,None,None,3.88,0,2,0,2,2,0,0,2,2,0,2,0,2,2,2
524,,30,237,2,1,5,Lost,None,None,31.69,0,2,0,2,2,0,0,2,2,0,2,1,2,2,2
499,,30,237,2,1,5,Lost,None,None,13.09,0,2,0,2,2,0,0,2,2,0,2,0,2,2,2
160,,30,237,2,1,5,Lost,None,None,3.99,0,2,0,2,2,0,0,2,2,0,2,0,2,2,2
517,,31,15,0,1,7,Advanced,Lost,None,29.34,0,2,2,2,2,2,2,2,2,2,2,2,2,2,2
428,,31,15,0,1,7,Advanced,Advanced,On the Ballot,24.41,1,2,2,2,2,2,2,2,2,2,2,2,2,2,2
129,,31,15,0,1,7,Lost,None,None,1.16,0,2,2,2,2,2,2,2,2,2,2,2,2,2,2
158,,31,15,0,1,7,Lost,None,None,7.91,0,2,2,2,2,2,2,2,2,2,2,2,2,2,2
232,,31,15,0,1,7,Lost,None,None,0.51,0,2,2,2,2,2,2,2,2,2,2,2,2,2,2
42,,31,15,0,1,7,Lost,None,None,0.52,0,2,2,2,2,2,2,2,2,2,2,2,2,2,2
247,,31,15,0,1,7,Lost,None,None,5.58,0,2,2,2,2,2,2,2,2,2,2,2,2,2,2
714,,31,15,0,1,7,Lost,None,None,23.86,0,2,2,2,2,2,2,2,2,2,2,2,2,2,2
248,,31,15,0,1,7,Lost,None,None,4.02,0,2,2,2,2,2,2,2,2,2,2,2,2,2,2
61,,31,15,0,1,7,Lost,None,None,2.7,0,2,2,2,2,2,2,2,2,2,2,2,2,2,2
421,,31,166,1,1,7,Advanced,Advanced,On the Ballot,22.68,1,2,2,2,2,2,2,2,0,2,0,2,1,2,2
705,,31,166,1,1,7,Advanced,Lost,None,27.48,0,2,2,2,2,2,2,2,2,2,0,2,0,2,2
536,,31,166,1,1,7,Lost,None,None,20.17,0,2,2,2,2,2,2,2,2,2,0,2,0,2,2
19,,31,166,1,1,7,Lost,None,None,21.85,0,2,2,2,2,2,2,2,2,2,1,2,0,2,2
169,,31,166,1,1,7,Lost,None,None,7.83,0,2,2,2,2,2,2,2,2,2,0,2,0,2,2
431,,32,16,0,1,3,Advanced,None,On the Ballot,45.9,1,2,2,2,2,2,0,2,2,2,2,2,2,2,2
92,,32,16,0,1,3,Lost,None,None,1.55,0,2,2,2,2,2,0,2,2,2,2,2,2,2,2
638,,32,16,0,1,3,Lost,None,None,28.85,0,2,2,2,2,2,0,2,2,2,2,2,2,2,2
319,,32,16,0,1,3,Lost,None,None,1.49,0,2,2,2,2,2,0,2,2,2,2,2,2,2,2
405,,32,16,0,1,3,Lost,None,None,0.25,0,2,2,2,2,2,0,2,2,2,2,2,2,2,2
292,,32,16,0,1,3,Lost,None,None,0.16,0,2,2,2,2,2,0,2,2,2,2,2,2,2,2
273,,32,16,0,1,3,Lost,None,None,20.08,0,2,2,2,2,2,1,2,2,2,2,2,2,2,2
386,,32,16,0,1,3,Lost,None,None,0.27,0,2,2,2,2,2,0,2,2,2,2,2,2,2,2
80,,32,16,0,1,3,Lost,None,None,0.24,0,2,2,2,2,2,0,2,2,2,2,2,2,2,2
188,,32,16,0,1,3,Lost,None,None,0.67,0,2,2,2,2,2,0,2,2,2,2,2,2,2,2
379,,32,167,1,1,3,Advanced,None,On the Ballot,50.61,1,2,2,2,2,2,2,2,2,2,2,2,2,2,2
254,,32,167,1,1,3,Lost,None,None,40.72,0,2,2,2,2,2,2,2,2,2,2,2,2,2,2
579,,32,167,1,1,3,Lost,None,None,7.71,0,2,2,2,2,2,2,2,2,2,2,2,2,2,2
33,,32,168,1,1,3,Advanced,None,On the Ballot,45.51,1,2,2,2,2,2,1,2,2,2,2,2,2,2,2
343,,32,168,1,1,3,Lost,None,None,20.81,0,2,2,2,2,2,1,2,2,2,2,2,2,2,2
666,,32,168,1,1,3,Lost,None,None,3.36,0,2,2,2,2,2,0,2,2,2,2,2,2,2,2
144,,32,168,1,1,3,Lost,None,None,23.62,0,2,2,2,2,2,1,2,2,2,2,2,2,2,2
511,,32,168,1,1,3,Lost,None,None,5.95,0,2,2,2,2,2,0,2,2,2,2,2,2,2,2
468,,32,169,1,1,3,Advanced,None,On the Ballot,61.9,1,2,2,2,2,2,1,2,2,2,2,2,2,2,2
351,,32,169,1,1,3,Lost,None,None,20.61,0,2,2,2,2,2,0,2,2,2,2,2,2,2,2
610,,32,169,1,1,3,Lost,None,None,16.64,0,2,2,2,2,2,1,2,2,2,2,2,2,2,2
650,,33,17,0,1,3,Advanced,None,On the Ballot,44.3,1,2,2,1,2,2,2,2,2,2,2,2,2,2,2
439,,33,17,0,1,3,Lost,None,None,18.83,0,2,2,0,2,2,2,2,2,2,2,2,2,2,2
561,,33,17,0,1,3,Lost,None,None,36.87,0,2,2,0,2,2,2,2,2,2,2,2,2,2,2
369,,33,170,1,1,3,Advanced,None,On the Ballot,22.02,1,2,2,2,2,2,2,2,0,2,0,2,1,2,2
32,,33,170,1,1,3,Lost,None,None,15.33,0,2,2,2,2,2,2,2,2,2,0,2,0,2,2
360,,33,170,1,1,3,Lost,None,None,19.77,0,2,2,2,2,2,2,2,2,2,0,2,0,2,2
670,,33,170,1,1,3,Lost,None,None,18.16,0,2,2,2,2,2,2,2,2,2,1,2,0,2,2
726,,33,170,1,1,3,Lost,None,None,4.51,0,2,2,2,2,2,2,2,2,2,0,2,0,2,2
209,,33,170,1,1,3,Lost,None,None,15.6,0,2,2,2,2,2,2,2,2,2,0,2,0,2,2
48,,33,170,1,1,3,Lost,None,None,2.84,0,2,2,2,2,2,2,2,2,2,0,2,0,2,2
47,,33,170,1,1,3,Lost,None,None,1.77,0,2,2,2,2,2,2,2,2,2,0,2,0,2,2
276,,33,171,1,1,3,Advanced,None,On the Ballot,55.19,1,2,2,2,2,2,2,2,2,2,0,2,1,2,2
597,,33,171,1,1,3,Lost,None,None,44.81,0,2,2,2,2,2,2,2,1,2,1,2,0,2,2
190,,33,172,1,1,3,Advanced,None,On the Ballot,100.0,1,2,2,2,2,2,2,2,2,2,2,2,2,2,2
95,,33,173,1,1,3,Advanced,None,On the Ballot,100.0,1,2,2,2,2,2,2,2,2,2,2,2,2,2,2
156,,33,174,1,1,3,Advanced,None,On the Ballot,100.0,1,2,2,2,2,2,2,2,2,2,2,2,2,2,2
566,,33,175,1,1,3,Advanced,None,On the Ballot,100.0,1,2,2,2,2,2,2,2,2,2,2,2,2,2,2
269,,33,176,1,1,3,Advanced,None,On the Ballot,100.0,1,2,2,2,2,2,2,2,2,2,2,2,2,2,2
483,,33,177,1,1,3,Advanced,None,On the Ballot,50.49,1,1,2,2,2,2,2,2,2,2,2,2,2,2,2
192,,33,177,1,1,3,Lost,None,None,49.51,0,0,2,2,2,2,2,2,2,2,2,2,2,2,2
355,,33,178,1,1,3,Advanced,None,On the Ballot,48.47,1,1,2,2,2,2,2,2,2,2,2,2,2,2,2
608,,33,178,1,1,3,Lost,None,None,16.66,0,0,2,2,2,2,2,2,2,2,2,2,2,2,2
347,,33,178,1,1,3,Lost,None,None,34.87,0,0,2,2,2,2,2,2,2,2,2,2,2,2,2
161,,33,179,1,1,3,Advanced,None,On the Ballot,52.94,1,1,2,2,2,2,2,2,2,2,2,2,2,2,1
649,,33,179,1,1,3,Lost,None,None,23.1,0,0,2,2,2,2,2,2,2,2,2,2,2,2,0
255,,33,179,1,1,3,Lost,None,None,23.97,0,0,2,2,2,2,2,2,2,2,2,2,2,2,0
451,,33,238,2,1,3,Advanced,None,On the Ballot,63.03,1,2,2,2,2,2,2,2,2,1,2,2,2,2,2
334,,33,238,2,1,3,Lost,None,None,36.97,0,2,2,2,2,2,2,2,2,0,2,2,2,2,2
263,,34,18,0,1,16,Lost,None,None,3.5,0,2,2,2,2,2,2,0,2,2,2,2,2,2,2
12,,34,18,0,1,16,Advanced,None,On the Ballot,56.4,1,2,2,2,2,2,2,0,2,2,2,2,2,2,2
551,,34,18,0,1,16,Lost,None,None,40.1,0,2,2,2,2,2,2,1,2,2,2,2,2,2,2
245,,34,180,1,1,16,Lost,None,None,21.6,0,2,2,2,2,2,2,2,2,2,2,2,2,2,2
555,,34,180,1,1,16,Advanced,None,On the Ballot,78.4,1,2,2,2,2,2,2,2,2,2,2,2,2,2,2
637,,34,181,1,1,16,Advanced,None,On the Ballot,100.0,1,2,2,2,2,2,2,2,2,2,2,2,2,2,2
623,,34,239,2,1,16,Lost,None,None,12.3,0,2,2,2,2,2,2,2,2,2,2,2,2,2,2
606,,34,239,2,1,16,Advanced,None,On the Ballot,87.7,1,2,2,2,2,2,2,2,2,2,2,2,2,2,2
444,,35,182,1,1,6,Advanced,Lost,None,24.95,0,2,2,2,2,2,2,2,0,2,2,2,2,2,2
749,,35,182,1,1,6,Advanced,Advanced,On the Ballot,19.21,1,2,2,2,2,2,2,2,0,2,2,2,2,2,2
159,,35,182,1,1,6,Lost,None,None,18.62,0,2,2,2,2,2,2,2,0,2,2,2,2,2,2
671,,35,182,1,1,6,Lost,None,None,7.57,0,2,2,2,2,2,2,2,0,2,2,2,2,2,2
467,,35,182,1,1,6,Lost,None,None,2.48,0,2,2,2,2,2,2,2,0,2,2,2,2,2,2
41,,35,182,1,1,6,Lost,None,None,0.3,0,2,2,2,2,2,2,2,0,2,2,2,2,2,2
392,,35,182,1,1,6,Lost,None,None,11.13,0,2,2,2,2,2,2,2,1,2,2,2,2,2,2
297,,35,182,1,1,6,Lost,None,None,8.03,0,2,2,2,2,2,2,2,0,2,2,2,2,2,2
657,,35,182,1,1,6,Lost,None,None,3.64,0,2,2,2,2,2,2,2,0,2,2,2,2,2,2
137,,35,182,1,1,6,Lost,None,None,2.11,0,2,2,2,2,2,2,2,0,2,2,2,2,2,2
154,,35,182,1,1,6,Lost,None,None,0.76,0,2,2,2,2,2,2,2,0,2,2,2,2,2,2
371,,35,182,1,1,6,Lost,None,None,0.68,0,2,2,2,2,2,2,2,0,2,2,2,2,2,2
398,,35,182,1,1,6,Lost,None,None,0.53,0,2,2,2,2,2,2,2,0,2,2,2,2,2,2
261,,35,183,1,1,6,Advanced,None,On the Ballot,100.0,1,2,2,2,2,2,2,2,2,2,2,2,2,2,2
433,,36,19,0,1,8,Advanced,None,On the Ballot,56.03,1,2,2,2,2,2,2,1,2,2,2,2,2,2,2
482,,36,19,0,1,8,Lost,None,None,43.96,0,2,2,2,2,2,2,0,2,2,2,2,2,2,2
213,,36,184,1,1,8,Advanced,None,On the Ballot,46.81,1,1,2,2,2,2,2,0,2,1,2,2,0,2,2
537,,36,184,1,1,8,Lost,None,None,23.87,0,0,2,2,2,2,2,0,2,0,2,2,0,2,2
658,,36,184,1,1,8,Lost,None,None,29.34,0,1,2,2,2,2,2,1,2,0,2,2,1,2,0
197,,37,20,0,1,11,Lost,None,None,23.0,0,2,2,2,2,1,1,1,2,2,2,2,2,2,2
582,,37,20,0,1,11,Lost,None,None,24.4,0,2,2,2,2,0,0,0,2,2,2,2,2,2,2
49,,37,20,0,1,11,Lost,None,None,15.3,0,2,2,2,2,0,0,0,2,2,2,2,2,2,2
58,,37,20,0,1,11,Advanced,None,On the Ballot,36.8,1,2,2,2,2,0,0,0,2,2,2,2,2,2,2
43,,37,20,0,1,11,Lost,None,None,0.2,0,2,2,2,2,0,0,0,2,2,2,2,2,2,2
404,,37,20,0,1,11,Lost,None,None,0.4,0,2,2,2,2,0,0,0,2,2,2,2,2,2,2
306,,37,185,1,1,11,Lost,None,None,2.3,0,2,2,2,2,2,2,2,2,0,2,2,0,2,2
340,,37,185,1,1,11,Lost,None,None,36.1,0,2,2,2,2,2,2,2,2,1,2,2,0,2,2
704,,37,185,1,1,11,Advanced,None,On the Ballot,48.2,1,2,2,2,2,2,2,2,2,0,2,2,0,2,2
738,,37,185,1,1,11,Lost,None,None,0.8,0,2,2,2,2,2,2,2,2,0,2,2,0,2,2
277,,37,185,1,1,11,Lost,None,None,0.9,0,2,2,2,2,2,2,2,2,0,2,2,0,2,2
36,,37,185,1,1,11,Lost,None,None,11.0,0,2,2,2,2,2,2,2,2,0,2,2,1,2,2
98,,37,185,1,1,11,Lost,None,None,0.7,0,2,2,2,2,2,2,2,2,0,2,2,0,2,2
264,,37,186,1,1,11,Lost,None,None,44.1,0,2,2,2,2,2,2,2,2,2,2,2,2,2,2
344,,37,186,1,1,11,Advanced,None,On the Ballot,55.9,1,2,2,2,2,2,2,2,2,2,2,2,2,2,2
396,,37,187,1,1,11,Lost,None,None,15.9,0,2,2,2,2,2,0,2,2,2,1,2,2,2,2
605,,37,187,1,1,11,Lost,None,None,31.1,0,2,2,2,2,2,1,2,2,2,0,2,2,2,2
378,,37,187,1,1,11,Advanced,None,On the Ballot,41.3,1,2,2,2,2,2,0,2,2,2,0,2,2,2,2
132,,37,187,1,1,11,Lost,None,None,2.8,0,2,2,2,2,2,0,2,2,2,0,2,2,2,2
437,,37,187,1,1,11,Lost,None,None,8.8,0,2,2,2,2,2,0,2,2,2,0,2,2,2,2
470,,37,188,1,1,11,Advanced,None,On the Ballot,100.0,1,2,2,2,2,2,2,2,1,2,1,2,2,2,2
118,,37,189,1,1,11,Advanced,None,On the Ballot,100.0,1,2,2,2,2,2,2,2,2,2,2,2,2,2,2
478,,37,240,2,1,11,Advanced,None,On the Ballot,84.5,1,2,1,1,1,2,2,1,1,1,2,2,2,2,2
0,,37,240,2,1,11,Lost,None,None,15.5,0,2,0,0,0,2,2,0,0,0,2,2,2,2,2
712,,38,190,1,1,2,Advanced,None,On the Ballot,100.0,1,2,2,2,2,2,2,2,2,2,2,2,2,2,2
599,,38,191,1,1,2,Advanced,None,On the Ballot,69.35,1,2,2,2,2,2,2,2,2,2,2,2,2,2,2
11,,38,191,1,1,2,Lost,None,None,30.65,0,2,2,2,2,2,2,2,2,2,2,2,2,2,2
39,,38,192,1,1,2,Advanced,None,On the Ballot,100.0,1,2,2,2,2,2,2,2,2,2,2,2,2,2,2
426,,38,193,1,1,2,Advanced,Lost,None,33.03,0,2,2,2,2,1,2,2,2,2,2,0,2,2,2
164,,38,193,1,1,2,Advanced,Advanced,On the Ballot,27.42,1,2,2,2,2,0,2,2,2,2,2,1,2,2,2
176,,38,193,1,1,2,Lost,None,None,0.75,0,2,2,2,2,0,2,0,2,2,2,0,2,2,2
458,,38,193,1,1,2,Lost,None,None,0.7,0,2,2,2,2,0,2,0,2,2,2,0,2,2,2
601,,38,193,1,1,2,Lost,None,None,7.18,0,2,2,2,2,0,2,0,2,2,2,0,2,2,2
402,,38,193,1,1,2,Lost,None,None,27.08,0,2,2,2,2,0,2,1,2,2,2,0,2,2,2
400,,38,193,1,1,2,Lost,None,None,0.92,0,2,2,2,2,0,2,0,2,2,2,0,2,2,2
385,,38,193,1,1,2,Lost,None,None,0.9,0,2,2,2,2,0,2,0,2,2,2,0,2,2,2
388,,38,193,1,1,2,Lost,None,None,2.02,0,2,2,2,2,0,2,0,2,2,2,0,2,2,2
488,,38,194,1,1,2,Advanced,Lost,None,16.93,0,2,2,2,2,2,0,2,0,2,0,0,2,2,0
120,,38,194,1,1,2,Advanced,Advanced,On the Ballot,27.06,1,2,2,2,2,2,1,2,1,2,1,1,2,2,0
239,,38,194,1,1,2,Lost,None,None,3.47,0,2,2,2,2,2,0,2,0,2,0,0,2,2,0
308,,38,194,1,1,2,Lost,None,None,10.04,0,2,2,2,2,2,0,2,0,2,0,0,2,2,0
693,,38,194,1,1,2,Lost,None,None,3.79,0,2,2,2,2,2,0,2,0,2,0,0,2,2,0
230,,38,194,1,1,2,Lost,None,None,1.01,0,2,2,2,2,2,0,2,0,2,0,0,2,2,0
38,,38,194,1,1,2,Lost,None,None,0.63,0,2,2,2,2,2,0,2,0,2,0,0,2,2,0
612,,38,194,1,1,2,Lost,None,None,4.76,0,2,2,2,2,2,0,2,0,2,0,0,2,2,0
287,,38,194,1,1,2,Lost,None,None,0.13,0,2,2,2,2,2,0,2,0,2,0,0,2,2,0
633,,38,194,1,1,2,Lost,None,None,3.2,0,2,2,2,2,2,0,2,0,2,0,0,2,2,0
323,,38,194,1,1,2,Lost,None,None,5.61,0,2,2,2,2,2,0,2,0,2,0,0,2,2,0
494,,38,194,1,1,2,Lost,None,None,0.92,0,2,2,2,2,2,0,2,0,2,0,0,2,2,0
238,,38,194,1,1,2,Lost,None,None,0.55,0,2,2,2,2,2,0,2,0,2,0,0,2,2,0
747,,38,194,1,1,2,Lost,None,None,15.55,0,2,2,2,2,2,0,2,0,2,0,0,2,2,1
6,,38,194,1,1,2,Lost,None,None,1.81,0,2,2,2,2,2,0,2,0,2,0,0,2,2,0
642,,38,194,1,1,2,Lost,None,None,1.42,0,2,2,2,2,2,0,2,0,2,0,0,2,2,0
567,,38,194,1,1,2,Lost,None,None,1.79,0,2,2,2,2,2,0,2,0,2,0,0,2,2,0
27,,38,194,1,1,2,Lost,None,None,1.33,0,2,2,2,2,2,0,2,0,2,0,0,2,2,0
504,,38,195,1,1,2,Advanced,Advanced,On the Ballot,33.83,1,2,2,2,2,2,2,2,1,0,1,1,2,2,2
44,,38,195,1,1,2,Advanced,Lost,None,36.09,0,2,2,2,2,2,2,2,0,1,0,0,2,2,2
122,,38,195,1,1,2,Lost,None,None,12.14,0,2,2,2,2,2,2,2,0,0,0,0,2,2,2
364,,38,195,1,1,2,Lost,None,None,6.86,0,2,2,2,2,2,2,2,0,0,0,0,2,2,2
217,,38,195,1,1,2,Lost,None,None,2.8,0,2,2,2,2,2,2,2,0,0,0,0,2,2,2
330,,38,195,1,1,2,Lost,None,None,8.27,0,2,2,2,2,2,2,2,0,0,0,0,2,2,2
578,,38,196,1,1,2,Advanced,Advanced,On the Ballot,38.6,1,2,2,2,2,2,2,2,2,2,2,2,2,2,2
106,,38,196,1,1,2,Advanced,Lost,None,23.58,0,2,2,2,2,2,2,2,2,2,2,2,2,2,2
611,,38,196,1,1,2,Lost,None,None,16.73,0,2,2,2,2,2,2,2,2,2,2,2,2,2,2
294,,38,196,1,1,2,Lost,None,None,21.08,0,2,2,2,2,2,2,2,2,2,2,2,2,2,2
731,,38,197,1,1,2,Advanced,None,On the Ballot,84.68,1,2,2,2,2,2,2,2,1,2,2,2,2,2,2
186,,38,197,1,1,2,Lost,None,None,9.39,0,2,2,2,2,2,2,2,0,2,2,2,2,2,2
9,,38,197,1,1,2,Lost,None,None,5.93,0,2,2,2,2,2,2,2,0,2,2,2,2,2,2
750,,38,198,1,1,2,Advanced,None,On the Ballot,100.0,1,2,2,2,2,2,2,2,2,2,2,2,2,2,2
588,,38,199,1,1,2,Advanced,None,On the Ballot,100.0,1,2,2,2,2,2,2,2,2,2,2,2,2,2,2
187,,38,200,1,1,2,Advanced,None,On the Ballot,53.3,1,2,2,2,2,2,2,2,2,2,2,2,2,2,2
635,,38,200,1,1,2,Lost,None,None,46.7,0,2,2,2,2,2,2,2,2,2,2,2,2,2,2
438,,38,201,1,1,2,Advanced,Advanced,On the Ballot,29.97,1,2,2,2,2,2,0,0,0,0,2,0,2,2,2
97,,38,201,1,1,2,Advanced,Lost,None,21.95,0,2,2,2,2,2,1,1,1,1,2,1,2,2,2
116,,38,201,1,1,2,Lost,None,None,1.75,0,2,2,2,2,2,0,0,0,0,2,0,2,2,2
413,,38,201,1,1,2,Lost,None,None,11.99,0,2,2,2,2,2,0,0,0,0,2,0,2,2,2
639,,38,201,1,1,2,Lost,None,None,17.16,0,2,2,2,2,2,0,0,0,0,2,0,2,2,2
165,,38,201,1,1,2,Lost,None,None,3.02,0,2,2,2,2,2,0,0,0,0,2,0,2,2,2
191,,38,201,1,1,2,Lost,None,None,2.73,0,2,2,2,2,2,0,0,0,0,2,0,2,2,2
309,,38,201,1,1,2,Lost,None,None,11.42,0,2,2,2,2,2,0,0,0,0,2,0,2,2,2
295,,38,202,1,1,2,Advanced,Lost,None,21.76,0,2,2,2,2,2,0,2,0,2,2,0,2,2,2
622,,38,202,1,1,2,Advanced,Advanced,On the Ballot,45.15,1,2,2,2,2,2,1,2,1,2,2,1,2,2,2
410,,38,202,1,1,2,Lost,None,None,7.7,0,2,2,2,2,2,0,2,0,2,2,0,2,2,2
194,,38,202,1,1,2,Lost,None,None,3.65,0,2,2,2,2,2,0,2,0,2,2,0,2,2,2
659,,38,202,1,1,2,Lost,None,None,1.13,0,2,2,2,2,2,0,2,0,2,2,0,2,2,2
472,,38,202,1,1,2,Lost,None,None,4.68,0,2,2,2,2,2,0,2,0,2,2,0,2,2,2
730,,38,202,1,1,2,Lost,None,None,4.04,0,2,2,2,2,2,0,2,0,2,2,0,2,2,2
497,,38,202,1,1,2,Lost,None,None,0.58,0,2,2,2,2,2,0,2,0,2,2,0,2,2,2
420,,38,202,1,1,2,Lost,None,None,3.85,0,2,2,2,2,2,0,2,0,2,2,0,2,2,2
695,,38,202,1,1,2,Lost,None,None,1.18,0,2,2,2,2,2,0,2,0,2,2,0,2,2,2
656,,38,202,1,1,2,Lost,None,None,6.28,0,2,2,2,2,2,0,2,0,2,2,0,2,2,2
531,,39,241,2,1,7,Advanced,None,On the Ballot,71.27,1,2,1,2,2,2,2,2,2,2,2,2,2,2,2
525,,39,241,2,1,7,Lost,None,None,28.73,0,2,0,2,2,2,2,2,2,2,2,2,2,2,2
90,,41,203,1,1,10,Advanced,None,On the Ballot,63.3,1,2,2,2,2,2,2,2,2,2,2,2,2,2,2
30,,41,203,1,1,10,Lost,None,None,36.7,0,2,2,2,2,2,2,2,2,2,2,2,2,2,2
623,,41,242,2,1,10,Lost,None,None,4.2,0,2,2,2,2,2,2,2,2,2,2,2,2,2,2
90,,41,242,2,1,10,Advanced,None,On the Ballot,39.6,1,2,2,2,2,2,2,2,2,2,2,2,2,2,2
305,,41,242,2,1,10,Lost,None,None,18.3,0,2,2,2,2,2,2,2,2,2,2,2,2,2,2
441,,41,242,2,1,10,Lost,None,None,4.2,0,2,2,2,2,2,2,2,2,2,2,2,2,2,2
315,,40,204,1,1,6,Advanced,None,On the Ballot,100.0,1,2,2,2,2,2,2,2,2,2,2,2,2,2,2
634,,40,205,1,1,6,Advanced,None,On the Ballot,72.57,1,2,2,2,2,2,2,2,2,2,2,2,2,2,2
663,,40,205,1,1,6,Lost,None,None,27.43,0,2,2,2,2,2,2,2,2,2,2,2,2,2,2
196,,40,206,1,1,6,Advanced,None,On the Ballot,100.0,1,2,2,2,2,2,2,2,1,2,2,2,2,2,2
45,,40,207,1,1,6,Advanced,None,On the Ballot,100.0,1,2,2,2,2,1,2,2,2,2,2,2,2,2,2
700,,40,208,1,1,6,Advanced,None,On the Ballot,100.0,1,2,2,2,2,2,2,2,2,2,2,2,2,2,2
143,,40,243,2,1,6,Advanced,None,On the Ballot,44.87,1,2,2,2,2,2,2,2,2,2,2,2,2,2,2
214,,40,243,2,1,6,Lost,None,None,11.99,0,2,2,2,2,2,2,2,2,2,2,2,2,2,2
540,,40,243,2,1,6,Lost,None,None,43.14,0,2,2,2,2,2,2,2,2,2,2,2,2,2,2
320,,42,209,1,1,14,Advanced,None,On the Ballot,69.19,1,2,2,2,2,2,2,2,2,2,2,2,2,2,2
647,,42,209,1,1,14,Lost,None,None,30.81,0,2,2,2,2,2,2,2,2,2,2,2,2,2,2
389,,42,210,1,1,14,Advanced,None,On the Ballot,100.0,1,2,2,2,2,2,2,2,2,2,2,2,2,2,2
212,,42,211,1,1,14,Advanced,None,On the Ballot,100.0,1,2,2,2,2,2,2,2,2,2,2,2,2,2,2
147,,42,212,1,1,14,Advanced,None,On the Ballot,100.0,1,2,2,2,2,2,2,2,2,2,2,2,2,2,2
200,,42,213,1,1,14,Advanced,None,On the Ballot,92.09,1,1,2,2,2,2,2,2,1,1,2,1,1,2,2
290,,42,213,1,1,14,Lost,None,None,5.34,0,0,2,2,2,2,2,2,0,0,2,0,0,2,2
267,,42,213,1,1,14,Lost,None,None,2.57,0,0,2,2,2,2,2,2,0,0,2,0,0,2,2
206,,42,214,1,0,14,Lost,None,None,100.0,0,2,2,2,2,2,2,2,2,2,2,2,2,2,2
350,,42,244,2,1,14,Lost,None,None,6.37,0,2,2,2,2,2,0,2,2,2,2,2,2,2,2
493,,42,244,2,1,14,Lost,None,None,1.38,0,2,2,2,2,2,0,2,2,2,2,2,2,2,2
623,,42,244,2,1,14,Lost,None,None,0.83,0,2,2,2,2,2,0,2,2,2,2,2,2,2,2
173,,42,244,2,1,14,Lost,None,None,5.54,0,2,2,2,2,2,0,2,2,2,2,2,2,2,2
31,,42,244,2,1,14,Lost,None,None,4.98,0,2,2,2,2,2,1,2,2,2,2,2,2,2,2
266,,42,244,2,1,14,Lost,None,None,1.11,0,2,2,2,2,2,0,2,2,2,2,2,2,2,2
486,,42,244,2,1,14,Lost,None,None,2.21,0,2,2,2,2,2,1,2,2,2,2,2,2,2,2
692,,42,244,2,1,14,Advanced,None,On the Ballot,67.31,1,2,2,2,2,2,0,2,2,2,2,2,2,2,2
376,,42,244,2,1,14,Lost,None,None,1.11,0,2,2,2,2,2,0,2,2,2,2,2,2,2,2
708,,42,244,2,1,14,Lost,None,None,3.88,0,2,2,2,2,2,1,2,2,2,2,2,2,2,2
580,,42,244,2,1,14,Lost,None,None,0.28,0,2,2,2,2,2,0,2,2,2,2,2,2,2,2
265,,42,244,2,1,14,Lost,None,None,1.94,0,2,2,2,2,2,0,2,2,2,2,2,2,2,2
407,,42,244,2,1,14,Lost,None,None,6.4,0,2,2,2,2,2,1,2,2,2,2,2,2,2,2
107,,44,215,1,1,5,Advanced,None,On the Ballot,23.81,1,2,2,2,2,2,2,1,2,2,2,2,0,2,2
481,,44,215,1,1,5,Lost,None,None,18.19,0,2,2,2,2,2,2,0,2,2,2,2,0,2,2
600,,44,215,1,1,5,Lost,None,None,10.64,0,2,2,2,2,2,2,0,2,2,2,2,0,2,2
628,,44,215,1,1,5,Lost,None,None,19.53,0,2,2,2,2,2,2,0,2,2,2,2,0,2,2
40,,44,215,1,1,5,Lost,None,None,7.46,0,2,2,2,2,2,2,0,2,2,2,2,0,2,2
141,,44,215,1,1,5,Lost,None,None,18.07,0,2,2,2,2,2,2,0,2,2,2,2,1,2,2
577,,44,215,1,1,5,Lost,None,None,2.3,0,2,2,2,2,2,2,0,2,2,2,2,0,2,2
558,,44,245,2,1,5,Advanced,None,On the Ballot,34.9,1,2,1,1,1,2,2,2,2,1,2,1,0,2,2
235,,44,245,2,1,5,Lost,None,None,29.21,0,2,1,0,0,2,2,2,2,0,2,0,1,2,2
62,,44,245,2,1,5,Lost,None,None,3.09,0,2,0,0,0,2,2,2,2,0,2,0,0,2,2
291,,44,245,2,1,5,Lost,None,None,2.99,0,2,0,0,0,2,2,2,2,0,2,0,0,2,2
203,,44,245,2,1,5,Lost,None,None,19.97,0,2,0,0,0,2,2,2,2,0,2,0,0,2,2
719,,44,245,2,1,5,Lost,None,None,9.84,0,2,0,0,0,2,2,2,2,0,2,0,0,2,2
96,,43,216,1,1,10,Advanced,None,On the Ballot,51.6,1,1,2,2,2,2,0,2,2,2,2,2,2,2,2
562,,43,216,1,1,10,Lost,None,None,11.1,0,0,2,2,2,2,0,2,2,2,2,2,2,2,2
542,,43,216,1,1,10,Lost,None,None,14.9,0,0,2,2,2,2,0,2,2,2,2,2,2,2,2
328,,43,216,1,1,10,Lost,None,None,10.4,0,0,2,2,2,2,0,2,2,2,2,2,2,2,2
427,,43,216,1,1,10,Lost,None,None,10.5,0,0,2,2,2,2,1,2,2,2,2,2,2,2,2
72,,43,216,1,1,10,Lost,None,None,1.5,0,0,2,2,2,2,0,2,2,2,2,2,2,2,2
684,,43,217,1,1,10,Advanced,None,On the Ballot,100.0,1,1,2,2,2,2,1,2,2,2,2,2,2,2,2
711,,43,218,1,1,10,Advanced,None,On the Ballot,55.6,1,2,2,2,2,2,0,2,2,2,2,2,2,2,2
135,,43,218,1,1,10,Lost,None,None,44.4,0,2,2,2,2,2,1,2,2,2,2,2,2,2,2
443,,43,246,2,1,10,Advanced,None,On the Ballot,49.0,1,2,2,0,0,1,1,2,0,2,2,2,2,2,2
424,,43,246,2,1,10,Lost,None,None,42.9,0,2,2,1,1,0,1,2,1,2,2,2,2,2,2
275,,43,246,2,1,10,Lost,None,None,2.0,0,2,2,0,0,0,0,2,0,2,2,2,2,2,2
115,,43,246,2,1,10,Lost,None,None,1.8,0,2,2,0,0,0,0,2,0,2,2,2,2,2,2
256,,43,246,2,1,10,Lost,None,None,4.2,0,2,2,0,0,0,0,2,0,2,2,2,2,2,2
469,,45,21,0,1,12,Advanced,None,On the Ballot,33.4,1,2,0,2,2,2,0,2,2,2,2,2,2,2,2
55,,45,21,0,1,12,Lost,None,None,1.5,0,2,0,2,2,2,0,2,2,2,2,2,2,2,2
279,,45,21,0,1,12,Lost,None,None,21.5,0,2,0,2,2,2,1,2,2,2,2,2,2,2,2
640,,45,21,0,1,12,Lost,None,None,12.5,0,2,0,2,2,2,1,2,2,2,2,2,2,2,2
237,,45,21,0,1,12,Lost,None,None,25.6,0,2,1,2,2,2,1,2,2,2,2,2,2,2,2
694,,45,21,0,1,12,Lost,None,None,5.6,0,2,0,2,2,2,1,2,2,2,2,2,2,2,2
