candidate,twitter_handle,state,district,office_type,race_type,race_primary,primary_status,primary_runoff_status,general_status,partisan_lean,primary_pctg,won_primary,race,veteran,lgbtq,elected_official,self_funder,stem,obama_alum,dem_party_support,emily_endorsed,guns_sense_candidate,biden_endorsed,warren_endorsed,sanders_endorsed,our_revolution_endorsed,justice_dems_endorsed,pccc_endorsed,indivisible_endorsed,wfp_endorsed,votevets_endorsed,no_labels_support,num_endorsements,num_non_endorsements
48,,0,0,0,0,8,Lost,None,None,-28.879998999999998,3.4200001,0,0,1,0,0,0,0,0,2,2,0,2,2,2,2,2,2,2,2,2,2,,
122,CA_Countryman,0,0,0,0,8,Lost,None,None,-28.879998999999998,1.74,0,1,0,1,0,0,0,0,2,2,0,2,2,2,2,2,2,2,2,2,2,,
194,sdoug_smith,0,0,0,0,8,Lost,None,None,-28.879998999999998,3.27,0,1,1,0,0,0,0,0,2,2,0,2,2,2,2,2,2,2,2,2,2,,
294,jamesfields_al,0,0,0,0,8,Lost,None,None,-28.879998999999998,8.0,0,0,1,0,1,0,0,0,2,2,0,2,2,2,2,2,2,2,2,2,2,,
706,SueBellCobb,0,0,0,0,8,Lost,None,None,-28.879998999999998,28.98,0,1,0,0,1,0,0,0,2,2,0,2,2,2,2,2,2,2,2,2,2,,
772,WaltMaddox,0,0,0,0,8,Advanced,None,On the Ballot,-28.879998999999998,54.599998,1,1,0,0,1,0,0,0,2,2,1,2,2,2,2,2,2,2,2,2,2,,
477,LizzettaMcConn1,0,21,1,0,8,Lost,None,None,-30.68,19.23,0,0,0,0,0,0,1,0,2,2,2,2,2,2,2,2,2,2,2,2,2,,
635,Kennedy4Alabama,0,21,1,0,8,Advanced,None,On the Ballot,-30.68,80.769997,1,0,1,0,0,0,0,0,2,2,2,2,2,2,2,2,2,2,2,2,2,,
59,audri4alabama,0,22,1,0,8,Lost,None,None,-33.080002,39.560001,0,0,1,0,0,0,0,0,2,2,2,2,2,2,2,2,2,2,2,2,2,,
718,TabithaK,0,22,1,0,8,Advanced,None,On the Ballot,-33.080002,60.439999,1,1,0,0,0,0,0,0,2,2,2,2,2,2,2,2,2,2,2,2,2,,
12,ElectDrDia,0,23,1,0,8,Lost,None,None,-33.66,34.240002000000004,0,0,0,0,0,0,1,0,2,2,1,2,2,2,2,2,2,2,2,2,2,,
491,ItsMalloryHagan,0,23,1,0,8,Advanced,None,On the Ballot,-33.66,65.739998,1,1,0,0,0,0,0,0,2,2,1,2,2,2,2,2,2,2,2,2,2,,
459,LeeAuman2018,0,24,1,0,8,Advanced,None,On the Ballot,-62.48,54.130001,1,1,0,0,0,0,0,0,2,2,1,2,2,2,2,2,2,2,2,2,2,,
625,VoteRick2018 ,0,24,1,0,8,Lost,None,None,-62.48,45.869999,0,1,1,0,0,0,0,0,2,2,0,2,2,2,2,2,2,2,2,2,2,,
591,peter_joffrion,0,25,1,0,8,Advanced,None,On the Ballot,-34.830002,100.0,1,1,0,0,0,0,0,0,2,2,2,2,2,2,2,2,2,1,2,2,2,,
154,VoteDannerKline,0,26,1,0,8,Advanced,None,On the Ballot,-48.459998999999996,100.0,1,1,0,0,0,0,0,0,2,2,1,2,2,2,2,2,2,2,2,2,2,,
313,JaredforGov,1,1,0,0,4,Advanced,None,On the Ballot,-28.639999,63.299999,1,1,0,0,0,0,1,0,2,2,2,2,2,2,2,2,2,2,2,2,2,,
463,LeticiaeSanders,1,1,0,0,4,Lost,None,None,-28.639999,36.700001,0,0,0,0,0,0,0,0,2,2,2,2,2,2,2,2,2,2,2,2,2,,
109,DecideonDesai,1,28,1,0,4,Advanced,None,On the Ballot,-34.810001,100.0,1,0,0,0,0,0,0,0,2,2,1,2,2,2,2,2,2,1,2,2,2,,
128,clarketucker,1,29,1,0,4,Advanced,None,On the Ballot,-13.51,57.82,1,1,0,0,1,0,0,0,1,2,1,2,2,2,2,2,2,2,2,2,2,,
267,GwenCombs,1,29,1,0,4,Lost,None,None,-13.51,20.299999,0,1,1,0,0,0,0,0,0,2,1,2,2,2,2,2,2,2,2,2,2,,
384,votedunkleyar,1,29,1,0,4,Lost,None,None,-13.51,9.340000199999999,0,0,0,0,0,0,0,0,0,2,0,2,2,2,2,2,2,2,2,2,2,,
580,cantbuypaul,1,29,1,0,4,Lost,None,None,-13.51,12.55,0,1,0,0,0,0,0,0,0,2,0,2,2,2,2,2,2,2,2,2,2,,
397,joshuamahony,1,30,1,0,4,Advanced,None,On the Ballot,-34.560001,100.0,1,1,0,0,0,0,0,0,2,2,2,2,2,2,2,2,2,1,2,2,2,,
275,HaydenShamel,1,31,1,0,4,Advanced,None,On the Ballot,-33.68,100.0,1,1,0,0,0,0,0,0,2,2,2,2,2,2,2,2,2,2,2,2,2,,
93,BWestbrookAZ8,2,27,1,1,0,Lost,None,None,-24.559998999999998,39.720001,0,1,0,1,0,0,0,0,2,2,2,2,2,2,1,1,2,2,2,2,2,,
280,hiral4congress,2,27,1,1,0,Advanced,None,On the Ballot,-24.559998999999998,60.220001,1,0,0,0,0,0,1,0,2,2,2,2,2,2,0,0,2,2,2,2,2,,
16,NextCalSenator,3,2,0,0,8,Lost,None,None,25.83,0.22,0,0,0,0,0,0,1,0,2,2,0,2,2,2,0,2,2,2,2,2,2,,
19,none,3,2,0,0,8,Lost,None,None,25.83,0.28,0,1,1,0,1,0,0,0,2,2,0,2,2,2,0,2,2,2,2,2,2,,
31,AmandaRenteria,3,2,0,0,8,Lost,None,None,25.83,2.1500001,0,0,0,0,0,0,0,0,2,2,0,2,2,2,0,2,2,2,2,2,2,,
51,antonio4ca,3,2,0,0,8,Lost,None,None,25.83,21.290001,0,0,0,0,1,0,0,0,2,2,0,2,2,2,0,2,2,2,2,2,2,,
179,DelaineEastin,3,2,0,0,8,Lost,None,None,25.83,5.4000001,0,1,0,0,1,0,0,0,2,2,1,2,2,2,1,2,2,2,2,2,2,,
243,GavinNewsom,3,2,0,0,8,Advanced,None,On the Ballot,25.83,53.869999,1,1,0,0,1,0,0,0,2,2,1,2,2,2,0,2,2,2,2,2,2,,
365,JohnChiangCA,3,2,0,0,8,Lost,None,None,25.83,15.08,0,0,0,0,1,0,1,0,2,2,1,2,2,2,0,2,2,2,2,2,2,,
401,jmbribiesca,3,2,0,0,8,Lost,None,None,25.83,0.40000001,0,0,0,0,0,0,1,0,2,2,0,2,2,2,0,2,2,2,2,2,2,,
441,TinajKlement,3,2,0,0,8,Lost,None,None,25.83,0.12,0,0,0,0,0,0,0,0,2,2,0,2,2,2,0,2,2,2,2,2,2,,
541,ShellenbergerMD,3,2,0,0,8,Lost,None,None,25.83,0.73000002,0,1,0,0,0,0,0,0,2,2,0,2,2,2,0,2,2,2,2,2,2,,
632,griff4gov,3,2,0,0,8,Lost,None,None,25.83,0.25999999,0,1,0,0,0,0,0,0,2,2,0,2,2,2,0,2,2,2,2,2,2,,
734,none,3,2,0,0,8,Lost,None,None,25.83,0.20999999,0,1,0,0,0,0,1,0,2,2,0,2,2,2,0,2,2,2,2,2,2,,
58,audrey4congress,3,32,1,0,8,Advanced,None,On the Ballot,-21.379998999999998,43.650002,1,1,0,0,0,0,0,0,2,2,2,2,2,2,1,1,2,0,2,2,2,,
171,HoldCongresAcct,3,32,1,0,8,Lost,None,None,-21.379998999999998,7.3000002,0,1,0,0,0,0,0,0,2,2,2,2,2,2,0,0,2,0,2,2,2,,
342,jjonesholcombe,3,32,1,0,8,Lost,None,None,-21.379998999999998,28.540001,0,1,0,0,0,0,0,0,2,2,2,2,2,2,0,0,2,0,2,2,2,,
511,MartyWaltersEnv,3,32,1,0,8,Lost,None,None,-21.379998999999998,20.51,0,1,0,0,0,0,0,0,2,2,2,2,2,2,0,0,2,1,2,2,2,,
193,DottyForTracy,3,33,1,0,8,Lost,None,None,0.62,1.89,0,1,0,0,0,0,1,0,0,0,0,2,2,2,1,1,2,0,2,2,2,,
392,joshua_harder,3,33,1,0,8,Advanced,None,On the Ballot,0.62,35.57,1,1,0,0,0,0,1,0,1,0,1,2,2,2,0,0,2,0,2,2,2,,
534,eggman4congress,3,33,1,0,8,Lost,None,None,0.62,21.34,0,1,0,0,0,0,0,0,0,0,0,2,2,2,0,0,2,0,2,2,2,,
546,mjbarkl,3,33,1,0,8,Lost,None,None,0.62,4.98,0,1,1,0,0,0,1,0,0,0,0,2,2,2,0,0,2,0,2,2,2,,
707,none,3,33,1,0,8,Lost,None,None,0.62,17.049999,0,1,0,0,1,0,1,0,0,0,0,2,2,2,0,0,2,0,2,2,2,,
769,VMforCA10,3,33,1,0,8,Lost,None,None,0.62,19.17,0,0,0,0,1,0,0,0,0,1,1,2,2,2,0,0,2,1,2,2,2,,
716,TJCoxCongress,3,34,1,0,8,Advanced,None,On the Ballot,11.87,100.0,1,0,0,0,0,0,1,0,1,0,2,2,2,2,2,2,2,2,2,2,2,,
37,JanzAndrew,3,35,1,0,8,Advanced,None,On the Ballot,-13.41,78.83000200000001,1,0,0,0,0,0,0,0,2,2,2,2,2,2,2,2,2,2,2,2,2,,
78,BobbyBliatout,3,35,1,0,8,Lost,None,None,-13.41,12.26,0,0,0,0,0,0,0,0,2,2,2,2,2,2,2,2,2,2,2,2,2,,
613,ricojfranco,3,35,1,0,8,Lost,None,None,-13.41,8.909999800000001,0,0,0,0,0,0,1,0,2,2,2,2,2,2,2,2,2,2,2,2,2,,
444,Kurt4Congress,3,36,1,0,8,Lost,None,None,-25.379998999999998,4.8400002,0,0,0,0,0,0,0,0,2,2,2,2,2,2,2,2,2,2,2,2,2,,
515,BarroFor23,3,36,1,0,8,Lost,None,None,-25.379998999999998,18.200001,0,0,0,0,0,0,0,0,2,2,2,2,2,2,2,2,2,2,2,2,2,,
725,matta4congress,3,36,1,0,8,Advanced,None,On the Ballot,-25.379998999999998,42.720001,1,0,0,0,0,0,0,0,2,2,2,2,2,2,2,2,2,2,2,2,2,,
774,WendyReedTweet,3,36,1,0,8,Lost,None,None,-25.379998999999998,34.25,0,1,0,0,0,0,0,0,2,2,2,2,2,2,2,2,2,2,2,2,2,,
95,BryanCaforio,3,37,1,0,8,Lost,None,None,2.02,38.259997999999996,0,1,0,0,0,0,0,0,0,0,1,2,2,2,0,1,2,2,2,2,2,,
338,jessphoenix2018,3,37,1,0,8,Lost,None,None,2.02,13.24,0,1,0,0,0,0,1,0,0,0,1,2,2,2,1,0,2,2,2,2,2,,
424,RepKatieHill,3,37,1,0,8,Advanced,None,On the Ballot,2.02,42.970001,1,1,0,1,0,0,0,0,1,1,1,2,2,2,0,0,2,2,2,2,2,,
516,none,3,37,1,0,8,Lost,None,None,2.02,5.54,0,1,0,0,0,0,0,0,0,0,2,2,2,2,0,0,2,2,2,2,2,,
42,AndyThorburnCA,3,38,1,0,8,Lost,None,None,2.99,20.440001000000002,0,1,0,0,0,1,0,0,0,0,1,2,2,2,1,2,2,0,2,0,2,,
253,GilCisnerosCA,3,38,1,0,8,Advanced,None,On the Ballot,2.99,43.23,1,0,1,0,0,1,0,0,1,0,1,2,2,2,0,2,2,0,2,1,2,,
279,drherbertlee,3,38,1,0,8,Lost,None,None,2.99,9.4200001,0,0,0,0,0,1,1,0,0,0,0,2,2,2,0,2,2,0,2,0,2,,
489,DocTran2018,3,38,1,0,8,Lost,None,None,2.99,11.69,0,0,0,0,0,1,1,0,0,1,1,2,2,2,0,2,2,0,2,0,2,,
661,samjammal,3,38,1,0,8,Lost,None,None,2.99,11.98,0,0,0,0,0,0,0,1,0,0,1,2,2,2,0,2,2,1,2,0,2,,
713,none,3,38,1,0,8,Lost,None,None,2.99,3.24,0,0,0,0,0,0,0,0,0,0,0,2,2,2,0,2,2,0,2,0,2,,
345,Morse4America,3,39,1,0,8,Advanced,None,On the Ballot,-18.16,49.099998,1,1,0,0,0,0,0,0,2,2,1,2,2,2,0,0,2,1,2,2,2,,
610,regina_bateson,3,39,1,0,8,Lost,None,None,-18.16,30.07,0,1,0,0,0,0,0,0,2,2,1,2,2,2,0,0,2,0,2,2,2,,
637,none,3,39,1,0,8,Lost,None,None,-18.16,5.25,0,1,0,0,0,0,0,0,2,2,0,2,2,2,0,0,2,0,2,2,2,,
655,rozacalderon,3,39,1,0,8,Lost,None,None,-18.16,15.57,0,0,0,0,0,0,1,0,2,2,1,2,2,2,1,1,2,0,2,2,2,,
406,peacock4ca42,3,40,1,0,8,Advanced,None,On the Ballot,-15.31,76.019997,1,1,0,0,0,0,0,0,2,2,1,2,2,2,2,2,2,1,2,2,2,,
562,Normanquintero,3,40,1,0,8,Lost,None,None,-15.31,23.98,0,0,0,0,0,0,0,0,2,2,0,2,2,2,2,2,2,0,2,2,2,,
91,BrianForde,3,41,1,0,8,Lost,None,None,-1.4299998999999999,13.06,0,1,0,0,0,0,1,1,0,0,1,2,0,2,0,2,0,2,2,2,2,,
159,DaveMinCA,3,41,1,0,8,Lost,None,None,-1.4299998999999999,38.740002000000004,0,0,0,0,0,0,0,0,0,0,1,2,0,2,0,2,0,2,2,2,2,,
425,katieporteroc,3,41,1,0,8,Advanced,None,On the Ballot,-1.4299998999999999,44.040001000000004,1,1,0,0,0,0,0,0,1,1,1,2,1,2,1,2,1,2,2,2,2,,
439,KiaHamadanchy,3,41,1,0,8,Lost,None,None,-1.4299998999999999,4.150000100000001,0,0,0,0,0,0,0,0,0,0,1,2,0,2,1,2,0,2,2,2,2,,
176,none,3,42,1,0,8,Lost,None,None,-4.1799998,1.79,0,1,0,0,0,0,0,0,0,0,0,2,2,2,2,0,2,0,2,2,2,,
273,drhanskeirstead,3,42,1,0,8,Lost,None,None,-4.1799998,37.439999,0,1,0,0,0,1,1,0,0,0,1,2,2,2,2,0,2,0,2,2,2,,
274,HarleyRouda,3,42,1,0,8,Advanced,None,On the Ballot,-4.1799998,37.599998,1,1,0,0,0,1,0,0,1,0,1,2,2,2,2,0,2,1,2,2,2,,
455,RepHarley,3,42,1,0,8,Lost,None,None,-4.1799998,3.01,0,1,0,0,0,0,1,0,0,0,0,2,2,2,2,1,2,0,2,2,2,,
537,MichaelKotick,3,42,1,0,8,Lost,None,None,-4.1799998,3.26,0,1,0,0,0,0,0,0,0,0,0,2,2,2,2,0,2,0,2,2,2,,
563,OmarInTheHouse_,3,42,1,0,8,Lost,None,None,-4.1799998,10.81,0,0,0,0,0,1,1,0,0,0,1,2,2,2,2,0,2,0,2,2,2,,
599,rachelpayne,3,42,1,0,8,Lost,None,None,-4.1799998,4.4899998,0,1,0,0,0,0,1,0,0,1,0,2,2,2,2,0,2,0,2,2,2,,
752,tonyz4congress,3,42,1,0,8,Lost,None,None,-4.1799998,1.6,0,1,1,0,0,0,1,0,0,0,0,2,2,2,2,0,2,0,2,2,2,,
196,ApplegateCA49,3,43,1,0,8,Lost,None,None,1.42,25.76,0,1,1,0,0,0,0,0,0,0,2,2,2,2,2,1,0,2,2,1,2,,
548,MikeLevinCA,3,43,1,0,8,Advanced,None,On the Ballot,1.42,34.400002,1,1,0,0,0,0,0,0,1,0,2,2,2,2,2,0,1,2,2,0,2,,
576,none,3,43,1,0,8,Lost,None,None,1.42,8.75,0,1,1,0,0,1,0,0,0,0,2,2,2,2,2,0,0,2,2,0,2,,
664,SaraJacobsCA,3,43,1,0,8,Lost,None,None,1.42,31.09,0,1,0,0,0,1,0,1,0,1,2,2,2,2,2,0,0,2,2,0,2,,
32,ACampaNajjar,3,44,1,0,8,Advanced,None,On the Ballot,-19.48,48.360001000000004,1,0,0,0,0,0,0,1,2,2,2,2,2,2,2,1,1,1,2,2,2,,
391,JoshButnerCA50,3,44,1,0,8,Lost,None,None,-19.48,35.509997999999996,0,1,1,0,0,0,0,0,2,2,2,2,2,2,2,0,0,0,2,1,2,,
571,none,3,44,1,0,8,Lost,None,None,-19.48,16.129998999999998,0,1,0,0,0,0,0,0,2,2,2,2,2,2,2,0,0,0,2,2,2,,
496,Marge4Congress,3,45,1,0,8,Lost,None,,-17.33,59.610001000000004,2,1,0,1,0,0,1,0,2,2,2,2,2,2,2,2,2,2,2,2,2,,
628,none,3,45,1,0,8,Lost,None,,-17.33,27.67,2,0,0,0,0,0,0,0,2,2,2,2,2,2,2,2,2,2,2,2,2,,
651,none,3,45,1,0,8,Lost,None,,-17.33,12.71,2,1,0,0,0,0,0,0,2,2,2,2,2,2,2,2,2,2,2,2,2,,
100,Kennedy4CO,4,3,0,0,7,Lost,None,None,2.49,24.719998999999998,0,1,0,0,1,0,0,0,2,1,1,2,2,2,2,2,2,2,2,2,2,,
190,DonnaLynneCO,4,3,0,0,7,Lost,None,None,2.49,7.280000200000001,0,1,0,0,1,0,0,0,2,0,0,2,2,2,2,2,2,2,2,2,2,,
315,jaredpolis,4,3,0,0,7,Advanced,None,On the Ballot,2.49,44.43,1,1,0,1,1,1,0,0,2,0,0,2,2,2,2,2,2,2,2,2,2,,
536,MikeJohnstonCO,4,3,0,0,7,Lost,None,None,2.49,23.57,0,1,0,0,1,0,0,1,2,0,0,2,2,2,2,2,2,2,2,2,2,,
359,JoeNeguse,4,46,1,0,7,Advanced,None,On the Ballot,18.040001,65.82,1,0,0,0,0,0,0,0,2,2,2,2,2,2,2,2,2,2,2,2,2,,
508,MarkforColorado,4,46,1,0,7,Lost,None,None,18.040001,34.18,0,0,1,0,0,0,0,0,2,2,2,2,2,2,2,2,2,2,2,2,2,,
54,ArnMenconi,4,47,1,0,7,Lost,None,None,-13.03,8.220000299999999,0,1,0,0,0,0,0,0,2,0,2,2,2,2,2,2,2,2,2,2,2,,
185,RepDMB,4,47,1,0,7,Advanced,None,On the Ballot,-13.03,64.099998,1,1,0,0,1,0,0,0,2,1,2,2,2,2,2,2,2,2,2,2,2,,
417,HanlonforCO,4,47,1,0,7,Lost,None,None,-13.03,27.68,0,1,0,0,0,0,0,0,2,0,2,2,2,2,2,2,2,2,2,2,2,,
107,chasekohne4co,4,48,1,0,7,Lost,None,None,-24.68,35.32,0,1,1,0,0,0,1,0,2,2,2,2,2,2,2,2,2,2,2,2,2,,
415,McCormickForCO,4,48,1,0,7,Advanced,None,On the Ballot,-24.68,64.629997,1,1,0,0,0,0,1,0,2,2,2,2,2,2,2,2,2,2,2,2,2,,
691,StephanyForCO,4,49,1,0,7,Advanced,None,On the Ballot,-25.73,100.0,1,0,0,0,0,0,0,0,2,2,2,2,2,2,2,1,2,2,2,2,2,,
316,JasonCrowCO6,4,50,1,0,7,Advanced,None,On the Ballot,5.420000099999999,65.940002,1,1,1,0,0,0,0,0,1,2,2,2,2,2,0,2,2,2,2,1,2,,
465,LeviTilleman,4,50,1,0,7,Lost,None,None,5.420000099999999,34.060001,0,1,0,0,0,0,1,1,0,2,2,2,2,2,1,2,2,2,2,0,2,,
689,staceyabrams,5,4,0,0,4,Advanced,None,On the Ballot,-8.3400002,76.440002,1,0,0,0,1,0,0,0,2,1,2,2,2,1,1,2,1,2,1,2,2,,
690,EvansforGeorgia,5,4,0,0,4,Lost,None,None,-8.3400002,23.559998999999998,0,1,0,0,0,1,0,0,2,0,2,2,2,0,0,2,0,2,0,2,2,,
61,,5,51,1,0,4,Lost,None,None,-17.379998999999998,32.459998999999996,0,0,0,0,0,0,0,0,2,2,2,2,2,2,2,0,0,0,2,2,2,,
474,LisaRingGA01,5,51,1,0,4,Advanced,None,On the Ballot,-17.379998999999998,67.540001,1,1,0,0,0,0,0,0,2,2,2,2,2,2,1,1,0,1,2,2,2,,
105,Chalis4GA,5,52,1,0,4,Lost,None,None,-28.209999,26.459999,0,1,0,0,0,0,0,0,2,2,2,2,2,2,2,2,2,2,2,2,2,,
616,WinfieldForUS,5,52,1,0,4,Lost,None,None,-28.209999,23.33,0,1,0,0,0,0,0,0,2,2,2,2,2,2,2,2,2,2,2,2,2,,
719,TJG4GA,5,52,1,0,4,Advanced,None,On the Ballot,-28.209999,50.200001,1,1,0,0,0,0,1,0,2,2,2,2,2,2,2,2,2,2,2,2,2,,
231,flynndbroadyjr,5,53,1,0,4,Advanced,None,On the Ballot,-30.129998999999998,100.0,1,0,1,0,0,0,0,0,2,2,2,2,2,2,2,2,2,2,2,2,2,,
232,francysjohnson,5,54,1,0,4,Advanced,None,On the Ballot,-17.629998999999998,52.860001000000004,1,0,0,0,0,0,0,0,2,2,2,2,2,2,2,2,2,2,2,2,2,,
634,RobbieeInghamm,5,54,1,0,4,Lost,None,None,-17.629998999999998,31.15,0,1,0,0,0,0,0,0,2,2,2,2,2,2,2,2,2,2,2,2,2,,
754,VoteTrent18,5,54,1,0,4,Lost,None,None,-17.629998999999998,15.99,0,1,0,0,0,0,0,0,2,2,2,2,2,2,2,2,2,2,2,2,2,,
701,,5,55,1,0,4,Advanced,None,On the Ballot,-54.18,100.0,1,1,0,0,0,0,1,0,2,2,2,2,2,2,2,2,2,2,2,2,2,,
126,Vote_Chuck,5,56,1,0,4,Advanced,None,On the Ballot,-34.380001,59.869999,1,1,1,0,0,0,0,0,2,2,2,2,2,2,2,2,2,2,2,2,2,,
658,OliverForGA3rd,5,56,1,0,4,Lost,None,None,-34.380001,40.130001,0,1,0,0,0,0,0,0,2,2,2,2,2,2,2,2,2,2,2,2,2,,
79,BobbKaple,5,57,1,0,4,Lost,None,None,-9.4799995,26.25,0,1,0,0,0,0,0,0,2,0,0,2,2,2,2,2,2,2,2,2,2,,
436,AbelForChange,5,57,1,0,4,Advanced,Lost,None,-9.4799995,30.540001,0,1,0,0,0,0,1,0,2,0,0,2,2,2,2,2,2,2,2,2,2,,
481,lucymcbath,5,57,1,0,4,Advanced,Advanced,On the Ballot,-9.4799995,36.27,1,0,0,0,0,0,1,0,2,1,1,2,2,2,2,2,2,2,2,2,2,,
704,SKnightGriffin,5,57,1,0,4,Lost,None,None,-9.4799995,6.9499998,0,1,0,0,0,0,0,0,2,0,0,2,2,2,2,2,2,2,2,2,2,,
99,Carolyn4GA7,5,58,1,0,4,Advanced,Advanced,On the Ballot,-12.73,27.280001000000002,1,1,0,0,0,0,0,0,2,1,2,2,2,2,0,2,2,2,2,2,2,,
168,DavidKim2018,5,58,1,0,4,Advanced,Lost,None,-12.73,25.98,0,0,0,0,0,1,0,0,2,0,2,2,2,2,0,2,2,2,2,2,2,,
229,VoteEthanPham,5,58,1,0,4,Lost,None,None,-12.73,17.84,0,0,0,0,0,0,0,0,2,0,2,2,2,2,0,2,2,2,2,2,2,,
420,,5,58,1,0,4,Lost,None,None,-12.73,11.02,0,1,0,0,0,0,0,0,2,0,2,2,2,2,1,2,2,2,2,2,2,,
527,DavisforGA,5,58,1,0,4,Lost,None,None,-12.73,13.67,0,0,0,0,0,0,0,0,2,0,2,2,2,2,0,2,2,2,2,2,2,,
695,SteveReilly2018,5,58,1,0,4,Lost,None,None,-12.73,4.1999998,0,1,1,0,0,0,0,0,2,0,2,2,2,2,0,2,2,2,2,2,2,,
158,RealDavidCooper,5,59,1,0,4,Lost,None,None,-60.810001,47.27,0,1,1,0,0,0,0,0,2,2,2,2,2,2,0,2,2,1,2,2,2,,
394,Mccallforall,5,59,1,0,4,Advanced,None,On the Ballot,-60.810001,52.73,1,1,0,0,0,0,0,0,2,2,2,2,2,2,1,2,2,0,2,2,2,,
41,DrAndyMcGuire,6,7,0,0,8,Lost,None,None,-8.1400003,5.25,0,1,0,0,0,0,1,0,2,2,0,2,2,2,0,2,0,2,0,2,2,,
103,CathyGlasson,6,7,0,0,8,Lost,None,None,-8.1400003,20.549999,0,1,0,0,0,0,1,0,2,2,1,2,2,2,1,2,1,2,1,2,2,,
238,FredHubbell,6,7,0,0,8,Advanced,None,On the Ballot,-8.1400003,55.41,1,1,0,0,0,1,0,0,2,2,0,2,2,2,0,2,0,2,0,2,2,,
374,JohnNorrisIA,6,7,0,0,8,Lost,None,None,-8.1400003,11.44,0,1,0,0,0,0,0,1,2,2,0,2,2,2,0,2,0,2,0,2,2,,
557,NateBoulton,6,7,0,0,8,Lost,None,None,-8.1400003,4.9699998,0,1,0,0,1,0,0,0,2,2,0,2,2,2,0,2,0,2,0,2,2,,
653,letsbeiowa,6,7,0,0,8,Lost,None,None,-8.1400003,2.1700001,0,0,0,0,0,0,0,0,2,2,0,2,2,2,0,2,0,2,0,2,2,,
4,Abby4Iowa,6,77,1,0,8,Advanced,None,On the Ballot,-1.73,66.800003,1,1,0,0,1,0,0,0,1,1,2,1,2,2,2,2,2,2,2,2,2,,
136,RoweCourtneylr7,6,77,1,0,8,Lost,None,None,-1.73,7.5900002,0,1,0,0,0,0,1,0,0,0,2,0,2,2,2,1,2,2,2,2,2,,
247,SenatorRobHogg,6,77,1,0,8,Lost,None,None,-1.73,6.369999900000001,0,0,1,0,0,0,0,0,0,0,2,0,2,2,2,2,2,2,2,2,2,,
733,HeckrothForIowa,6,77,1,0,8,Lost,None,None,-1.73,19.120001000000002,0,1,0,0,0,0,0,1,0,0,2,0,2,2,2,2,2,2,2,2,2,,
127,Axne4Congress,6,78,1,0,8,Advanced,None,On the Ballot,-4.110000100000001,57.799999,1,1,0,0,0,0,0,0,1,1,2,2,2,0,0,2,2,2,2,2,2,,
204,eddiejmauro,6,78,1,0,8,Lost,None,None,-4.110000100000001,26.35,0,1,0,0,0,1,0,0,0,0,2,2,2,0,0,2,2,2,2,2,2,,
587,peteforiowa,6,78,1,0,8,Lost,None,None,-4.110000100000001,15.58,0,1,0,0,0,0,0,0,0,0,2,2,2,1,1,2,2,2,2,2,2,,
287,scholten4iowa,6,79,1,0,8,Advanced,None,On the Ballot,-25.110001,51.259997999999996,1,1,0,0,0,0,0,0,2,2,2,2,2,2,1,2,2,2,1,2,2,,
375,apaschenforiowa,6,79,1,0,8,Lost,None,None,-25.110001,16.719998999999998,0,1,0,0,0,0,1,0,2,2,2,2,2,2,0,2,2,2,0,2,2,,
458,LeannForIowa,6,79,1,0,8,Lost,None,None,-25.110001,31.92,0,1,0,0,1,0,0,0,2,2,2,2,2,2,0,2,2,2,0,2,2,,
0,,7,5,0,0,3,Lost,None,None,-34.330002,40.099998,0,1,0,0,0,1,0,0,2,2,2,2,2,2,0,2,2,0,2,2,2,,
584,PauletteEJordan,7,5,0,0,3,Advanced,None,On the Ballot,-34.330002,58.400002,1,0,0,0,1,0,0,0,2,2,2,2,2,2,1,2,2,1,2,2,2,,
588,,7,5,0,0,3,Lost,None,None,-34.330002,1.4,0,1,0,0,0,0,0,0,2,2,2,2,2,2,0,2,2,0,2,2,2,,
120,ForMcneil,7,60,1,0,3,Advanced,None,On the Ballot,-39.43,69.699997,1,0,0,0,0,0,0,0,2,2,2,2,2,2,2,2,2,2,2,2,2,,
302,ibdmoose,7,60,1,0,3,Lost,None,None,-39.43,15.8,0,1,0,0,0,0,0,0,2,2,2,2,2,2,2,2,2,2,2,2,2,,
542,,7,60,1,0,3,Lost,None,None,-39.43,14.5,0,1,1,0,0,0,0,0,2,2,2,2,2,2,2,2,2,2,2,2,2,,
3,SwisherforIdaho,7,61,1,0,3,Advanced,None,On the Ballot,-28.809998999999998,67.599998,1,1,0,0,0,0,0,0,2,2,2,2,2,2,2,2,2,2,2,2,2,,
592,,7,61,1,0,3,Lost,None,None,-28.809998999999998,32.400002,0,1,0,0,0,0,0,0,2,2,2,2,2,2,2,2,2,2,2,2,2,,
76,BobDaiber,8,6,0,0,1,Lost,None,None,14.48,1.1,0,1,0,0,1,0,0,0,2,2,2,2,2,2,0,2,2,0,2,2,2,,
113,KennedyforIL,8,6,0,0,1,Lost,None,None,14.48,24.4,0,1,0,0,0,1,0,0,2,2,2,2,2,2,0,2,2,0,2,2,2,,
150,DanielBiss,8,6,0,0,1,Lost,None,None,14.48,26.700001,0,1,0,0,1,0,1,0,2,2,2,2,2,2,1,2,2,1,2,2,2,,
286,JBPritzker,8,6,0,0,1,Advanced,None,On the Ballot,14.48,45.099998,1,1,0,0,0,1,0,0,2,2,2,2,2,2,0,2,2,0,2,2,2,,
638,GovDrMarshall,8,6,0,0,1,Lost,None,None,14.48,1.1,0,1,1,0,0,0,1,0,2,2,2,2,2,2,0,2,2,0,2,2,2,,
740,TioHardiman,8,6,0,0,1,Lost,None,None,14.48,1.6,0,0,0,0,0,0,0,0,2,2,2,2,2,2,0,2,2,0,2,2,2,,
84,Kelly4SouthrnIL,8,62,1,0,1,Advanced,None,On the Ballot,-13.26,81.0,1,1,1,0,0,0,0,0,1,2,2,1,2,2,2,2,2,2,2,1,2,,
162,dbequette,8,62,1,0,1,Lost,None,None,-13.26,19.0,0,1,1,0,0,0,0,0,0,2,2,0,2,2,2,2,2,2,2,0,2,,
43,AngelS4Congress,8,63,1,0,1,Lost,None,None,-6.73,4.1999998,0,1,0,0,0,0,0,0,0,0,2,2,2,2,2,0,2,2,2,2,2,,
67,BetsyforIL,8,63,1,0,1,Advanced,None,On the Ballot,-6.73,45.700001,1,1,0,0,0,0,0,0,1,1,2,2,2,2,2,0,2,2,2,2,2,,
166,GillForYou2016,8,63,1,0,1,Lost,None,None,-6.73,14.4,0,1,0,0,0,0,1,0,0,0,2,2,2,2,2,1,2,2,2,2,2,,
224,ErikJones4IL,8,63,1,0,1,Lost,None,None,-6.73,22.4,0,1,0,0,0,0,0,0,0,0,2,2,2,2,2,0,2,2,2,2,2,,
385,jonathan_ebel,8,63,1,0,1,Lost,None,None,-6.73,13.3,0,1,1,0,0,0,0,0,0,0,2,2,2,2,2,0,2,2,2,2,2,,
152,WeCanMAF,8,64,1,0,1,Lost,None,None,-7.96,2.3,0,1,0,1,0,0,0,0,0,0,0,2,0,2,0,2,2,2,2,2,2,,
251,Weber_4Congress,8,64,1,0,1,Lost,None,None,-7.96,5.0,0,1,0,0,0,0,1,0,0,0,0,2,0,2,0,2,2,2,2,2,2,,
353,WalzForCongress,8,64,1,0,1,Lost,None,None,-7.96,10.0,0,1,0,0,0,0,0,0,0,0,0,2,0,2,1,2,2,2,2,2,2,,
369,JohnJHosta,8,64,1,0,1,Lost,None,None,-7.96,5.0,0,1,0,0,0,0,0,0,0,0,0,2,0,2,0,2,2,2,2,2,2,,
457,LaurenUnderwood,8,64,1,0,1,Advanced,None,On the Ballot,-7.96,57.299999,1,0,0,0,0,0,1,1,1,1,1,2,1,2,0,2,2,2,2,2,2,,
518,MattBrolley,8,64,1,0,1,Lost,None,None,-7.96,13.4,0,1,0,0,1,0,1,0,0,0,0,2,0,2,0,2,2,2,2,2,2,,
766,electvswanson,8,64,1,0,1,Lost,None,None,-7.96,7.0,0,1,1,0,0,0,0,0,0,0,0,2,0,2,0,2,2,2,2,2,2,,
97,CarlResists,8,65,1,0,1,Lost,None,None,-44.630001,37.900002,0,1,0,0,0,0,1,0,2,2,2,2,2,2,2,2,2,2,2,2,2,,
437,Gaither4IL,8,65,1,0,1,Advanced,None,On the Ballot,-44.630001,62.099998,1,1,0,0,0,0,0,0,2,2,2,2,2,2,2,2,2,2,2,2,2,,
34,MurriBrielIL16,8,66,1,0,1,Lost,None,None,-17.360001,19.5,0,1,0,0,0,0,0,0,2,2,2,2,2,2,1,2,2,2,2,2,2,,
65,VercolioOsmund,8,66,1,0,1,Lost,None,None,-17.360001,13.0,0,1,0,0,0,0,0,0,2,2,2,2,2,2,0,2,2,2,2,2,2,,
560,neill4illinois,8,66,1,0,1,Lost,None,None,-17.360001,27.200001,0,0,0,0,0,0,0,0,2,2,2,2,2,2,0,2,2,2,2,2,2,,
663,Sara4Congress,8,66,1,0,1,Advanced,None,On the Ballot,-17.360001,40.299999,1,1,0,0,0,0,0,0,2,2,2,2,2,2,0,2,2,2,2,2,2,,
89,deters4congress,8,67,1,0,1,Lost,None,None,-28.83,39.5,0,1,0,0,0,0,0,0,2,2,2,2,2,2,2,2,2,2,2,2,2,,
157,,8,67,1,0,1,Lost,None,None,-28.83,18.799999,0,1,0,0,0,0,0,0,2,2,2,2,2,2,2,2,2,2,2,2,2,,
408,18thIL,8,67,1,0,1,Advanced,None,On the Ballot,-28.83,41.700001,1,1,0,0,0,0,0,0,2,2,2,2,2,2,2,2,2,2,2,2,2,,
346,ChuyForCongress,8,68,1,0,1,Advanced,None,On the Ballot,65.089996,66.199997,1,0,0,0,1,0,0,0,2,0,2,2,2,1,1,2,2,2,2,2,2,,
617,RichG4Congress,8,68,1,0,1,Lost,None,None,65.089996,11.9,0,0,0,0,0,0,0,0,2,0,2,2,2,0,0,2,2,2,2,2,2,,
687,SolAmoresFlores,8,68,1,0,1,Lost,None,None,65.089996,21.9,0,0,0,0,0,0,0,0,2,1,2,2,2,0,0,2,2,2,2,2,2,,
30,AmandaHowland06,8,69,1,0,1,Lost,None,None,0.67000002,12.7,0,1,0,0,0,0,0,0,0,0,0,2,2,2,2,2,2,2,2,2,2,,
62,BeckyforIL,8,69,1,0,1,Lost,None,None,0.67000002,6.0,0,1,0,0,0,0,0,0,0,0,0,2,2,2,2,2,2,2,2,2,2,,
98,Carole4IL06,8,69,1,0,1,Lost,None,None,0.67000002,17.4,0,1,0,0,0,0,0,0,0,0,0,2,2,2,2,2,2,2,2,2,2,,
330,JenniferZordani,8,69,1,0,1,Lost,None,None,0.67000002,4.099999899999999,0,1,0,0,0,0,0,0,0,0,0,2,2,2,2,2,2,2,2,2,2,,
428,KellyMazeski,8,69,1,0,1,Lost,None,None,0.67000002,26.799999,0,1,0,0,0,0,1,0,0,1,0,2,2,2,2,2,2,2,2,2,2,,
659,HuffmanForIL6,8,69,1,0,1,Lost,None,None,0.67000002,3.5,0,1,0,0,0,0,1,0,0,0,0,2,2,2,2,2,2,2,2,2,2,,
670,SeanCasten,8,69,1,0,1,Advanced,None,On the Ballot,0.67000002,29.5,1,1,0,0,0,1,1,0,1,0,1,2,2,2,2,2,2,2,2,2,2,,
197,,9,70,1,0,5,Lost,None,None,-23.43,5.3000002,0,1,0,0,0,0,1,0,2,2,0,2,2,2,2,2,2,2,2,2,2,,
377,johnhpetroff,9,70,1,0,5,Lost,None,None,-23.43,1.5,0,1,0,0,0,0,0,0,2,2,0,2,2,2,2,2,2,2,2,2,2,,
526,melforcongress,9,70,1,0,5,Advanced,None,On the Ballot,-23.43,41.700001,1,1,0,0,0,1,1,0,2,2,0,2,2,2,2,2,2,2,2,2,2,,
566,HackettCongress,9,70,1,0,5,Lost,None,None,-23.43,28.200001,0,1,0,1,0,0,0,0,2,2,0,2,2,2,2,2,2,2,2,2,2,,
648,,9,70,1,0,5,Lost,None,None,-23.43,1.2,0,1,1,0,0,0,0,0,2,2,0,2,2,2,2,2,2,2,2,2,2,,
785,joshiforindiana,9,70,1,0,5,Lost,None,None,-23.43,22.1,0,0,0,0,0,1,1,0,2,2,1,2,2,2,2,2,2,2,2,2,2,,
137,dne,9,71,1,0,5,Advanced,None,On the Ballot,-35.48,79.099998,1,1,0,0,0,0,0,0,2,2,2,2,2,2,2,2,2,2,2,2,2,,
378,,9,71,1,0,5,Lost,None,None,-35.48,10.2,0,0,1,0,0,0,0,0,2,2,2,2,2,2,2,2,2,2,2,2,2,,
751,TommySchraderFW,9,71,1,0,5,Lost,None,None,-35.48,10.7,0,1,0,0,0,0,0,0,2,2,2,2,2,2,2,2,2,2,2,2,2,,
156,Darin4Change,9,72,1,0,5,Lost,None,None,-34.110001000000004,6.6999998,0,1,0,0,0,0,0,0,2,2,2,2,2,2,2,2,2,2,2,2,2,,
357,joe4hoosiers,9,72,1,0,5,Lost,None,None,-34.110001000000004,16.1,0,1,0,0,0,0,0,0,2,2,2,2,2,2,2,2,2,2,2,2,2,,
644,DayForCongress,9,72,1,0,5,Lost,None,None,-34.110001000000004,12.4,0,1,0,0,0,0,0,0,2,2,2,2,2,2,2,2,2,2,2,2,2,,
647,,9,72,1,0,5,Lost,None,None,-34.110001000000004,9.1999998,0,1,2,2,2,0,2,0,2,2,2,2,2,2,2,2,2,2,2,2,2,,
741,BeckForIndiana,9,72,1,0,5,Advanced,None,On the Ballot,-34.110001000000004,34.599998,1,1,1,0,0,0,0,0,2,2,2,2,2,2,2,2,2,2,2,2,2,,
764,Ziol_4_IN_4th,9,72,1,0,5,Lost,None,None,-34.110001000000004,21.1,0,1,0,1,0,0,0,0,2,2,2,2,2,2,2,2,2,2,2,2,2,,
178,VoteThornton,9,73,1,0,5,Advanced,None,On the Ballot,-15.58,53.0,1,0,0,0,0,0,0,0,2,2,2,2,2,2,2,2,2,2,2,2,2,,
187,Dion_IN05,9,73,1,0,5,Lost,None,None,-15.58,10.3,0,1,0,0,0,0,0,0,2,2,2,2,2,2,2,2,2,2,2,2,2,,
228,,9,73,1,0,5,Lost,None,None,-15.58,7.599999900000001,0,0,0,0,0,0,1,0,2,2,2,2,2,2,2,2,2,2,2,2,2,,
445,,9,73,1,0,5,Lost,None,None,-15.58,23.700001,0,0,0,0,0,0,1,0,2,2,2,2,2,2,2,2,2,2,2,2,2,,
671,,9,73,1,0,5,Lost,None,None,-15.58,5.5,0,1,0,0,0,0,0,0,2,2,2,2,2,2,2,2,2,2,2,2,2,,
250,,9,74,1,0,5,Lost,None,None,-38.529999,11.1,0,1,1,0,0,0,1,0,2,2,2,2,2,2,2,2,2,2,2,2,2,,
321,JeannineLeeLake,9,74,1,0,5,Advanced,None,On the Ballot,-38.529999,38.299999,1,0,0,0,0,0,0,0,2,2,2,2,2,2,2,2,2,2,2,2,2,,
351,PruettforIN,9,74,1,0,5,Lost,None,None,-38.529999,25.799999,0,1,0,0,0,0,0,0,2,2,2,2,2,2,2,2,2,2,2,2,2,,
400,,9,74,1,0,5,Lost,None,None,-38.529999,7.3000002,0,1,0,0,0,0,1,0,2,2,2,2,2,2,2,2,2,2,2,2,2,,
412,,9,74,1,0,5,Lost,None,None,-38.529999,1.9,0,1,0,0,0,0,0,0,2,2,2,2,2,2,2,2,2,2,2,2,2,,
448,LaneSiekman,9,74,1,0,5,Lost,None,None,-38.529999,15.6,0,1,0,0,0,0,0,0,2,2,2,2,2,2,2,2,2,2,2,2,2,,
782,Tanoos2018,9,75,1,0,5,Advanced,None,On the Ballot,-32.509997999999996,100.0,1,1,0,0,0,0,0,0,2,2,2,2,2,2,2,2,2,2,2,2,2,,
149,dancanon,9,76,1,0,5,Lost,None,None,-26.83,30.700001,0,1,0,0,0,0,0,0,2,0,2,2,0,2,2,1,0,2,0,2,2,,
476,LizSchoffWatson,9,76,1,0,5,Advanced,None,On the Ballot,-26.83,66.400002,1,1,0,0,0,0,0,0,2,1,2,2,1,2,2,0,1,2,1,2,2,,
629,chatcub71,9,76,1,0,5,Lost,None,None,-26.83,2.9000001,0,1,0,0,0,0,0,0,2,0,2,2,0,2,2,0,0,2,0,2,2,,
53,AndersenKS2018,10,8,0,0,10,Lost,None,None,-23.41,7.900000099999999,0,1,1,0,0,0,1,0,2,0,0,2,2,2,2,2,2,2,2,2,2,,
96,BrewerForKansas,10,8,0,0,10,Lost,None,None,-23.41,20.6,0,0,1,0,1,0,0,0,2,0,0,2,2,2,2,2,2,2,2,2,2,,
289,jackbergesongov,10,8,0,0,10,Lost,None,None,-23.41,2.5999999,0,1,0,0,0,0,0,0,2,0,0,2,2,2,2,2,2,2,2,2,2,,
289,votebergeson18,10,8,0,0,10,Lost,None,None,-23.41,2.5999999,0,1,0,0,0,0,0,0,2,0,0,2,2,2,2,2,2,2,2,2,2,,
398,JoshuaSvaty,10,8,0,0,10,Lost,None,None,-23.41,17.799999,0,1,0,0,0,0,0,0,2,0,1,2,2,2,2,2,2,2,2,2,2,,
452,LauraKellyKS,10,8,0,0,10,Advanced,None,On the Ballot,-23.41,51.400002,1,1,0,0,1,0,0,0,2,1,0,2,2,2,2,2,2,2,2,2,2,,
18,LapoliceAlan,10,80,1,0,10,Advanced,None,On the Ballot,-46.91,100.0,1,1,1,0,0,0,0,0,2,2,2,2,2,2,2,2,2,2,2,2,2,,
575,PaulDavisKS,10,81,1,0,10,Advanced,None,On the Ballot,-19.73,100.0,1,1,0,0,1,0,0,0,2,2,2,2,2,2,2,2,2,2,2,2,2,,
87,BrentWelder,10,82,1,0,10,Lost,None,None,-4.0100002,33.900002,0,1,0,0,0,0,0,1,2,0,1,2,2,1,1,1,1,0,2,2,2,,
320,Jay4Congress,10,82,1,0,10,Lost,None,None,-4.0100002,2.9000001,0,1,0,0,0,0,0,0,2,0,0,2,2,0,0,0,0,0,2,2,2,,
549,mikeforkansas,10,82,1,0,10,Lost,None,None,-4.0100002,6.900000099999999,0,1,0,0,0,0,1,0,2,0,0,2,2,0,0,0,0,0,2,2,2,,
676,sharicedavids,10,82,1,0,10,Advanced,None,On the Ballot,-4.0100002,37.299999,1,0,0,1,0,0,0,0,2,1,0,2,2,0,0,0,0,1,2,2,2,,
715,SylviaForKansas,10,82,1,0,10,Lost,None,None,-4.0100002,4.6999998,0,1,0,0,0,0,0,0,2,0,0,2,2,0,0,0,0,0,2,2,2,,
748,TomNiermann,10,82,1,0,10,Lost,None,None,-4.0100002,14.3,0,1,0,0,0,0,0,0,2,0,0,2,2,0,0,0,0,1,2,2,2,,
301,JamesThompsonKS,10,83,1,0,10,Advanced,None,On the Ballot,-29.309998999999998,65.300003,1,1,1,0,0,0,0,0,2,2,1,2,2,1,1,1,2,2,2,2,2,,
453,LauraforKansas,10,83,1,0,10,Lost,None,None,-29.309998999999998,34.700001,0,1,0,0,0,0,0,0,2,2,1,2,2,0,0,0,2,2,2,2,2,,
28,Pennington4KY,11,84,1,0,4,Lost,None,None,-47.48,25.4,0,1,0,0,0,0,0,0,2,2,2,2,2,2,0,2,2,0,2,2,2,,
583,votepaulwalker,11,84,1,0,4,Advanced,None,On the Ballot,-47.48,74.599998,1,1,0,0,0,0,0,0,2,2,2,2,2,2,1,2,2,1,2,2,2,,
92,,11,85,1,0,4,Lost,None,None,-39.509997999999996,28.68,0,1,0,0,0,0,0,0,2,2,2,2,2,2,0,2,2,2,2,2,2,,
259,Grant4KY,11,85,1,0,4,Lost,None,None,-39.509997999999996,19.59,0,1,0,0,0,0,0,0,2,2,2,2,2,2,1,2,2,2,2,2,2,,
272,hank4ky,11,85,1,0,4,Advanced,None,On the Ballot,-39.509997999999996,30.02,1,1,0,0,0,0,0,0,2,2,2,2,2,2,0,2,2,2,2,2,2,,
605,RaneSessions,11,85,1,0,4,Lost,None,None,-39.509997999999996,21.719998999999998,0,1,1,0,0,0,0,0,2,2,2,2,2,2,0,2,2,2,2,2,2,,
119,Lord4Congress,11,86,1,0,4,Lost,None,None,-36.610001000000004,21.709999,0,1,0,0,0,0,0,0,2,2,0,2,2,2,2,2,2,2,2,2,2,,
574,PiattPatti,11,86,1,0,4,Lost,None,None,-36.610001000000004,37.529999,0,1,0,0,0,0,0,0,2,2,1,2,2,2,2,2,2,2,2,2,2,,
674,HallCongress,11,86,1,0,4,Advanced,None,On the Ballot,-36.610001000000004,40.77,1,1,0,0,0,0,0,0,2,2,0,2,2,2,2,2,2,2,2,2,2,,
434,ppetsnek,11,87,1,0,4,Advanced,None,On the Ballot,-62.060001,58.689999,1,1,1,0,0,0,0,0,2,2,2,2,2,2,2,2,2,2,2,2,2,,
667,ScottSykesforKY,11,87,1,0,4,Lost,None,None,-62.060001,41.310001,0,1,0,0,1,0,0,0,2,2,2,2,2,2,2,2,2,2,2,2,2,,
33,AmyMcGrathKY,11,88,1,0,4,Advanced,None,On the Ballot,-17.41,48.66,1,1,1,0,0,0,0,0,2,2,2,2,2,2,2,2,2,2,2,1,2,,
151,,11,88,1,0,4,Lost,None,None,-17.41,1.23,0,1,0,0,0,0,0,0,2,2,2,2,2,2,2,2,2,2,2,0,2,,
244,GeoffYoung4KY,11,88,1,0,4,Lost,None,None,-17.41,1.5700001000000001,0,1,0,0,0,0,0,0,2,2,2,2,2,2,2,2,2,2,2,2,2,,
349,JimGrayCongress,11,88,1,0,4,Lost,None,None,-17.41,40.509997999999996,0,1,0,1,1,0,0,0,2,2,2,2,2,2,2,2,2,2,2,2,2,,
349,JimGrayLexKY,11,88,1,0,4,Lost,None,None,-17.41,40.509997999999996,0,1,0,1,1,0,0,0,2,2,2,2,2,2,2,2,2,2,2,2,2,,
609,ReggieThomasKY,11,88,1,0,4,Lost,None,None,-17.41,7.1999998,0,0,0,0,1,0,0,0,2,2,2,2,2,2,2,2,2,2,2,0,2,,
730,,11,88,1,0,4,Lost,None,None,-17.41,0.82999998,0,1,0,0,0,0,0,0,2,2,2,2,2,2,2,2,2,2,2,0,2,,
20,AlecJRoss,12,10,0,0,7,Lost,None,None,23.799999,2.3,0,1,0,0,0,0,1,1,2,0,1,2,2,0,0,0,2,2,0,2,2,,
63,BenJealous,12,10,0,0,7,Advanced,None,On the Ballot,23.799999,39.599998,1,0,0,0,0,0,0,0,2,0,1,2,2,1,1,1,2,2,1,2,2,,
297,,12,10,0,0,7,Lost,None,None,23.799999,1.5,0,0,0,0,0,0,0,0,2,0,0,2,2,0,0,0,2,2,0,2,2,,
352,SheaforMD,12,10,0,0,7,Lost,None,None,23.799999,8.300000200000001,0,1,0,0,0,1,0,0,2,0,1,2,2,0,0,0,2,2,0,2,2,,
442,KrishVignarajah,12,10,0,0,7,Lost,None,None,23.799999,8.199999799999999,0,0,0,0,0,0,0,1,2,0,1,2,2,0,0,0,2,2,0,2,2,,
603,,12,10,0,0,7,Lost,None,None,23.799999,1.6,0,1,0,0,0,0,0,0,2,0,0,2,2,0,0,0,2,2,0,2,2,,
620,RichMadaleno,12,10,0,0,7,Lost,None,None,23.799999,5.8000002,0,1,0,1,1,0,0,0,2,0,1,2,2,0,0,0,2,2,0,2,2,,
657,RushernBaker,12,10,0,0,7,Lost,None,None,23.799999,29.4,0,0,0,0,1,0,0,0,2,0,1,2,2,0,0,0,2,2,0,2,2,,
26,AllisonforMD,12,90,1,0,7,Lost,None,None,-29.66,28.0,0,1,0,0,0,0,0,0,2,2,1,2,2,2,0,2,2,2,2,0,2,,
225,Erik4Congress,12,90,1,0,7,Lost,None,None,-29.66,2.2,0,1,0,0,0,0,1,0,2,2,0,2,2,2,0,2,2,2,2,0,2,,
339,Colvin4Congress,12,90,1,0,7,Advanced,None,On the Ballot,-29.66,38.0,1,1,1,0,0,0,0,0,2,2,1,2,2,2,0,2,2,2,2,1,2,,
531,SenMDBrown,12,90,1,0,7,Lost,None,None,-29.66,15.0,0,2,2,2,2,0,2,2,2,2,0,2,2,2,0,2,2,2,2,0,2,,
540,PullenforUs,12,90,1,0,7,Lost,None,None,-29.66,12.9,0,1,0,0,0,0,0,0,2,2,1,2,2,2,1,2,2,2,2,0,2,,
699,,12,90,1,0,7,Lost,None,None,-29.66,3.9000001,0,1,0,0,0,0,0,0,2,2,0,2,2,2,0,2,2,2,2,0,2,,
36,,12,91,1,0,7,Lost,None,None,11.89,4.9000001,0,1,1,0,0,0,0,0,2,0,1,2,2,2,0,0,2,2,0,2,2,,
55,andrewjduck,12,91,1,0,7,Lost,None,None,11.89,30.700001,0,0,0,0,1,0,1,0,2,1,1,2,2,2,0,0,2,2,0,2,2,,
111,ChrisGravesMD06,12,91,1,0,7,Lost,None,None,11.89,1.6,0,1,0,0,0,0,0,0,2,0,0,2,2,2,0,0,2,2,0,2,2,,
125,Hearsey4md6,12,91,1,0,7,Lost,None,None,11.89,0.89999998,0,1,0,0,0,0,1,0,2,0,1,2,2,2,0,0,2,2,0,2,2,,
172,davidjtrone,12,91,1,0,7,Advanced,None,On the Ballot,11.89,40.299999,1,1,0,0,0,1,0,0,2,0,1,2,2,2,0,0,2,2,0,2,2,,
245,GeorgeZokle,12,91,1,0,7,Lost,None,None,11.89,1.1,0,1,0,0,0,0,0,0,2,0,0,2,2,2,0,0,2,2,0,2,2,,
555,HashimiForUS,12,91,1,0,7,Lost,None,None,11.89,10.4,0,0,0,0,0,0,1,0,2,0,1,2,2,2,0,0,2,2,0,2,2,,
645,RogerManno,12,91,1,0,7,Lost,None,None,11.89,10.3,0,1,0,0,1,0,0,0,2,0,1,2,2,2,1,1,2,2,1,2,2,,
9,CoteForMaine,13,9,0,0,6,Lost,None,None,3.51,28.129998999999998,0,1,1,0,0,0,0,0,2,0,1,2,2,2,2,2,2,2,0,2,2,,
69,Sweet4Governor,13,9,0,0,6,Lost,None,None,3.51,16.459999,0,1,0,1,0,0,0,0,2,0,1,2,2,2,2,2,2,2,1,2,2,,
186,MissWrite,13,9,0,0,6,Lost,None,None,3.51,2.1600001,0,1,0,0,1,0,0,0,2,0,1,2,2,2,2,2,2,2,1,2,2,,
189,,13,9,0,0,6,Lost,None,None,3.51,1.27,0,1,0,0,0,0,0,0,2,0,1,2,2,2,2,2,2,2,0,2,2,,
310,JanetMillsforME,13,9,0,0,6,Advanced,None,On the Ballot,3.51,33.09,1,1,0,0,1,0,0,0,2,1,0,2,2,2,2,2,2,2,0,2,2,,
502,dionforgovernor,13,9,0,0,6,Lost,None,None,3.51,4.1199999,0,1,0,0,1,0,0,0,2,0,1,2,2,2,2,2,2,2,0,2,2,,
503,MarkEvesforME,13,9,0,0,6,Lost,None,None,3.51,14.18,0,1,0,0,1,0,0,0,2,0,1,2,2,2,2,2,2,2,1,2,2,,
139,CraigForMe2,13,89,1,0,6,Lost,None,None,-8.130000099999998,8.8299999,0,2,0,0,0,0,0,0,2,2,1,2,2,2,2,2,2,2,2,0,2,,
312,golden4congress,13,89,1,0,6,Advanced,None,On the Ballot,-8.130000099999998,46.419998,1,2,1,0,1,0,0,0,2,2,0,2,2,2,2,2,2,2,2,1,2,,
480,Lucasstclair,13,89,1,0,6,Lost,None,None,-8.130000099999998,39.240002000000004,0,2,0,0,0,0,0,0,2,2,1,2,2,2,2,2,2,2,2,0,2,,
788,RingelsteinME,13,231,2,0,6,Advanced,None,On the Ballot,3.51,100.0,1,2,0,0,0,0,0,0,2,2,1,2,2,2,2,2,2,2,2,2,2,,
5,AbdulElSayed,14,11,0,0,10,Lost,None,None,-0.33000001,30.5,0,0,0,0,0,0,1,0,2,0,1,2,2,1,1,1,1,2,2,2,2,,
265,gretchenwhitmer,14,11,0,0,10,Advanced,None,On the Ballot,-0.33000001,51.799999,1,1,0,0,1,0,0,0,2,1,1,2,2,0,0,0,0,2,2,2,2,,
683,ShriForMI,14,11,0,0,10,Lost,None,None,-0.33000001,17.700001,0,0,0,0,0,1,1,0,2,0,1,2,2,0,0,0,0,2,2,2,2,,
233,FrankAccavitti,14,92,1,0,10,Lost,None,None,-29.58,32.0,0,1,0,0,1,0,0,0,2,2,2,2,2,2,2,2,2,2,2,2,2,,
440,electbizon2018,14,92,1,0,10,Advanced,None,On the Ballot,-29.58,41.099998,1,1,0,0,0,0,0,0,2,2,2,2,2,2,2,2,2,2,2,2,2,,
538,,14,92,1,0,10,Lost,None,None,-29.58,26.9,0,2,2,2,2,0,2,0,2,2,2,2,2,2,2,2,2,2,2,2,2,,
230,FayrouzSaad,14,93,1,0,10,Lost,None,None,-7.179999799999999,19.5,0,0,0,0,0,0,0,1,2,2,2,2,2,2,2,1,2,2,2,2,2,,
270,HaleyLive,14,93,1,0,10,Advanced,None,On the Ballot,-7.179999799999999,27.0,1,1,0,0,0,0,0,1,2,2,2,2,2,2,2,0,2,2,2,2,2,,
556,CkunateTakjer,14,93,1,0,10,Lost,None,None,-7.179999799999999,10.4,0,1,0,0,0,0,0,0,2,2,2,2,2,2,2,0,2,2,2,2,2,,
708,suneel,14,93,1,0,10,Lost,None,None,-7.179999799999999,21.299999,0,0,0,0,0,0,1,0,2,2,2,2,2,2,2,0,2,2,2,2,2,,
737,RepGreimel,14,93,1,0,10,Lost,None,None,-7.179999799999999,21.799999,0,1,0,0,1,0,0,0,2,2,2,2,2,2,2,0,2,2,2,2,2,,
74,MayorWild,14,94,1,0,10,Lost,None,None,60.720001,14.0,0,1,0,0,1,0,0,0,2,2,2,2,2,2,0,0,0,2,2,2,2,,
74,MayorWild,14,94,1,1,10,Lost,None,None,60.720001,15.2,0,1,0,0,1,0,0,0,2,2,2,2,2,2,0,0,0,2,2,2,2,,
83,VoteBrendaJones,14,94,1,1,10,Advanced,None,On the Ballot,60.720001,37.700001,1,0,0,0,1,0,0,0,2,2,2,2,2,2,0,0,0,2,2,2,2,,
83,VoteBrendaJones,14,94,1,0,10,Lost,None,None,60.720001,29.200001,0,0,0,0,1,0,0,0,2,2,2,2,2,2,0,0,0,2,2,2,2,,
132,ColemanYoungII,14,94,1,0,10,Lost,None,None,60.720001,12.0,0,0,0,0,1,0,0,0,2,2,2,2,2,2,0,0,0,2,2,2,2,,
283,ianconyers,14,94,1,0,10,Lost,None,None,60.720001,6.3000002,0,0,0,0,1,0,0,0,2,2,2,2,2,2,0,0,0,2,2,2,2,,
283,ianconyers,14,94,1,1,10,Lost,None,None,60.720001,11.2,0,0,0,0,1,0,0,0,2,2,2,2,2,2,0,0,0,2,2,2,2,,
606,RashidaTlaib,14,94,1,0,10,Advanced,None,On the Ballot,60.720001,33.200001,1,0,0,0,1,0,0,1,2,2,2,2,2,2,1,1,1,2,2,2,0,,
606,RashidaTlaib,14,94,1,1,10,Lost,None,None,60.720001,35.900002,0,0,0,0,1,0,0,1,2,2,2,2,2,2,1,1,1,2,2,2,0,,
675,ElectShanelle,14,94,1,0,10,Lost,None,None,60.720001,5.3000002,0,0,0,0,1,0,0,0,2,2,2,2,2,2,0,0,0,2,2,2,2,,
630,DrRobDavidson,14,95,1,0,10,Advanced,None,On the Ballot,-18.959999,100.0,1,1,0,0,0,0,1,0,2,2,1,2,2,2,1,1,2,1,2,2,2,,
102,cathyalbro,14,96,1,0,10,Advanced,None,On the Ballot,-11.41,68.199997,1,1,0,0,0,0,0,0,2,2,1,2,2,2,2,2,2,2,2,2,2,,
239,fred_wooden,14,96,1,0,10,Lost,None,None,-11.41,31.799999,0,1,0,0,0,0,0,0,2,2,2,2,2,2,2,2,2,2,2,2,2,,
337,HilliardForCong,14,97,1,0,10,Advanced,None,On the Ballot,-23.129998999999998,66.400002,1,1,0,0,0,0,0,0,2,2,2,2,2,2,2,2,2,2,2,2,2,,
789,zigpsych,14,97,1,0,10,Lost,None,None,-23.129998999999998,33.599998,0,1,0,0,0,0,0,0,2,2,2,2,2,2,2,2,2,2,2,2,2,,
161,David_Benac,14,98,1,0,10,Lost,None,None,-9.180000300000001,21.700001,0,1,0,0,0,0,0,0,2,2,1,2,2,2,1,1,2,2,2,2,2,,
246,franklin4mich,14,98,1,0,10,Lost,None,None,-9.180000300000001,28.1,0,1,0,0,0,0,0,0,2,2,1,2,2,2,0,0,2,2,2,2,2,,
520,MattLongjohn,14,98,1,0,10,Advanced,None,On the Ballot,-9.180000300000001,37.299999,1,1,0,0,0,0,1,0,2,2,1,2,2,2,0,0,2,2,2,2,2,,
614,RichEichholz,14,98,1,0,10,Lost,None,None,-9.180000300000001,13.0,0,1,0,0,0,0,1,0,2,2,1,2,2,2,0,0,2,2,2,2,2,,
264,gdriskell,14,99,1,0,10,Advanced,None,On the Ballot,-16.059998999999998,85.199997,1,1,0,0,1,0,0,0,1,1,2,2,2,2,0,2,2,2,2,2,2,,
702,,14,99,1,0,10,Lost,None,None,-16.059998999999998,14.8,0,1,1,0,0,0,0,0,0,0,2,2,2,2,1,2,2,2,2,2,2,,
116,ChrisSmith2018,14,100,1,0,10,Lost,None,None,-8.3299999,29.1,0,1,0,0,0,0,0,0,2,0,2,0,2,2,2,2,2,2,2,2,2,,
212,ElissaSlotkin,14,100,1,0,10,Advanced,None,On the Ballot,-8.3299999,70.900002,1,1,0,0,0,0,0,1,2,1,2,1,2,2,2,2,2,2,2,2,2,,
40,Andy_Levin,14,101,1,0,10,Advanced,None,On the Ballot,7.139999900000001,52.5,1,1,0,0,0,0,0,0,2,0,1,2,2,2,2,2,2,2,2,2,2,,
213,RepLipton,14,101,1,0,10,Lost,None,None,7.139999900000001,42.400002,0,1,0,0,1,0,1,0,2,1,1,2,2,2,2,2,2,2,2,2,2,,
509,,14,101,1,0,10,Lost,None,None,7.139999900000001,5.0999999,0,1,0,0,0,0,0,0,2,0,1,2,2,2,2,2,2,2,2,2,2,,
72,votehaas,15,105,1,0,10,Lost,None,None,-14.18,19.5,0,1,0,0,1,0,0,0,2,2,2,2,2,2,2,2,2,2,2,0,2,,
135,cortvo,15,105,1,0,10,Advanced,None,On the Ballot,-14.18,41.700001,1,1,0,0,0,0,0,0,2,2,1,2,2,2,2,2,2,2,2,0,2,,
370,JohnMessmer,15,105,1,0,10,Lost,None,None,-14.18,9.6999998,0,1,0,0,0,0,0,0,2,2,1,2,2,2,2,2,2,2,2,0,2,,
506,mark_osmack,15,105,1,0,10,Lost,None,None,-14.18,25.200001,0,1,1,0,0,0,0,0,2,2,1,2,2,2,2,2,2,2,2,1,2,,
633,RobertWHazel69,15,105,1,0,10,Lost,None,None,-14.18,4.0,0,1,0,0,0,0,0,0,2,2,2,2,2,2,2,2,2,2,2,0,2,,
427,KatyforCongress,15,106,1,0,10,Advanced,None,On the Ballot,-38.259997999999996,100.0,1,1,0,0,0,0,1,0,2,2,1,2,2,2,2,2,2,2,2,2,2,,
271,HallieForMO,15,107,1,0,10,Lost,None,None,-35.73,48.099998,0,1,0,0,0,0,1,0,2,2,1,2,2,2,2,2,2,2,2,2,2,,
611,ReneeHoagenson,15,107,1,0,10,Advanced,None,On the Ballot,-35.73,51.900002,1,1,0,0,0,0,0,0,2,2,2,2,2,2,2,2,2,2,2,2,2,,
202,,15,108,1,0,10,Lost,None,None,-31.610001,27.700001,0,2,2,2,2,0,2,0,2,2,2,2,2,2,0,2,2,2,2,2,2,,
277,hmforcongress,15,108,1,0,10,Advanced,None,On the Ballot,-31.610001,41.5,1,0,1,0,0,0,0,0,2,2,2,2,2,2,0,2,2,2,2,2,2,,
783,WinstonApple,15,108,1,0,10,Lost,None,None,-31.610001,30.799999,0,1,0,0,0,0,0,0,2,2,2,2,2,2,1,2,2,2,2,2,2,,
304,Schoolcraft4Mo,15,109,1,0,10,Advanced,None,On the Ballot,-46.130001,40.599998,1,1,1,0,1,0,1,0,2,2,1,2,2,2,2,1,2,2,2,2,2,,
367,farmer4ozarks,15,109,1,0,10,Lost,None,None,-46.130001,21.700001,0,0,0,0,0,0,0,0,2,2,0,2,2,2,2,0,2,2,2,2,2,,
433,,15,109,1,0,10,Lost,None,None,-46.130001,22.299999,0,2,2,2,2,0,2,0,2,2,0,2,2,2,2,0,2,2,2,2,2,,
767,vincentjennings,15,109,1,0,10,Lost,None,None,-46.130001,15.4,0,2,2,2,2,0,2,0,2,2,1,2,2,2,2,0,2,2,2,2,2,,
422,ellis4missouri,15,110,1,0,10,Advanced,None,On the Ballot,-51.810001,100.0,1,1,0,0,0,0,0,0,2,2,2,2,2,2,2,2,2,2,2,2,2,,
604,Wadkins2018,16,102,1,0,8,Advanced,None,On the Ballot,-33.509997999999996,100.0,1,2,0,0,0,0,1,0,2,2,2,2,2,2,2,2,2,2,2,2,2,,
530,aycoxforms,16,103,1,0,8,Lost,None,None,-26.129998999999998,30.66,0,2,1,1,0,0,0,0,2,2,2,2,2,2,2,2,2,2,2,2,2,,
535,RepEvans45,16,103,1,0,8,Advanced,None,On the Ballot,-26.129998999999998,69.339996,1,2,0,0,1,0,0,0,2,2,2,2,2,2,2,2,2,2,2,2,2,,
334,jerameyanderson,16,104,1,0,8,Advanced,None,On the Ballot,-42.529999,100.0,1,0,0,0,1,0,0,0,2,2,2,2,2,2,2,2,2,1,2,2,2,,
160,dbaria,16,232,2,0,8,Advanced,Advanced,On the Ballot,-18.780001000000002,30.98,1,1,0,0,1,0,0,0,2,2,2,2,2,2,2,2,2,2,2,2,2,,
282,shermanhoward,16,232,2,0,8,Advanced,Lost,None,-18.780001000000002,31.790001,0,1,0,0,0,0,0,0,2,2,2,2,2,2,2,2,2,2,2,2,2,,
333,BohrenJensen,16,232,2,0,8,Lost,None,None,-18.780001000000002,3.21,0,2,0,0,0,0,0,0,2,2,2,2,2,2,2,2,2,2,2,2,2,,
336,,16,232,2,0,8,Lost,None,None,-18.780001000000002,4.8499999,0,0,0,0,0,0,1,0,2,2,2,2,2,2,2,2,2,2,2,2,2,,
565,,16,232,2,0,8,Lost,None,None,-18.780001000000002,24.200001,0,0,0,0,1,0,0,0,2,2,2,2,2,2,2,2,2,2,2,2,2,,
765,,16,232,2,0,8,Lost,None,None,-18.780001000000002,4.96,0,0,1,0,0,0,0,0,2,2,2,2,2,2,2,2,2,2,2,2,2,,
258,KierForCongress,17,111,1,0,8,Lost,None,None,-21.41,24.15,0,2,0,0,0,0,1,0,2,2,0,2,2,2,0,0,2,2,2,2,2,,
314,Jared_Pettinato,17,111,1,0,8,Lost,None,None,-21.41,2.21,0,2,0,0,0,0,0,0,2,2,0,2,2,2,0,0,2,2,2,2,2,,
368,Heenan4Montana,17,111,1,0,8,Lost,None,None,-21.41,31.709999,0,2,0,0,0,1,0,0,2,2,0,2,2,2,1,1,2,2,2,2,2,,
371,MeyerforMontana,17,111,1,0,8,Lost,None,None,-21.41,3.3399998999999996,0,2,0,0,0,0,1,0,2,2,1,2,2,2,0,0,2,2,2,2,2,,
421,WilliamsForMT,17,111,1,0,8,Advanced,None,On the Ballot,-21.41,33.52,1,2,0,0,1,0,0,0,2,2,1,2,2,2,0,0,2,2,2,2,2,,
483,for_moss,17,111,1,0,8,Lost,None,None,-21.41,5.0599999,0,2,0,0,1,0,0,0,2,2,0,2,2,2,0,0,2,2,2,2,2,,
173,davidwbrown,18,135,1,0,5,Advanced,None,On the Ballot,-25.51,100.0,1,1,0,0,0,0,0,0,2,2,1,2,2,2,2,2,2,2,2,2,2,,
597,Price4WNC,18,136,1,0,5,Advanced,None,On the Ballot,-29.559998999999998,40.59,1,1,0,0,0,0,0,0,2,2,1,2,2,2,2,2,2,2,2,2,2,,
665,ScottDonaldson4Congress,18,136,1,0,5,Lost,None,None,-29.559998999999998,28.27,0,1,0,0,0,0,1,0,2,2,0,2,2,2,2,2,2,2,2,2,2,,
698,SteveWoodsmall,18,136,1,0,5,Lost,None,None,-29.559998999999998,31.139999,0,1,1,0,0,0,0,0,2,2,0,2,2,2,2,2,2,2,2,2,2,,
8,AdamFromNC,18,137,1,0,5,Lost,None,None,-11.28,29.860001,0,1,0,0,0,0,0,0,0,0,1,2,2,2,2,2,2,2,2,2,2,,
423,KathyManningNC,18,137,1,0,5,Advanced,None,On the Ballot,-11.28,70.139999,1,1,0,0,0,0,0,0,1,1,0,2,2,2,2,2,2,2,2,2,2,,
430,kenromley,18,138,1,0,5,Lost,None,None,-12.98,32.299999,0,1,0,0,0,1,1,0,2,2,1,2,2,2,2,2,2,2,2,2,2,,
470,LindaForNC,18,138,1,0,5,Advanced,None,On the Ballot,-12.98,56.0,1,0,0,0,1,0,0,0,2,2,1,2,2,2,2,2,2,2,2,2,2,,
773,ElectWendy2018,18,138,1,0,5,Lost,None,None,-12.98,11.7,0,1,1,1,0,0,0,0,2,2,1,2,2,2,2,2,2,2,2,2,2,,
180,DDAdamsCongress,18,139,1,0,5,Advanced,None,On the Ballot,-19.280001000000002,54.400002,1,0,0,0,1,0,0,0,2,2,0,2,2,2,2,0,2,2,1,2,2,,
331,Marshall4House,18,139,1,0,5,Lost,None,None,-19.280001000000002,45.599998,0,1,0,0,0,0,0,0,2,2,1,2,2,2,2,1,2,2,0,2,2,,
252,Wong4Congress,18,140,1,0,5,Lost,None,None,-16.73,22.799999,0,0,0,0,0,0,0,0,2,2,0,2,2,2,2,2,2,0,2,2,2,,
660,watts4congress,18,140,1,0,5,Advanced,None,On the Ballot,-16.73,77.199997,1,1,0,0,0,0,0,0,2,2,1,2,2,2,2,2,2,1,2,2,2,,
260,graysonparker,18,141,1,0,5,Lost,None,None,-18.98,33.0,0,1,0,0,0,0,1,0,2,2,0,2,2,2,2,2,2,2,2,2,2,,
446,drkyle4congress,18,141,1,0,5,Advanced,None,On the Ballot,-18.98,67.0,1,1,0,0,0,0,1,0,2,2,1,2,2,2,2,2,2,2,2,2,2,,
234,Frank4NC,18,142,1,0,5,Advanced,None,On the Ballot,-16.360001,56.099998,1,1,0,0,0,0,0,0,2,2,0,2,2,2,2,2,2,2,2,2,2,,
494,mtiegel,18,142,1,0,5,Lost,None,None,-16.360001,20.9,0,1,0,0,0,0,0,0,2,2,1,2,2,2,2,2,2,2,2,2,2,,
666,ElectScottNC08,18,142,1,0,5,Lost,None,None,-16.360001,23.0,0,1,1,0,0,0,0,0,2,2,1,2,2,2,2,2,2,2,2,2,2,,
118,Cano4CongressNC,18,143,1,0,5,Lost,None,None,-14.13,17.200001,0,0,0,1,0,0,0,0,0,2,2,2,2,2,2,2,2,0,2,0,2,,
144,McCreadyForNC,18,143,1,0,5,Advanced,None,On the Ballot,-14.13,82.800003,1,1,1,0,0,0,0,0,1,2,2,2,2,2,2,2,2,1,2,1,2,,
485,mac4northdakota,19,144,1,0,6,Advanced,None,On the Ballot,-34.779999,100.0,1,2,0,0,1,0,0,0,2,2,2,2,2,2,2,2,2,2,2,2,2,,
77,bobkristne,20,12,0,0,3,Advanced,None,On the Ballot,-26.76,59.810001,1,1,1,0,1,0,0,0,2,2,2,2,2,2,2,2,2,2,0,2,2,,
755,TylerDavis4NE,20,12,0,0,3,Lost,None,None,-26.76,11.39,0,1,0,0,0,0,0,0,2,2,2,2,2,2,2,2,2,2,0,2,2,,
761,ApostleVWard,20,12,0,0,3,Lost,None,None,-26.76,28.799999,0,0,0,0,0,0,0,0,2,2,2,2,2,2,2,2,2,2,0,2,2,,
761,ForWardGovernor,20,12,0,0,3,Lost,None,None,-26.76,28.799999,0,0,0,0,0,0,0,0,2,2,2,2,2,2,2,2,2,2,0,2,2,,
181,DennisPCrawford,20,112,1,0,3,Lost,None,None,-22.66,33.900002,0,2,0,0,0,0,0,0,2,2,1,2,2,2,2,2,2,2,0,2,2,,
344,Clure4Congress,20,112,1,0,3,Advanced,None,On the Ballot,-22.66,66.099998,1,2,0,0,0,0,1,0,2,2,1,2,2,2,2,2,2,2,0,2,2,,
81,RepBradAshford,20,113,1,0,3,Lost,None,None,-5.98,48.360001000000004,0,2,0,0,1,0,0,0,1,2,1,2,2,2,2,0,0,2,0,2,2,,
81,BradAshford18,20,113,1,0,3,Lost,None,None,-5.98,48.360001000000004,0,2,0,0,1,0,0,0,1,2,1,2,2,2,2,0,0,2,0,2,2,,
413,karaforcongress,20,113,1,0,3,Advanced,None,On the Ballot,-5.98,51.639998999999996,1,2,0,0,0,0,0,0,0,2,1,2,2,2,2,1,1,2,1,2,2,,
582,Paul_Theobald_,20,114,1,0,3,Advanced,None,On the Ballot,-54.310001,100.0,1,2,0,0,0,0,0,0,2,2,2,2,2,2,2,2,2,2,2,2,2,,
112,,20,233,2,0,3,Lost,None,None,-26.76,20.219998999999998,0,2,0,0,0,0,0,0,2,2,2,2,2,2,2,2,2,2,2,2,2,,
235,,20,233,2,0,3,Lost,None,None,-26.76,11.37,0,2,1,0,1,0,0,0,2,2,2,2,2,2,2,2,2,2,2,2,2,,
307,JaneRaybould,20,233,2,0,3,Advanced,None,On the Ballot,-26.76,63.68,1,2,0,0,1,0,0,0,2,2,2,2,2,2,2,2,2,2,2,2,2,,
451,,20,233,2,0,3,Lost,None,None,-26.76,4.7399998,0,2,1,0,0,0,0,0,2,2,2,2,2,2,2,2,2,2,2,2,2,,
23,alisonheslin,21,118,1,0,8,Lost,None,None,-4.6599998,2.7,0,2,0,0,0,0,1,0,0,0,2,0,2,2,2,2,2,2,2,0,2,,
23,Heslin4Congress,21,118,1,0,8,Lost,None,None,-4.6599998,2.7,0,2,0,0,0,0,1,0,0,0,2,0,2,2,2,2,2,2,2,0,2,,
507,MarkWashburne,21,118,1,0,8,Lost,None,None,-4.6599998,3.4000001,0,2,0,0,0,0,0,0,0,0,2,0,2,2,2,2,2,2,2,0,2,,
551,MikieSherrill,21,118,1,0,8,Advanced,None,On the Ballot,-4.6599998,77.5,1,2,1,0,0,0,0,0,1,1,2,1,2,2,2,2,2,2,2,1,2,,
552,Mitchell_Cobert,21,118,1,0,8,Lost,None,None,-4.6599998,1.9,0,2,0,0,0,0,0,0,0,0,2,0,2,2,2,2,2,2,2,0,2,,
722,TamaraforNJ,21,118,1,0,8,Lost,None,None,-4.6599998,14.5,0,0,0,0,0,1,0,0,0,0,2,0,2,2,2,2,2,2,2,0,2,,
324,JeffVanDrew,21,119,1,0,8,Advanced,None,On the Ballot,-3.96,55.400002,1,1,0,0,1,0,0,0,1,2,2,2,2,2,2,2,2,0,2,2,2,,
324,VanDrewForNJ,21,119,1,0,8,Advanced,None,On the Ballot,-3.96,55.400002,1,1,0,0,1,0,0,0,1,2,2,2,2,2,2,2,2,0,2,2,2,,
559,NateKleinman451,21,119,1,0,8,Lost,None,None,-3.96,8.6000004,0,2,0,0,0,0,0,0,0,2,2,2,2,2,2,2,2,0,2,2,2,,
559,NateForCongress,21,119,1,0,8,Lost,None,None,-3.96,8.6000004,0,2,0,0,0,0,0,0,0,2,2,2,2,2,2,2,2,0,2,2,2,,
724,tanziefornj,21,119,1,0,8,Lost,None,None,-3.96,19.200001,0,0,0,0,0,0,0,0,0,2,2,2,2,2,2,2,2,1,2,2,2,,
777,willfornj2,21,119,1,0,8,Lost,None,None,-3.96,16.799999,0,0,0,1,0,0,0,0,0,2,2,2,2,2,2,2,2,0,2,2,2,,
38,AndyKimNJ,21,120,1,0,8,Advanced,None,On the Ballot,-6.0300002,100.0,1,0,0,0,0,0,0,1,1,2,2,1,2,2,2,2,1,2,1,2,2,,
350,JWKeady,21,121,1,0,8,Lost,None,None,-16.01,42.799999,0,1,0,0,1,0,0,0,2,2,2,2,2,2,1,2,2,2,1,2,2,,
395,JoshuaWelle,21,121,1,0,8,Advanced,None,On the Ballot,-16.01,57.200001,1,2,1,0,0,0,0,0,2,2,2,2,2,2,0,2,2,2,0,2,2,,
255,goutamjois,21,122,1,0,8,Lost,None,None,-3.26,14.1,0,0,0,0,0,0,0,0,0,2,2,0,2,2,0,0,2,2,2,2,2,,
590,PeterJacobNJ,21,122,1,0,8,Lost,None,None,-3.26,19.1,0,0,0,0,0,0,0,0,0,2,2,0,2,2,1,1,2,2,2,2,2,,
747,Malinowski,21,122,1,0,8,Advanced,None,On the Ballot,-3.26,66.800003,1,2,0,0,0,0,0,1,1,2,2,1,2,2,0,0,2,2,2,2,2,,
322,apo4nm,22,14,0,0,8,Lost,None,None,6.1599998,22.16,0,0,0,0,0,1,0,0,2,0,2,2,2,2,2,2,2,2,2,2,2,,
386,SenJoeCervantes,22,14,0,0,8,Lost,None,None,6.1599998,11.47,0,0,0,0,1,1,0,0,2,0,2,2,2,2,2,2,2,2,2,2,2,,
544,Michelle4NM,22,14,0,0,8,Advanced,None,On the Ballot,6.1599998,66.379997,1,0,0,0,1,0,0,0,2,1,2,2,2,2,2,2,2,2,2,2,2,,
544,GovMLG,22,14,0,0,8,Advanced,None,On the Ballot,6.1599998,66.379997,1,0,0,0,1,0,0,0,2,1,2,2,2,2,2,2,2,2,2,2,2,,
49,ASL4Justice4all,22,123,1,0,8,Lost,None,None,13.77,20.610001,0,0,0,0,0,0,0,0,2,0,0,2,0,2,1,1,2,2,1,0,0,,
141,Lara_BetterNM,22,123,1,0,8,Lost,None,None,13.77,3.29,0,0,0,0,0,0,0,0,2,0,0,2,0,2,0,0,2,2,0,0,0,,
142,DamonForNM,22,123,1,0,8,Lost,None,None,13.77,25.809998999999998,0,0,1,0,0,0,0,0,2,0,0,2,0,2,0,0,2,2,0,1,1,,
177,Deb4CongressNM,22,123,1,0,8,Advanced,None,On the Ballot,13.77,40.59,1,0,0,0,0,0,0,1,2,1,0,2,1,2,0,0,2,2,0,0,0,,
569,PatDavisNM,22,123,1,0,8,Lost,None,None,13.77,3.8,0,1,0,1,1,0,0,0,2,0,1,2,0,2,0,0,2,2,0,0,0,,
577,PaulMoya,22,123,1,0,8,Lost,None,None,13.77,5.8899999,0,0,0,0,0,0,0,0,2,0,0,2,0,2,0,0,2,2,0,0,0,,
488,Mad_Hildebrandt,22,124,1,0,8,Lost,None,None,-11.88,27.379998999999998,0,2,1,0,0,0,0,0,0,0,2,2,2,2,1,2,2,2,2,2,2,,
784,XochforCongress,22,124,1,0,8,Advanced,None,On the Ballot,-11.88,72.620003,1,0,0,0,0,0,0,0,1,1,2,2,2,2,0,2,2,2,2,2,2,,
56,,23,13,0,0,6,Lost,None,None,0.94999999,1.01,0,0,0,0,0,0,0,0,2,0,0,2,2,2,2,2,2,2,0,2,2,,
110,Giunchigliani,23,13,0,0,6,Lost,None,None,0.94999999,38.860001000000004,0,2,0,0,1,0,0,0,2,1,1,2,2,2,2,2,2,2,1,2,2,,
167,,23,13,0,0,6,Lost,None,None,0.94999999,1.73,0,2,0,0,0,0,0,0,2,0,0,2,2,2,2,2,2,2,0,2,2,,
278,HenryThornsLV,23,13,0,0,6,Lost,None,None,0.94999999,1.9,0,0,0,0,0,0,1,0,2,0,0,2,2,2,2,2,2,2,0,2,2,,
278,henrythorns4gov,23,13,0,0,6,Lost,None,None,0.94999999,1.9,0,0,0,0,0,0,1,0,2,0,0,2,2,2,2,2,2,2,0,2,2,,
363,,23,13,0,0,6,Lost,None,None,0.94999999,2.99,0,2,0,0,1,0,0,0,2,0,0,2,2,2,2,2,2,2,0,2,2,,
697,SteveSisolak,23,13,0,0,6,Advanced,None,On the Ballot,0.94999999,50.029999,1,2,0,0,1,0,0,0,2,0,1,2,2,2,2,2,2,2,0,2,2,,
130,Clint4Congress,23,115,1,0,6,Advanced,None,On the Ballot,-13.78,26.129998999999998,1,2,0,0,0,0,0,0,2,2,1,2,2,2,0,2,2,2,2,2,2,,
291,,23,115,1,0,6,Lost,None,None,-13.78,7.5,0,2,0,0,0,0,0,0,2,2,0,2,2,2,0,2,2,2,2,2,2,,
340,,23,115,1,0,6,Lost,None,None,-13.78,8.04,0,2,0,0,0,0,0,0,2,2,0,2,2,2,0,2,2,2,2,2,2,,
570,PatFogartyNV,23,115,1,0,6,Lost,None,None,-13.78,23.83,0,2,0,0,0,0,1,0,2,2,1,2,2,2,1,2,2,2,2,2,2,,
626,RepRickShepherd,23,115,1,0,6,Lost,None,None,-13.78,21.280001000000002,0,2,0,0,0,0,1,0,2,2,1,2,2,2,0,2,2,2,2,2,2,,
757,AlmForCongress,23,115,1,0,6,Lost,None,None,-13.78,13.22,0,2,1,0,0,0,0,0,2,2,0,2,2,2,0,2,2,2,2,2,2,,
223,stoltz1420,23,116,1,0,6,Lost,None,None,-3.0799999,7.2399998,0,2,0,0,0,0,0,0,0,0,0,0,2,2,2,2,2,2,2,2,2,,
266,GuyforNevada,23,116,1,0,6,Lost,None,None,-3.0799999,3.5,0,2,0,0,0,0,1,0,0,0,0,0,2,2,2,2,2,2,2,2,2,,
290,bubbagrinch,23,116,1,0,6,Lost,None,None,-3.0799999,5.8000002,0,2,0,0,0,0,0,0,0,0,0,0,2,2,2,2,2,2,2,2,2,,
290,LoveforNevada,23,116,1,0,6,Lost,None,None,-3.0799999,5.8000002,0,2,0,0,0,0,0,0,0,0,0,0,2,2,2,2,2,2,2,2,2,,
543,weissfornevada,23,116,1,0,6,Lost,None,None,-3.0799999,8.1800003,0,2,0,0,0,0,1,0,0,0,0,0,2,2,2,2,2,2,2,2,2,,
618,,23,116,1,0,6,Lost,None,None,-3.0799999,4.8499999,0,2,0,0,0,0,0,0,0,0,0,0,2,2,2,2,2,2,2,2,2,,
696,VoteSchiffman,23,116,1,0,6,Lost,None,None,-3.0799999,3.51,0,2,0,0,0,0,0,0,0,0,0,0,2,2,2,2,2,2,2,2,2,,
712,SusieLeeNV,23,116,1,0,6,Advanced,None,On the Ballot,-3.0799999,66.910004,1,2,0,0,0,0,0,0,1,1,1,1,2,2,2,2,2,2,2,2,2,,
27,Allison4Nevada,23,117,1,0,6,Lost,None,None,3.8199998999999996,6.02,0,0,0,0,1,0,0,0,0,2,0,0,2,2,0,0,2,0,2,0,2,,
35,Justice4Shalyne,23,117,1,0,6,Lost,None,None,3.8199998999999996,9.1999998,0,2,0,0,0,0,0,0,0,2,1,0,2,2,1,1,2,1,2,0,2,,
35,amy4thepeople,23,117,1,0,6,Lost,None,None,3.8199998999999996,9.1999998,0,2,0,0,0,0,0,0,0,2,1,0,2,2,1,1,2,1,2,0,2,,
360,Nevada4Anzalone,23,117,1,0,6,Lost,None,None,3.8199998999999996,5.8000002,0,2,0,0,0,0,0,0,0,2,1,0,2,2,0,0,2,2,2,2,2,,
568,Senatorspearman,23,117,1,0,6,Lost,None,None,3.8199998999999996,15.24,0,0,1,1,1,0,0,0,0,2,1,0,2,2,0,0,2,0,2,1,2,,
684,Zeller4Congress,23,117,1,0,6,Lost,None,None,3.8199998999999996,2.0,0,2,1,0,0,0,0,0,0,2,0,0,2,2,0,0,2,0,2,0,2,,
703,RepHorsford,23,117,1,0,6,Advanced,None,On the Ballot,3.8199998999999996,61.740002000000004,1,0,0,0,1,0,0,0,1,2,1,1,2,2,0,0,2,2,2,2,2,,
703,StevenHorsford,23,117,1,0,6,Advanced,None,On the Ballot,3.8199998999999996,61.740002000000004,1,0,0,0,1,0,0,0,1,2,1,1,2,2,0,0,2,2,2,2,2,,
25,AllenRheinhart,23,234,2,0,6,Lost,None,None,0.94999999,3.3299999,0,0,0,0,0,0,0,0,0,0,2,0,2,2,0,2,2,2,2,2,2,,
80,Bobby_Mahendra,23,234,2,0,6,Lost,None,None,0.94999999,2.6700001,0,0,0,0,0,0,0,0,0,0,2,0,2,2,0,2,2,2,2,2,2,,
148,BurleighDaniel,23,234,2,0,6,Lost,None,None,0.94999999,2.26,0,2,0,0,0,0,0,0,0,0,2,0,2,2,0,2,2,2,2,2,2,,
165,ddrewknight,23,234,2,0,6,Lost,None,None,0.94999999,4.4299998,0,2,0,0,0,0,0,0,0,0,2,0,2,2,0,2,2,2,2,2,2,,
293,SenJackyRosen,23,234,2,0,6,Advanced,None,On the Ballot,0.94999999,77.110001,1,2,0,0,1,0,1,0,1,1,2,1,2,2,0,2,2,2,2,2,2,,
293,RosenforNevada,23,234,2,0,6,Advanced,None,On the Ballot,0.94999999,77.110001,1,2,0,0,1,0,1,0,1,1,2,1,2,2,0,2,2,2,2,2,2,,
341,JesseSbaih,23,234,2,0,6,Lost,None,None,0.94999999,3.1700001,0,0,0,0,0,1,0,0,0,0,2,0,2,2,1,2,2,2,2,2,2,,
170,DPforcongress,24,125,1,0,7,Lost,None,None,-11.63,11.9,0,2,0,0,0,0,0,0,2,2,2,2,2,2,2,2,2,2,2,2,2,,
209,ElaineDiMasi,24,125,1,0,7,Lost,None,None,-11.63,5.920000099999999,0,2,0,0,0,0,1,0,2,2,2,2,2,2,2,2,2,2,2,2,2,,
418,KateBrowningNY,24,125,1,0,7,Lost,None,None,-11.63,30.32,0,1,0,0,1,0,0,0,2,2,2,2,2,2,2,2,2,2,2,2,2,,
586,perrygershon,24,125,1,0,7,Advanced,None,On the Ballot,-11.63,35.450001,1,2,0,0,0,1,1,0,2,2,2,2,2,2,2,2,2,2,2,2,2,,
770,vivianviloria,24,125,1,0,7,Lost,None,None,-11.63,16.26,0,0,0,0,1,0,0,0,2,2,2,2,2,2,2,2,2,2,2,2,2,,
524,MaxRose4NY,24,126,1,0,7,Advanced,None,On the Ballot,-8.8100004,62.650002,1,2,1,0,0,0,0,0,1,2,2,2,2,2,2,2,2,2,1,1,2,,
533,mdevitojr,24,126,1,0,7,Lost,None,None,-8.8100004,18.42,0,0,1,0,0,0,0,0,0,2,2,2,2,2,2,2,2,2,0,0,2,,
564,omarvaid,24,126,1,0,7,Lost,None,None,-8.8100004,8.430000300000001,0,0,0,0,0,0,0,0,0,2,2,2,2,2,2,2,2,2,0,0,2,,
581,PaulSperlingNY,24,126,1,0,7,Lost,None,None,-8.8100004,2.29,0,2,0,0,0,0,0,0,0,2,2,2,2,2,2,2,2,2,0,0,2,,
601,,24,126,1,0,7,Lost,None,None,-8.8100004,3.78,0,0,0,0,0,0,1,0,0,2,2,2,2,2,2,2,2,2,0,0,2,,
786,zachemig2018,24,126,1,0,7,Lost,None,None,-8.8100004,1.26,0,2,0,0,0,0,0,0,0,2,2,2,2,2,2,2,2,2,0,0,2,,
50,DelgadoforNY19,24,127,1,0,7,Advanced,None,On the Ballot,-6.079999900000001,21.99,1,0,0,0,0,0,0,0,2,0,1,2,2,2,2,0,2,0,2,0,2,,
90,brianflynnus,24,127,1,0,7,Lost,None,None,-6.079999900000001,13.18,0,1,0,0,0,1,0,0,2,0,0,2,2,2,2,0,2,0,2,0,2,,
164,davieclegg,24,127,1,0,7,Lost,None,None,-6.079999900000001,11.08,0,2,0,0,0,1,0,0,2,0,0,2,2,2,2,0,2,1,2,0,2,,
227,ErinCollier2018,24,127,1,0,7,Lost,None,None,-6.079999900000001,4.8600001,0,2,0,0,0,0,0,0,2,1,1,2,2,2,2,0,2,0,2,0,2,,
240,garethtrhodes,24,127,1,0,7,Lost,None,None,-6.079999900000001,17.85,0,2,0,0,0,0,0,0,2,0,0,2,2,2,2,0,2,1,2,0,2,,
323,JeffBealsNY19,24,127,1,0,7,Lost,None,None,-6.079999900000001,13.18,0,2,0,0,0,0,0,0,2,0,0,2,2,2,2,1,2,0,2,0,2,,
567,PatRyanWrites,24,127,1,0,7,Lost,None,None,-6.079999900000001,17.719998999999998,0,2,1,0,0,0,0,0,2,0,0,2,2,2,2,0,2,1,2,1,2,,
199,DuWayneGregory,24,128,1,0,7,Lost,None,None,-8.2600002,41.639998999999996,0,0,1,0,1,0,0,0,2,0,1,2,2,2,0,2,2,0,1,1,2,,
199,GregoryForNY2,24,128,1,0,7,Lost,None,None,-8.2600002,41.639998999999996,0,0,1,0,1,0,0,0,2,0,1,2,2,2,0,2,2,0,1,1,2,,
475,liuba4congress,24,128,1,0,7,Advanced,None,On the Ballot,-8.2600002,57.98,1,2,0,0,0,0,0,0,2,1,1,2,2,2,1,2,2,1,0,0,2,,
200,DylanRatigan,24,129,1,0,7,Lost,None,None,-11.43,11.91,0,2,0,0,0,0,0,0,2,2,0,2,2,2,0,0,2,0,0,2,2,,
216,FlipNY45,24,129,1,0,7,Lost,None,None,-11.43,10.37,0,2,0,0,0,0,0,0,2,2,0,2,2,2,0,0,2,0,0,2,2,,
426,AdirondacKatie,24,129,1,0,7,Lost,None,None,-11.43,11.68,0,2,0,0,0,0,0,0,2,2,0,2,2,2,0,0,2,0,1,2,2,,
572,PatFNelson,24,129,1,0,7,Lost,None,None,-11.43,9.119999900000002,0,1,0,0,0,0,1,0,2,2,1,2,2,2,1,1,2,0,0,2,2,,
728,TedraCobb,24,129,1,0,7,Advanced,None,On the Ballot,-11.43,56.009997999999996,1,2,0,0,1,0,0,0,2,2,1,2,2,2,1,0,2,1,0,2,2,,
46,RepBrindisi,24,130,1,0,7,Advanced,None,On the Ballot,-14.26,100.0,1,2,0,0,1,0,0,0,1,2,0,2,2,2,2,2,2,2,1,2,2,,
46,ABrindisiNY,24,130,1,0,7,Advanced,None,On the Ballot,-14.26,100.0,1,2,0,0,1,0,0,0,1,2,0,2,2,2,2,2,2,2,1,2,2,,
206,esundquist,24,131,1,0,7,Lost,None,None,-13.93,6.420000099999999,0,2,0,1,0,0,1,0,2,2,0,2,2,2,0,0,2,2,0,2,2,,
284,GoldenForNY23,24,131,1,0,7,Lost,None,None,-13.93,13.44,0,2,0,0,0,0,0,0,2,2,0,2,2,2,1,1,2,2,0,2,2,,
469,Linda4Congress,24,131,1,0,7,Lost,None,None,-13.93,15.33,0,2,0,0,0,0,1,0,2,2,0,2,2,2,0,0,2,2,0,2,2,,
523,DellaPiaForNY23,24,131,1,0,7,Lost,None,None,-13.93,32.400002,0,2,1,0,0,0,0,0,2,2,0,2,2,2,0,0,2,2,0,2,2,,
753,MitranoForNY23,24,131,1,0,7,Advanced,None,On the Ballot,-13.93,32.299999,1,2,0,0,0,0,0,0,2,2,1,2,2,2,0,0,2,2,1,2,2,,
147,dana_balter,24,132,1,0,7,Advanced,None,On the Ballot,4.139999899999999,62.380001,1,2,0,0,0,0,0,0,0,0,1,2,2,2,1,0,1,1,1,0,2,,
402,VoteForJuanita,24,132,1,0,7,Lost,None,None,4.139999899999999,37.23,0,0,1,0,0,0,0,0,1,1,1,2,2,2,0,0,0,0,0,1,2,,
10,run_amc,24,133,1,0,7,Lost,None,None,14.62,17.450001,0,0,0,0,1,0,0,0,2,2,0,2,2,2,0,2,2,2,0,2,2,,
388,RepJoeMorelle,24,133,1,0,7,Advanced,None,On the Ballot,14.62,45.290001000000004,1,2,0,0,1,0,0,0,2,2,1,2,2,2,0,2,2,2,1,2,2,,
388,votemorelle,24,133,1,0,7,Advanced,None,On the Ballot,14.62,45.290001000000004,1,2,0,0,1,0,0,0,2,2,1,2,2,2,0,2,2,2,1,2,2,,
598,rachbarnhart,24,133,1,0,7,Lost,None,None,14.62,19.77,0,2,0,0,0,0,0,0,2,2,1,2,2,2,0,2,2,2,0,2,2,,
642,WiltForAssembly,24,133,1,0,7,Lost,None,None,14.62,17.35,0,0,0,0,1,0,0,0,2,2,1,2,2,2,1,2,2,2,0,2,2,,
642,rrwilt,24,133,1,0,7,Lost,None,None,14.62,17.35,0,0,0,0,1,0,0,0,2,2,1,2,2,2,1,2,2,2,0,2,2,,
558,Nate_McMurray,24,134,1,0,7,Advanced,None,On the Ballot,-24.01,100.0,1,1,0,0,1,0,0,0,2,2,2,2,2,2,2,2,2,2,1,2,2,,
182,Dennis_Kucinich,25,15,0,0,5,Lost,None,None,-7.889999900000001,22.98,0,1,0,0,1,0,0,0,2,2,0,2,0,2,1,2,2,2,2,2,2,,
390,JoeSchiavoni,25,15,0,0,5,Lost,None,None,-7.889999900000001,9.1700001,0,2,0,0,1,0,0,0,2,2,1,2,0,2,0,2,2,2,2,2,2,,
450,LarryEEaly2,25,15,0,0,5,Lost,None,None,-7.889999900000001,1.02,0,0,0,0,0,0,0,0,2,2,0,2,0,2,0,2,2,2,2,2,2,,
579,,25,15,0,0,5,Lost,None,None,-7.889999900000001,1.38,0,2,0,0,0,0,0,0,2,2,0,2,0,2,0,2,2,2,2,2,2,,
615,RichCordray,25,15,0,0,5,Advanced,None,On the Ballot,-7.889999900000001,62.16,1,1,0,0,1,0,0,1,2,2,1,2,1,2,0,2,2,2,2,2,2,,
780,billoneilloh,25,15,0,0,5,Lost,None,None,-7.889999900000001,3.29,0,1,1,0,1,0,0,0,2,2,0,2,0,2,0,2,2,2,2,2,2,,
15,AftabPureval,25,145,1,0,5,Advanced,None,On the Ballot,-9.010000199999999,100.0,1,0,0,0,1,0,0,0,1,2,2,2,2,2,2,2,2,2,2,2,2,,
539,MikeMilisits,25,146,1,0,5,Lost,None,None,-8.4799995,7.400000099999999,0,2,0,0,0,0,0,0,2,2,2,2,2,2,2,2,2,2,2,2,2,,
636,,25,146,1,0,5,Lost,None,None,-8.4799995,25.6,0,2,0,0,0,0,1,0,2,2,2,2,2,2,2,2,2,2,2,2,2,,
731,theresa_gasper,25,146,1,0,5,Advanced,None,On the Ballot,-8.4799995,67.019997,1,2,0,0,0,0,0,0,2,2,2,2,2,2,2,2,2,2,2,2,2,,
731,GasperforOH10,25,146,1,0,5,Advanced,None,On the Ballot,-8.4799995,67.019997,1,2,0,0,0,0,0,0,2,2,2,2,2,2,2,2,2,2,2,2,2,,
155,dannyoconnor1,25,147,1,1,5,Advanced,None,On the Ballot,-13.63,40.939999,1,2,0,0,1,0,0,0,2,2,1,2,2,2,2,0,2,1,2,2,2,,
155,dannyoconnor1,25,147,1,0,5,Advanced,None,On the Ballot,-13.63,40.52,1,2,0,0,1,0,0,0,2,2,1,2,2,2,2,0,2,1,2,2,2,,
195,DougWilsonOH12,25,147,1,0,5,Lost,None,None,-13.63,3.74,0,2,0,0,1,0,0,0,2,2,0,2,2,2,2,0,2,0,2,2,2,,
195,DougWilsonOH12,25,147,1,1,5,Lost,None,None,-13.63,3.9400001000000002,0,2,0,0,1,0,0,0,2,2,0,2,2,2,2,0,2,0,2,2,2,,
201,,25,147,1,0,5,Lost,None,None,-13.63,7.860000099999999,0,2,1,0,0,0,0,0,2,2,0,2,2,2,2,0,2,0,2,2,2,,
201,,25,147,1,1,5,Lost,None,None,-13.63,8.0799999,0,2,1,0,0,0,0,0,2,2,0,2,2,2,2,0,2,0,2,2,2,,
292,PattonJackieB,25,147,1,0,5,Lost,None,None,-13.63,14.02,0,2,0,0,0,0,0,0,2,2,1,2,2,2,2,0,2,0,2,2,2,,
292,PattonJackieB,25,147,1,1,5,Lost,None,None,-13.63,13.58,0,2,0,0,0,0,0,0,2,2,1,2,2,2,2,0,2,0,2,2,2,,
376,JPJohnPeters_4,25,147,1,0,5,Lost,None,None,-13.63,1.49,0,2,0,0,0,0,0,0,2,2,0,2,2,2,2,0,2,0,2,2,2,,
379,heyjohnrussell,25,147,1,1,5,Lost,None,None,-13.63,16.700001,0,2,0,0,0,0,0,0,2,2,1,2,2,2,2,1,2,0,2,2,2,,
379,JCruss,25,147,1,0,5,Lost,None,None,-13.63,16.27,0,2,0,0,0,0,0,0,2,2,1,2,2,2,2,1,2,0,2,2,2,,
787,ZachScottOhio,25,147,1,0,5,Lost,None,None,-13.63,16.1,0,2,0,0,1,0,0,0,2,2,0,2,2,2,2,0,2,0,2,2,2,,
787,ZachScottOhio,25,147,1,1,5,Lost,None,None,-13.63,16.76,0,2,0,0,1,0,0,0,2,2,0,2,2,2,2,0,2,0,2,2,2,,
68,BetsyRaderOH,25,148,1,0,5,Advanced,None,On the Ballot,-11.98,100.0,1,2,0,0,0,0,0,0,1,1,2,2,2,2,2,2,2,2,2,2,2,,
624,Rick_Neal,25,149,1,0,5,Advanced,None,On the Ballot,-15.48,63.540001000000004,1,2,0,1,0,0,0,0,2,2,1,2,2,2,2,2,2,2,2,2,2,,
631,robjarvis4ohio,25,149,1,0,5,Lost,None,None,-15.48,36.459998999999996,0,2,0,0,0,0,0,0,2,2,0,2,2,2,2,2,2,2,2,2,2,,
1,godfreap,25,150,1,0,5,Lost,None,None,-17.030001000000002,7.9099998,0,2,0,0,0,0,1,0,2,2,1,2,2,2,1,2,2,2,2,2,2,,
1,GodfreyForOH16,25,150,1,0,5,Lost,None,None,-17.030001000000002,7.9099998,0,2,0,0,0,0,1,0,2,2,1,2,2,2,1,2,2,2,2,2,2,,
257,GGGoodrich,25,150,1,0,5,Lost,None,None,-17.030001000000002,28.059998999999998,0,2,1,0,0,0,0,0,2,2,1,2,2,2,0,2,2,2,2,2,2,,
381,,25,150,1,0,5,Lost,None,None,-17.030001000000002,4.48,0,2,0,0,0,0,0,0,2,2,0,2,2,2,0,2,2,2,2,2,2,,
501,MDent4Congress,25,150,1,0,5,Lost,None,None,-17.030001000000002,9.380000099999998,0,2,1,0,0,0,0,0,2,2,0,2,2,2,0,2,2,2,2,2,2,,
710,SusanPalmerOH,25,150,1,0,5,Advanced,None,On the Ballot,-17.030001000000002,34.630001,1,2,0,0,0,0,0,0,2,2,1,2,2,2,0,2,2,2,2,2,2,,
717,TJMulloyOH,25,150,1,0,5,Lost,None,None,-17.030001000000002,15.54,0,1,0,0,0,0,0,0,2,2,0,2,2,2,0,2,2,2,2,2,2,,
308,VoteEverhard,25,151,1,0,5,Lost,None,None,-17.360001,34.400002,0,2,0,0,0,0,0,0,2,2,1,2,2,2,2,2,2,2,2,2,2,,
347,Vote4Schiller,25,151,1,0,5,Advanced,None,On the Ballot,-17.360001,54.200001,1,2,0,0,0,0,0,1,2,2,1,2,2,2,2,2,2,2,2,2,2,,
347,jillschill,25,151,1,0,5,Advanced,None,On the Ballot,-17.360001,54.200001,1,2,0,0,0,0,0,1,2,2,1,2,2,2,2,2,2,2,2,2,2,,
781,,25,151,1,0,5,Lost,None,None,-17.360001,11.4,0,2,0,0,0,0,0,0,2,2,0,2,2,2,2,2,2,2,2,2,2,,
131,,25,152,1,0,5,Lost,None,None,-31.23,16.15,0,2,0,0,0,0,1,0,2,2,0,2,2,2,2,2,2,2,2,2,2,,
309,Janet4OH,25,152,1,0,5,Advanced,None,On the Ballot,-31.23,83.849998,1,2,0,0,0,0,0,0,2,2,1,2,2,2,2,2,2,2,2,2,2,,
298,Neu4Congress,25,153,1,0,5,Lost,None,None,-23.809998999999998,26.700001,0,2,0,0,0,0,0,0,2,2,1,2,2,2,2,2,2,2,2,2,2,,
372,OH5forGalbraith,25,153,1,0,5,Advanced,None,On the Ballot,-23.809998999999998,73.199997,1,2,0,0,0,0,0,0,2,2,0,2,2,2,2,2,2,2,2,2,2,,
678,RobertsOhioD6,25,154,1,0,5,Advanced,None,On the Ballot,-37.610001000000004,74.5,1,2,0,0,0,0,0,0,2,2,2,2,2,2,2,2,2,1,2,2,2,,
775,lange4congress,25,154,1,0,5,Lost,None,None,-37.610001000000004,25.5,0,2,0,0,0,0,0,0,2,2,2,2,2,2,2,2,2,0,2,2,2,,
429,Team_Harbaugh,25,155,1,0,5,Advanced,None,On the Ballot,-27.18,80.199997,1,2,1,0,0,0,0,0,1,2,0,2,2,2,2,2,2,2,2,1,2,,
573,,25,155,1,0,5,Lost,None,None,-27.18,19.799999,0,2,0,0,0,0,0,0,0,2,0,2,2,2,2,2,2,2,2,0,2,,
71,bill_ebben,25,156,1,0,5,Lost,None,None,-34.779999,12.18,0,2,1,0,0,0,0,0,2,2,0,2,2,2,2,2,2,2,2,2,2,,
522,,25,156,1,0,5,Lost,None,None,-34.779999,13.63,0,2,0,1,0,0,0,0,2,2,0,2,2,2,2,2,2,2,2,2,2,,
727,TJones4Congress,25,156,1,0,5,Lost,None,None,-34.779999,16.280001000000002,0,2,0,0,0,0,0,0,2,2,0,2,2,2,2,2,2,2,2,2,2,,
760,DrVEnoch,25,156,1,0,5,Advanced,None,On the Ballot,-34.779999,57.91,1,0,0,0,0,0,0,0,2,2,1,2,2,2,2,2,2,2,2,2,2,,
134,ConstanceForOH,26,16,0,0,7,Lost,None,None,-38.209998999999996,38.619999,0,0,0,0,1,0,0,0,2,2,2,2,2,2,1,2,2,2,2,2,2,,
198,DrewForOklahoma,26,16,0,0,7,Advanced,None,On the Ballot,-38.209998999999996,61.380001,1,1,1,0,1,0,0,0,2,2,2,2,2,2,0,2,2,2,2,2,2,,
29,Amanda4Congress,26,157,1,0,7,Advanced,On the Ballot,,-31.959999,32.41,2,2,0,0,0,0,0,0,2,2,1,2,2,2,2,2,2,2,2,2,2,,
169,,26,157,1,0,7,Lost,None,,-31.959999,5.02,2,2,0,0,0,0,0,0,2,2,0,2,2,2,2,2,2,2,2,2,2,,
268,Cd1Gwen,26,157,1,0,7,Lost,None,,-31.959999,19.620001000000002,2,2,0,0,0,0,0,0,2,2,0,2,2,2,2,2,2,2,2,2,2,,
505,Keeter4Congress,26,157,1,0,7,Lost,None,,-31.959999,8.46,2,2,0,0,0,0,0,0,2,2,0,2,2,2,2,2,2,2,2,2,2,,
736,Gilpin4Congress,26,157,1,0,7,Advanced,On the Ballot,,-31.959999,34.48,2,2,0,0,0,0,0,0,2,2,0,2,2,2,2,2,2,2,2,2,2,,
129,Claypadgett2,26,158,1,0,7,Advanced,On the Ballot,,-49.009997999999996,24.23,2,2,1,0,0,0,0,0,2,2,2,2,2,2,2,2,2,2,2,2,2,,
211,EliForCongress,26,158,1,0,7,Lost,None,,-49.009997999999996,19.02,2,0,1,0,0,0,0,0,2,2,2,2,2,2,2,2,2,2,2,2,2,,
317,jmnichols75,26,158,1,0,7,Advanced,On the Ballot,,-49.009997999999996,37.880001,2,0,0,0,1,0,1,0,2,2,2,2,2,2,2,2,2,2,2,2,2,,
317,jn4ush,26,158,1,0,7,Advanced,On the Ballot,,-49.009997999999996,37.880001,2,0,0,0,1,0,1,0,2,2,2,2,2,2,2,2,2,2,2,2,2,,
768,,26,158,1,0,7,Lost,None,,-49.009997999999996,18.860001,2,2,0,0,0,0,0,0,2,2,2,2,2,2,2,2,2,2,2,2,2,,
236,RobbinsforOK,26,159,1,0,7,Advanced,None,On the Ballot,-54.009997999999996,64.839996,1,2,0,0,0,0,1,0,2,2,2,2,2,2,2,2,2,2,2,2,2,,
554,murray4congress,26,159,1,0,7,Lost,None,None,-54.009997999999996,35.16,0,2,0,0,0,0,1,0,2,2,2,2,2,2,2,2,2,2,2,2,2,,
554,MurrayThibodeau,26,159,1,0,7,Lost,None,None,-54.009997999999996,35.16,0,2,0,0,0,0,1,0,2,2,2,2,2,2,2,2,2,2,2,2,2,,
237,gipson4congress,26,160,1,0,7,Advanced,On the Ballot,,-39.130001,30.360001,2,2,1,0,1,0,0,0,2,2,2,2,2,2,2,2,2,2,2,2,2,,
492,,26,160,1,0,7,Lost,None,,-39.130001,18.610001,2,2,0,0,0,0,0,0,2,2,2,2,2,2,2,2,2,2,2,2,2,,
512,ElectBrannon,26,160,1,0,7,Advanced,On the Ballot,,-39.130001,34.360001000000004,2,2,0,0,0,0,0,0,2,2,2,2,2,2,2,2,2,2,2,2,2,,
654,,26,160,1,0,7,Lost,None,,-39.130001,16.67,2,2,0,0,0,0,0,0,2,2,2,2,2,2,2,2,2,2,2,2,2,,
205,eddiep00,26,161,1,0,7,Lost,None,,-17.18,10.63,2,2,0,0,0,0,0,0,2,2,2,2,2,2,2,2,2,2,2,2,2,,
215,ElysabethBritt,26,161,1,0,7,Lost,None,,-17.18,13.51,2,2,1,1,0,0,0,0,2,2,2,2,2,2,2,2,2,2,2,2,2,,
432,RepKendraHorn,26,161,1,0,7,Advanced,On the Ballot,,-17.18,43.84,2,2,0,0,0,0,0,0,2,2,2,2,2,2,2,2,2,2,2,2,2,,
432,HornForCongress,26,161,1,0,7,Advanced,On the Ballot,,-17.18,43.84,2,2,0,0,0,0,0,0,2,2,2,2,2,2,2,2,2,2,2,2,2,,
461,Leona_CD5OK,26,161,1,0,7,Lost,None,,-17.18,8.4200001,2,2,0,0,0,0,0,0,2,2,2,2,2,2,2,2,2,2,2,2,2,,
746,guild4congress,26,161,1,0,7,Advanced,On the Ballot,,-17.18,17.91,2,2,0,0,0,0,0,0,2,2,2,2,2,2,2,2,2,2,2,2,2,,
756,,26,161,1,0,7,Lost,None,,-17.18,5.6900001,2,2,0,1,0,0,0,0,2,2,2,2,2,2,2,2,2,2,2,2,2,,
218,EricBurnetteOR,27,162,1,0,3,Lost,None,None,-21.68,4.619999900000001,0,2,0,0,0,0,0,0,2,2,2,2,2,2,1,2,2,2,1,2,2,,
303,JamieforOregon,27,162,1,0,3,Advanced,None,On the Ballot,-21.68,42.82,1,1,0,1,1,0,1,0,2,2,2,2,2,2,2,2,2,1,2,2,2,,
328,,27,162,1,0,3,Lost,None,None,-21.68,23.68,0,0,0,0,0,0,0,0,2,2,2,2,2,2,2,2,2,2,2,2,2,,
348,jim_crary,27,162,1,0,3,Lost,None,None,-21.68,11.44,0,2,1,0,0,0,0,0,2,2,2,2,2,2,2,2,2,2,2,2,2,,
532,congressmanbyr2,27,162,1,0,3,Lost,None,None,-21.68,4.3000002,0,2,0,0,0,0,0,0,2,2,2,2,2,2,2,2,2,2,2,2,2,,
608,RazMason,27,162,1,0,3,Lost,None,None,-21.68,5.3000002,0,2,1,0,0,0,1,0,2,2,2,2,2,2,2,2,2,2,2,2,2,,
739,,27,162,1,0,3,Lost,None,None,-21.68,5.8600001,0,2,0,0,0,0,0,0,2,2,2,2,2,2,2,2,2,2,2,2,2,,
600,RachelReddick,28,163,1,0,3,Lost,None,None,-0.63,35.330002,0,1,1,0,0,0,0,0,2,1,1,2,2,2,2,2,2,2,2,1,2,,
668,ScottWallacePA,28,163,1,0,3,Advanced,None,On the Ballot,-0.63,56.48,1,1,0,0,0,1,0,0,2,2,1,2,2,2,2,2,2,2,2,2,2,,
692,SteveBacher,28,163,1,0,3,Lost,None,None,-0.63,8.1899996,0,1,0,0,0,0,0,0,2,2,1,2,2,2,2,2,2,2,2,2,2,,
17,HoweDefendsUSA,28,164,1,0,3,Lost,None,None,-10.86,10.81,0,1,1,0,0,0,0,0,2,2,2,2,2,2,2,2,2,2,2,2,2,,
219,DrEricDing,28,164,1,0,3,Lost,None,None,-10.86,17.99,0,0,0,0,0,0,1,0,2,2,2,2,2,2,2,2,2,2,2,2,2,,
249,GScott4Congress,28,164,1,0,3,Advanced,None,On the Ballot,-10.86,36.330002,1,1,1,0,0,0,0,0,2,2,2,2,2,2,2,2,2,2,2,2,2,,
677,SCJ4PA,28,164,1,0,3,Lost,None,None,-10.86,34.869999,0,0,0,0,0,0,0,1,2,1,2,2,2,2,2,2,2,2,2,2,2,,
343,jessforcongress,28,165,1,0,3,Advanced,None,On the Ballot,-27.51,100.0,1,1,0,0,0,0,0,0,2,2,2,2,2,1,1,1,2,2,1,2,2,,
404,JudyHerschel,28,166,1,0,3,Lost,None,None,-36.009997999999996,49.610001000000004,0,1,0,0,0,0,0,0,2,2,2,2,2,2,2,2,2,2,2,2,2,,
493,MarcForPA,28,166,1,0,3,Advanced,None,On the Ballot,-36.009997999999996,50.389998999999996,1,1,0,0,0,0,1,0,2,2,1,2,2,2,2,2,2,2,2,2,2,,
86,BrentforPA13,28,167,1,0,3,Advanced,None,On the Ballot,-45.43,100.0,1,1,0,0,0,0,0,0,2,2,2,2,2,2,2,2,2,2,2,2,2,,
11,SedlockCampaign,28,168,1,0,3,Lost,None,None,-28.709999,23.879998999999998,0,1,0,0,0,0,1,0,2,2,2,2,2,2,2,2,2,2,2,2,2,,
70,Boerio4Congress,28,168,1,0,3,Advanced,None,On the Ballot,-28.709999,43.200001,1,1,0,0,0,0,1,0,2,2,2,2,2,2,2,2,2,2,2,2,2,,
640,SolomonPA14,28,168,1,0,3,Lost,None,None,-28.709999,19.040001,0,1,0,0,0,0,1,0,2,2,2,2,2,2,2,2,2,2,2,2,2,,
750,Prigg4Pa,28,168,1,0,3,Lost,None,None,-28.709999,13.89,0,1,1,0,0,0,1,0,2,2,2,2,2,2,2,2,2,2,2,2,2,,
709,BoserforPA,28,169,1,0,3,Advanced,None,On the Ballot,-41.73,74.559998,1,1,0,0,0,0,0,0,2,2,2,2,2,2,2,2,2,2,2,2,2,,
771,Jodun_for_PA5th,28,169,1,0,3,Lost,None,None,-41.73,25.440001000000002,0,1,0,0,0,0,1,0,2,2,2,2,2,2,2,2,2,2,2,2,2,,
115,RiegerForPA,28,170,1,0,3,Lost,None,None,-18.73,24.92,0,1,0,0,0,0,0,0,2,2,2,2,2,2,2,2,2,2,2,2,2,,
639,,28,170,1,0,3,Lost,None,None,-18.73,15.11,0,2,0,0,0,0,1,0,2,2,2,2,2,2,2,2,2,2,2,2,2,,
650,Ron_Dinicola,28,170,1,0,3,Advanced,None,On the Ballot,-18.73,59.970001,1,2,1,0,0,0,0,0,2,2,2,2,2,2,2,2,2,2,2,2,2,,
356,Hoeffel4PAGov,28,171,1,0,3,Lost,None,None,15.27,10.96,0,1,0,0,1,0,0,0,2,2,2,2,2,2,2,2,2,2,2,2,2,,
356,joehoeffel,28,171,1,0,3,Lost,None,None,15.27,10.96,0,1,0,0,1,0,0,0,2,2,2,2,2,2,2,2,2,2,2,2,2,,
486,mad4pa,28,171,1,0,3,Advanced,None,On the Ballot,15.27,72.559998,1,1,0,0,1,0,0,0,2,1,1,2,2,2,2,2,2,2,2,2,2,,
679,SJGoodman,28,171,1,0,3,Lost,None,None,15.27,16.49,0,1,0,0,0,0,0,0,2,2,2,2,2,2,2,2,2,2,2,2,2,,
57,ALunkenheimerPA,28,172,1,0,3,Lost,None,None,25.540001,15.31,0,1,0,1,0,0,0,0,2,2,2,2,2,2,2,2,2,2,2,2,2,,
263,GregVitali,28,172,1,0,3,Lost,None,None,25.540001,9.430000300000001,0,1,0,0,1,0,0,0,2,2,2,2,2,2,2,2,2,2,2,2,2,,
263,Vitali4Congress,28,172,1,0,3,Lost,None,None,25.540001,9.430000300000001,0,1,0,0,1,0,0,0,2,2,2,2,2,2,2,2,2,2,2,2,2,,
449,electlarryarata,28,172,1,0,3,Lost,None,None,25.540001,1.52,0,1,0,0,0,0,0,0,2,2,2,2,2,2,2,2,2,2,2,2,2,,
472,lindyli,28,172,1,0,3,Lost,None,None,25.540001,6.98,0,0,0,0,0,0,0,0,2,2,2,2,2,2,2,2,2,2,2,2,2,,
497,RepMargoDavidso,28,172,1,0,3,Lost,None,None,25.540001,3.98,0,0,0,0,1,0,0,0,2,2,1,2,2,2,2,2,2,2,2,2,2,,
497,RepDavidson,28,172,1,0,3,Lost,None,None,25.540001,3.98,0,0,0,0,1,0,0,0,2,2,1,2,2,2,2,2,2,2,2,2,2,,
513,RepMGS,28,172,1,0,3,Advanced,None,On the Ballot,25.540001,28.370001000000002,1,1,0,0,1,0,0,0,2,2,2,2,2,2,2,2,2,2,2,2,2,,
513,marygayscanlon,28,172,1,0,3,Advanced,None,On the Ballot,25.540001,28.370001000000002,1,1,0,0,1,0,0,0,2,2,2,2,2,2,2,2,2,2,2,2,2,,
553,pennsymolly,28,172,1,0,3,Lost,None,None,25.540001,10.24,0,1,0,0,0,0,1,0,2,2,1,2,2,2,1,2,2,2,2,2,2,,
619,RichLazerPHL,28,172,1,0,3,Lost,None,None,25.540001,14.99,0,2,2,2,2,0,2,0,2,2,2,2,2,2,2,2,2,2,2,2,2,,
729,,28,172,1,0,3,Lost,None,None,25.540001,3.99,0,0,0,0,1,0,0,0,2,2,2,2,2,2,2,2,2,2,2,2,2,,
732,twright8471,28,172,1,0,3,Lost,None,None,25.540001,5.1900001,0,0,0,0,0,0,0,0,2,2,2,2,2,2,2,2,2,2,2,2,2,,
117,HoulahanForPa,28,173,1,0,3,Advanced,None,On the Ballot,5.2399998,100.0,1,1,1,0,0,0,1,0,1,1,2,2,2,2,2,2,2,2,2,1,2,,
163,RepDavidTClark,28,174,1,0,3,Lost,None,None,0.07,1.7,0,1,0,0,0,0,0,0,2,2,2,2,2,2,2,2,2,2,2,2,0,,
261,edwardsforpa,28,174,1,0,3,Lost,None,None,0.07,25.43,0,0,0,0,0,0,0,0,2,2,2,2,2,1,2,1,1,2,1,2,0,,
373,johnmorganelli,28,174,1,0,3,Lost,None,None,0.07,30.15,0,1,0,0,1,0,0,0,2,2,2,2,2,2,2,2,2,2,2,2,1,,
622,Daugherty2016,28,174,1,0,3,Lost,None,None,0.07,3.8599998999999996,0,1,0,0,0,0,0,0,2,2,2,2,2,2,2,2,2,2,2,2,0,,
646,rugglesforPA7,28,174,1,0,3,Lost,None,None,0.07,5.4099998,0,1,1,0,0,0,1,0,2,2,2,2,2,2,2,2,2,2,2,2,0,,
711,wildforcongress,28,174,1,0,3,Advanced,None,On the Ballot,0.07,33.450001,1,1,0,0,0,0,0,0,2,1,2,2,2,2,2,2,2,2,2,2,0,,
711,RepSusanWild,28,174,1,0,3,Advanced,None,On the Ballot,0.07,33.450001,1,1,0,0,0,0,0,0,2,1,2,2,2,2,2,2,2,2,2,2,0,,
183,DennyforPA,28,175,1,0,3,Advanced,None,On the Ballot,-32.029999,40.549999,1,1,0,0,0,0,0,0,2,2,2,2,2,2,2,2,2,2,2,2,2,,
242,DrGaryWegman,28,175,1,0,3,Lost,None,None,-32.029999,31.290001,0,1,0,0,0,0,1,0,2,2,2,2,2,2,2,2,2,2,2,2,2,,
242,GWforCongress,28,175,1,0,3,Lost,None,None,-32.029999,31.290001,0,1,0,0,0,0,1,0,2,2,2,2,2,2,2,2,2,2,2,2,2,,
456,electlauraquick,28,175,1,0,3,Lost,None,None,-32.029999,28.16,0,1,0,0,0,0,0,0,2,2,1,2,2,2,2,2,2,2,2,2,2,,
300,JamesSmithSC,29,17,0,0,6,Advanced,None,On the Ballot,-15.85,61.810001,1,1,1,0,0,0,0,0,2,2,1,2,2,2,2,1,2,2,2,1,2,,
300,JamesSmithforSC,29,17,0,0,6,Advanced,None,On the Ballot,-15.85,61.810001,1,1,1,0,0,0,0,0,2,2,1,2,2,2,2,1,2,2,2,1,2,,
498,WillisGov,29,17,0,0,6,Lost,None,None,-15.85,27.549999,0,1,0,0,0,1,0,0,2,2,2,2,2,2,2,2,2,2,2,2,2,,
498,Marg_Willis,29,17,0,0,6,Lost,None,None,-15.85,27.549999,0,1,0,0,0,1,0,0,2,2,2,2,2,2,2,2,2,2,2,2,2,,
596,Charleston,29,17,0,0,6,Lost,None,None,-15.85,10.64,0,1,0,0,0,0,1,1,2,2,2,2,2,2,2,2,2,2,2,2,2,,
355,JoeCunninghamSC,29,176,1,0,6,Advanced,None,On the Ballot,-16.879998999999998,71.5,1,1,0,0,0,0,1,0,2,2,2,2,2,2,2,2,2,2,2,2,2,,
742,TobySensus,29,176,1,0,6,Lost,None,None,-16.879998999999998,28.5,0,0,0,0,0,0,0,0,2,2,2,2,2,2,2,2,2,2,2,2,2,,
45,Annabelle4SC,29,177,1,0,6,Advanced,Lost,None,-20.73,41.810001,0,1,0,0,0,0,0,0,2,2,1,2,2,2,1,2,2,2,2,2,2,,
594,,29,177,1,0,6,Lost,None,None,-20.73,18.370001000000002,0,1,0,0,0,0,0,0,2,2,2,2,2,2,2,2,2,2,2,2,2,,
669,VoteCarrigan,29,177,1,0,6,Advanced,Advanced,On the Ballot,-20.73,39.82,1,1,1,0,0,0,0,0,2,2,2,2,2,2,2,2,2,2,2,2,2,,
281,ClevelandHosea,29,178,1,0,6,Lost,None,None,-38.68,30.27,0,0,1,0,0,0,1,0,2,2,2,2,2,2,2,2,2,2,2,2,2,,
514,MaryGeren,29,178,1,0,6,Advanced,None,On the Ballot,-38.68,69.730003,1,1,0,0,0,0,0,0,2,2,2,2,2,2,1,2,2,2,2,2,2,,
82,brown_congress,29,179,1,0,6,Advanced,Advanced,On the Ballot,-28.309998999999998,28.469998999999998,1,0,0,0,0,0,0,0,2,2,2,2,2,2,2,2,2,2,2,2,2,,
192,VoteLeeTurner,29,179,1,0,6,Advanced,Lost,None,-28.309998999999998,29.459999,0,1,0,0,0,0,0,0,2,2,2,2,2,2,1,2,2,2,1,2,2,,
220,,29,179,1,0,6,Lost,None,None,-28.309998999999998,25.719998999999998,0,1,0,0,0,0,0,0,2,2,2,2,2,2,2,2,2,2,2,2,2,,
288,JTDforCongress,29,179,1,0,6,Lost,None,None,-28.309998999999998,7.219999799999999,0,1,0,0,0,0,1,0,2,2,2,2,2,2,2,2,2,2,2,2,2,,
779,wmorin,29,179,1,0,6,Lost,None,None,-28.309998999999998,9.130000099999998,0,1,0,0,0,0,0,0,2,2,2,2,2,2,2,2,2,2,2,2,2,,
52,archie4congress,29,180,1,0,6,Advanced,None,On the Ballot,-19.280001000000002,59.959998999999996,1,1,0,0,0,0,0,0,0,2,1,2,2,2,2,2,2,2,2,2,2,,
500,CongressAli,29,180,1,0,6,Lost,None,None,-19.280001000000002,13.41,0,0,0,0,0,0,0,0,2,2,0,2,2,2,2,2,2,2,2,2,2,,
685,,29,180,1,0,6,Lost,None,None,-19.280001000000002,17.17,0,0,0,0,0,0,0,0,2,2,2,2,2,2,2,2,2,2,2,2,2,,
694,Clown4Congress,29,180,1,0,6,Lost,None,None,-19.280001000000002,9.46,0,1,0,0,0,0,0,0,2,2,2,2,2,2,2,2,2,2,2,2,2,,
73,BillHopkinsSC,29,181,1,0,6,Lost,None,None,-19.23,17.780001000000002,0,1,0,0,0,0,0,0,2,2,1,2,2,2,0,2,2,2,2,2,2,,
94,DrBruceFischer,29,181,1,0,6,Lost,None,None,-19.23,11.22,0,1,1,0,0,0,1,0,2,2,0,2,2,2,0,2,2,2,2,2,2,,
490,Mal4Congress,29,181,1,0,6,Advanced,Lost,None,-19.23,29.700001,0,1,0,0,0,0,0,0,2,2,1,2,2,2,1,2,2,2,2,2,2,,
641,RepRQWilliams,29,181,1,0,6,Advanced,Advanced,On the Ballot,-19.23,41.299999,1,0,1,0,1,0,0,0,2,2,0,2,2,2,0,2,2,2,2,2,2,,
641,RobertQWilliam1,29,181,1,0,6,Advanced,Advanced,On the Ballot,-19.23,41.299999,1,0,1,0,1,0,0,0,2,2,0,2,2,2,0,2,2,2,2,2,2,,
75,billiehsutton,30,18,0,0,8,Advanced,None,On the Ballot,-29.379998999999998,100.0,1,1,0,0,0,0,0,0,2,2,2,2,2,2,2,2,2,2,2,2,2,,
738,TimBjorkmanSD,30,182,1,0,8,Advanced,None,On the Ballot,-29.379998999999998,100.0,1,1,0,0,1,0,0,0,2,2,2,2,2,2,2,2,2,2,2,2,2,,
138,craigfitzhugh,31,19,0,0,9,Lost,None,None,-27.139999,19.42,0,1,1,0,1,1,0,0,2,2,2,2,2,2,1,2,2,1,2,2,2,,
416,KarlFDean,31,19,0,0,9,Advanced,None,On the Ballot,-27.139999,75.139999,1,1,0,0,1,1,0,0,2,2,2,2,2,2,0,2,2,0,2,2,2,,
529,MeziannePayne,31,19,0,0,9,Lost,None,None,-27.139999,5.4400001,0,1,0,0,0,0,0,0,2,2,2,2,2,2,0,2,2,0,2,2,2,,
510,,31,183,1,0,9,Advanced,None,On the Ballot,-57.029999,100.0,1,1,0,0,0,0,1,0,2,2,2,2,2,2,2,2,2,2,2,2,2,,
389,,31,184,1,0,9,Lost,None,None,-38.18,4.5100002,0,2,2,2,2,0,2,0,2,2,0,2,2,2,0,2,2,0,2,2,2,,
399,Joshua4Congress,31,184,1,0,9,Lost,None,None,-38.18,23.08,0,1,0,0,0,0,1,0,2,2,1,2,2,2,0,2,2,0,2,2,2,,
612,Hoyos4Congress,31,184,1,0,9,Advanced,None,On the Ballot,-38.18,72.410004,1,1,0,0,0,0,0,0,2,2,1,2,2,2,1,2,2,1,2,2,2,,
153,DMMD4TNCongress ,31,185,1,0,9,Advanced,None,On the Ballot,-35.98,100.0,1,1,0,0,0,0,1,0,2,2,2,2,2,2,2,2,2,1,2,2,2,,
124,chrisjollyhale,31,186,1,0,9,Lost,None,None,-41.48,34.720001,0,1,0,0,0,0,0,1,2,2,2,2,2,2,2,2,2,0,2,2,2,,
499,Mariah4Congress,31,186,1,0,9,Advanced,None,On the Ballot,-41.48,47.509997999999996,1,1,0,0,0,0,0,0,2,2,2,2,2,2,2,2,2,1,2,2,2,,
499,MariahNPhillips,31,186,1,0,9,Advanced,None,On the Ballot,-41.48,47.509997999999996,1,1,0,0,0,0,0,0,2,2,2,2,2,2,2,2,2,1,2,2,2,,
705,Reynolds4Rep,31,186,1,0,9,Lost,None,None,-41.48,17.77,0,1,0,0,0,0,0,0,2,2,2,2,2,2,2,2,2,0,2,2,2,,
123,,31,187,1,0,9,Lost,None,None,-49.110001000000004,15.06,0,2,2,2,2,0,2,0,2,2,0,2,2,2,2,2,2,0,2,2,2,,
174,Barlow4Congress,31,187,1,0,9,Advanced,None,On the Ballot,-49.110001000000004,54.509997999999996,1,1,0,0,0,0,1,0,2,2,1,2,2,2,2,2,2,0,2,2,2,,
528,MerrileeMW,31,187,1,0,9,Lost,None,None,-49.110001000000004,22.059998999999998,0,1,0,0,0,0,0,0,2,2,0,2,2,2,2,2,2,1,2,2,2,,
528,MerrileeforTN,31,187,1,0,9,Lost,None,None,-49.110001000000004,22.059998999999998,0,1,0,0,0,0,0,0,2,2,0,2,2,2,2,2,2,1,2,2,2,,
589,,31,187,1,0,9,Lost,None,None,-49.110001000000004,8.369999900000002,0,2,2,2,2,0,2,0,2,2,0,2,2,2,2,2,2,0,2,2,2,,
409,Kanew,31,188,1,0,9,Advanced,None,On the Ballot,-40.209998999999996,62.110001000000004,1,1,0,0,0,0,0,0,2,2,1,2,2,2,2,2,2,1,2,2,2,,
521,,31,188,1,0,9,Lost,None,None,-40.209998999999996,37.889998999999996,0,1,1,0,0,0,0,0,2,2,0,2,2,2,2,2,2,0,2,2,2,,
226,erika_stotts,31,189,1,0,9,Advanced,None,On the Ballot,-37.560001,50.419998,1,0,0,0,0,0,0,0,2,2,2,2,2,2,2,2,2,0,2,2,2,,
362,VoteBoatner,31,189,1,0,9,Lost,None,None,-37.560001,49.580002,0,1,0,0,0,0,0,0,2,2,2,2,2,2,2,2,2,1,2,2,2,,
241,garydav07670901,31,235,2,0,9,Lost,None,None,-27.139999,5.2800002,0,2,2,2,2,0,2,0,2,2,2,0,2,2,2,2,2,2,2,2,2,,
382,JohnWolfeTN,31,235,2,0,9,Lost,None,None,-27.139999,3.21,0,1,0,0,0,0,0,0,2,2,2,0,2,2,2,2,2,2,2,2,2,,
595,PhilBredesen,31,235,2,0,9,Advanced,None,On the Ballot,-27.139999,91.510002,1,1,0,0,1,1,0,0,2,2,2,1,2,2,2,2,2,2,2,2,2,,
13,TxReason,32,20,0,0,2,Lost,None,None,-13.23,4.4000001,0,0,0,0,0,0,0,0,2,2,2,2,2,2,2,2,2,2,2,2,2,,
39,randrewwhite,32,20,0,0,2,Advanced,Lost,None,-13.23,27.4,0,1,0,0,0,1,0,0,2,2,1,2,2,2,2,2,2,2,2,2,2,,
104,Cedric4Texas,32,20,0,0,2,Lost,None,None,-13.23,8.2399998,0,0,0,0,1,0,0,0,2,2,2,2,2,2,2,2,2,2,2,2,2,,
256,,32,20,0,0,2,Lost,None,None,-13.23,5.369999900000001,0,0,0,0,0,0,0,0,2,2,2,2,2,2,2,2,2,2,2,2,2,,
296,,32,20,0,0,2,Lost,None,None,-13.23,2.1500001,0,1,0,0,0,0,0,0,2,2,2,2,2,2,2,2,2,2,2,2,2,,
325,Jeffrey4Texas,32,20,0,0,2,Lost,None,None,-13.23,4.75,0,1,0,1,0,0,0,0,2,2,2,2,2,2,2,2,2,2,2,2,2,,
358,realjoemumbach,32,20,0,0,2,Lost,None,None,-13.23,1.36,0,1,0,0,0,0,0,0,2,2,2,2,2,2,2,2,2,2,2,2,2,,
482,LupeValdez,32,20,0,0,2,Advanced,Advanced,On the Ballot,-13.23,42.91,1,0,1,1,1,0,0,0,2,2,0,2,2,2,2,2,2,2,2,2,2,,
735,TexansforTom,32,20,0,0,2,Lost,None,None,-13.23,3.4100001000000004,0,1,1,0,0,0,0,0,2,2,2,2,2,2,2,2,2,2,2,2,2,,
85,beal2018,32,190,1,0,2,Lost,None,None,-48.73,38.959998999999996,0,1,0,0,0,0,0,0,2,2,2,2,2,2,1,2,2,2,2,2,2,,
682,MckellarShirley,32,190,1,0,2,Advanced,None,On the Ballot,-48.73,61.040001000000004,1,0,1,0,0,0,0,0,2,2,2,2,2,2,0,2,2,2,2,2,2,,
682,Vote4McKellar,32,190,1,0,2,Advanced,None,On the Ballot,-48.73,61.040001000000004,1,0,1,0,0,0,0,0,2,2,2,2,2,2,0,2,2,2,2,2,2,,
438,NelsonForTexas,32,191,1,0,2,Lost,None,None,-14.43,4.1199999,0,1,0,0,0,0,0,0,2,2,2,2,2,2,2,2,2,2,2,2,2,,
487,edenfortexas,32,191,1,0,2,Lost,None,None,-14.43,14.27,0,1,0,1,0,0,1,0,2,2,2,2,2,2,2,2,2,2,2,2,2,,
519,Matt4TX10,32,191,1,0,2,Lost,None,None,-14.43,7.320000200000001,0,1,0,0,0,0,1,0,2,2,2,2,2,2,2,2,2,2,2,2,2,,
550,SiegelForTexas,32,191,1,0,2,Advanced,Advanced,On the Ballot,-14.43,40.0,1,1,0,0,0,0,0,0,2,2,1,2,2,2,1,2,2,2,2,2,2,,
723,WalkerforTx10,32,191,1,0,2,Lost,None,None,-14.43,15.56,0,1,0,0,0,0,0,0,2,2,2,2,2,2,2,2,2,2,2,2,2,,
726,Cadien4Congress,32,191,1,0,2,Advanced,Lost,None,-14.43,17.959999,0,0,0,0,0,0,0,0,2,2,1,2,2,2,2,2,2,2,2,2,2,,
222,EBPfalzgraf ,32,192,1,0,2,Lost,None,None,-61.459998999999996,17.09,0,1,0,0,0,0,0,0,2,2,2,2,2,2,2,2,2,2,2,2,2,,
326,JennieLouLeeder ,32,192,1,0,2,Advanced,None,On the Ballot,-61.459998999999996,82.910004,1,1,0,0,0,0,0,0,2,2,2,2,2,2,2,2,2,2,2,2,2,,
758,VanessaAdiaTX12,32,193,1,0,2,Advanced,None,On the Ballot,-33.959998999999996,100.0,1,0,0,0,0,0,0,0,2,2,2,2,2,2,2,1,2,2,2,2,2,,
262,gtsagan,32,194,1,0,2,Advanced,None,On the Ballot,-65.209999,100.0,1,1,1,0,0,0,0,0,2,2,2,2,2,2,2,2,2,2,2,2,2,,
14,AdrBell,32,195,1,0,2,Advanced,None,On the Ballot,-22.33,79.83000200000001,1,0,0,0,0,0,0,1,2,2,2,2,2,2,1,1,2,2,2,2,2,,
467,DrlevyBarnes,32,195,1,0,2,Lost,None,None,-22.33,20.17,0,0,0,0,0,0,0,0,2,2,2,2,2,2,0,0,2,2,2,2,2,,
191,DoriFenenbock,32,196,1,0,2,Lost,None,None,35.419998,21.969998999999998,0,1,0,0,0,1,0,0,2,0,2,2,2,2,0,2,0,2,2,2,2,,
191,votedori,32,196,1,0,2,Lost,None,None,35.419998,21.969998999999998,0,1,0,0,0,1,0,0,2,0,2,2,2,2,0,2,0,2,2,2,2,,
217,Enrique85304785,32,196,1,0,2,Lost,None,None,35.419998,5.329999900000001,0,0,0,0,0,0,0,0,2,0,2,2,2,2,0,2,0,2,2,2,2,,
335,jerome_tilghman,32,196,1,0,2,Lost,None,None,35.419998,2.97,0,0,1,0,0,0,0,0,2,0,2,2,2,2,0,2,0,2,2,2,2,,
364,JohnJCarrillo10,32,196,1,0,2,Lost,None,None,35.419998,1.55,0,0,0,0,0,0,0,0,2,0,2,2,2,2,0,2,0,2,2,2,2,,
561,,32,196,1,0,2,Lost,None,None,35.419998,6.6599998,0,0,0,0,1,0,0,0,2,0,2,2,2,2,0,2,0,2,2,2,2,,
763,vgescobar,32,196,1,0,2,Advanced,None,On the Ballot,35.419998,61.529999,1,0,0,0,1,0,0,0,2,1,2,2,2,2,1,2,1,2,2,2,2,,
140,ManteyDS,32,197,1,0,2,Lost,None,None,-21.33,36.599998,0,1,0,0,0,0,1,0,2,2,2,2,2,2,1,2,2,2,2,2,2,,
623,RickKennedyTX17,32,197,1,0,2,Advanced,None,On the Ballot,-21.33,63.400002,1,1,0,0,0,0,0,0,2,2,2,2,2,2,0,2,2,2,2,2,2,,
545,miguellevario19,32,198,1,0,2,Advanced,None,On the Ballot,-51.43,100.0,1,0,0,0,0,0,0,0,2,2,2,2,2,2,2,2,2,2,2,2,2,,
22,akhoras,32,199,1,0,2,Lost,None,None,-16.33,7.5,0,0,0,1,0,0,1,0,2,2,2,2,2,2,1,0,2,2,2,2,2,,
269,HPForCongress,32,199,1,0,2,Lost,None,None,-16.33,7.9099998,0,0,0,0,0,0,0,0,2,2,2,2,2,2,0,0,2,2,2,2,2,,
354,DarnellTX02,32,199,1,0,2,Lost,None,None,-16.33,22.08,0,0,1,0,0,0,0,0,2,2,2,2,2,2,0,1,2,2,2,2,2,,
686,Silky4Congress,32,199,1,0,2,Lost,None,None,-16.33,9.6999998,0,0,0,0,0,0,0,0,2,2,2,2,2,2,0,0,2,2,2,2,2,,
744,toddlitton,32,199,1,0,2,Advanced,None,On the Ballot,-16.33,52.810001,1,1,0,0,0,0,0,0,2,2,2,2,2,2,0,0,2,2,2,2,2,,
184,derrickcrowe,32,200,1,0,2,Lost,None,None,-15.51,23.049999,0,1,0,0,0,0,0,0,2,2,2,2,2,2,1,1,2,2,2,0,2,,
184,electcrowe,32,200,1,0,2,Lost,None,None,-15.51,23.049999,0,1,0,0,0,0,0,0,2,2,2,2,2,2,1,1,2,2,2,0,2,,
214,McFaddenForTX21,32,200,1,0,2,Lost,None,None,-15.51,17.02,0,1,0,0,0,0,0,0,2,2,2,2,2,2,0,0,2,2,2,0,2,,
387,JosephKopser,32,200,1,0,2,Advanced,Advanced,On the Ballot,-15.51,29.030001000000002,1,1,1,0,0,0,1,0,2,2,1,2,2,2,0,0,2,2,2,1,2,,
387,Kopser4Congress,32,200,1,0,2,Advanced,Advanced,On the Ballot,-15.51,29.030001000000002,1,1,1,0,0,0,1,0,2,2,1,2,2,2,0,0,2,2,2,1,2,,
517,mstreetwilson,32,200,1,0,2,Advanced,Lost,None,-15.51,30.9,0,1,0,1,0,0,1,0,2,2,1,2,2,2,0,1,2,2,2,0,2,,
464,letitiaplummer,32,201,1,0,2,Advanced,Lost,None,-14.81,24.290001,0,0,0,0,0,0,1,0,2,2,0,2,2,2,0,1,2,2,2,2,2,,
495,,32,201,1,0,2,Lost,None,None,-14.81,12.64,0,0,1,0,0,0,0,0,2,2,2,2,2,2,0,0,2,2,2,2,2,,
504,MarkGibsonTX22,32,201,1,0,2,Lost,None,None,-14.81,10.24,0,0,1,0,0,0,0,0,2,2,2,2,2,2,0,0,2,2,2,2,2,,
688,SriPKulkarni,32,201,1,0,2,Advanced,Advanced,On the Ballot,-14.81,31.85,1,0,0,0,0,0,0,0,2,2,1,2,2,2,0,0,2,2,2,2,2,,
693,stevebrowntx,32,201,1,0,2,Lost,None,None,-14.81,20.98,0,0,0,0,0,0,0,0,2,2,2,2,2,2,1,0,2,2,2,2,2,,
44,VillescazAngela,32,202,1,0,2,Lost,None,None,-0.63,9.090000199999999,0,0,0,0,0,0,0,0,2,0,2,2,2,2,0,0,2,2,2,0,2,,
254,GinaOrtizJones,32,202,1,0,2,Advanced,Advanced,On the Ballot,-0.63,41.560001,1,0,1,1,0,0,0,0,1,1,1,2,2,2,0,0,2,2,2,1,2,,
319,jayhulings,32,202,1,0,2,Lost,None,None,-0.63,14.98,0,0,0,0,0,0,0,1,2,0,2,2,2,2,0,0,2,2,2,0,2,,
403,JudyforTexas,32,202,1,0,2,Lost,None,None,-0.63,16.99,0,0,0,0,0,0,0,1,2,0,2,2,2,2,0,0,2,2,2,0,2,,
627,rtrev1984,32,202,1,0,2,Advanced,Lost,None,-0.63,17.379998999999998,0,0,0,0,0,0,0,0,0,0,2,2,2,2,1,1,2,2,2,0,2,,
305,JanMcDowellDEM,32,203,1,0,2,Advanced,None,On the Ballot,-12.78,52.470001,1,1,0,0,0,0,0,0,2,2,1,2,2,2,2,2,2,2,2,2,2,,
361,JohnBiggan,32,203,1,0,2,Lost,None,None,-12.78,21.52,0,1,0,0,0,0,1,0,2,2,2,2,2,2,2,2,2,2,2,2,2,,
361,BigganForTexas,32,203,1,0,2,Lost,None,None,-12.78,21.52,0,1,0,0,0,0,1,0,2,2,2,2,2,2,2,2,2,2,2,2,2,,
393,imhoffjosh,32,203,1,0,2,Lost,None,None,-12.78,6.02,0,1,0,0,0,0,0,0,2,2,2,2,2,2,2,2,2,2,2,2,2,,
743,ToddAllenTX,32,203,1,0,2,Lost,None,None,-12.78,20.0,0,1,0,0,0,0,0,0,2,2,2,2,2,2,2,2,2,2,2,2,2,,
108,panda2018TX,32,204,1,0,2,Lost,None,None,-19.23,9.04,0,0,0,0,0,0,0,0,2,2,2,2,2,2,0,2,2,0,2,2,2,,
114,ChrisPerriTX,32,204,1,0,2,Advanced,Lost,None,-19.23,32.790001000000004,0,1,0,0,0,0,0,0,2,2,1,2,2,2,1,2,2,1,2,2,2,,
407,JulieForTX25,32,204,1,0,2,Advanced,Advanced,On the Ballot,-19.23,26.440001000000002,1,1,0,0,0,0,0,0,2,2,1,2,2,2,0,2,2,0,2,2,2,,
419,,32,204,1,0,2,Lost,None,None,-19.23,21.16,0,1,0,0,0,0,0,0,2,2,2,2,2,2,0,2,2,0,2,2,2,,
776,,32,204,1,0,2,Lost,None,None,-19.23,10.57,0,1,0,0,0,0,0,0,2,2,2,2,2,2,0,2,2,0,2,2,2,,
473,LinseyFaganTX,32,205,1,0,2,Advanced,None,On the Ballot,-31.629998999999998,52.66,1,1,0,0,0,0,0,0,2,2,2,2,2,2,1,1,2,2,2,2,2,,
778,WillFisher4Cong,32,205,1,0,2,Lost,None,None,-31.629998999999998,47.34,0,1,0,0,0,0,0,0,2,2,2,2,2,2,0,0,2,2,2,2,2,,
221,EricHolguinTX,32,206,1,0,2,Advanced,Advanced,On the Ballot,-25.809998999999998,23.299999,1,0,0,1,0,0,0,0,2,2,2,2,2,2,1,2,2,2,2,2,2,,
607,RaulRoyBarrera,32,206,1,0,2,Advanced,Lost,None,-25.809998999999998,41.23,0,0,0,0,0,0,0,0,2,2,2,2,2,2,0,2,2,2,2,2,2,,
652,CongressRonnie,32,206,1,0,2,Lost,None,None,-25.809998999999998,16.389999,0,0,0,0,0,0,0,0,2,2,2,2,2,2,2,2,2,2,2,2,2,,
652,RonnieCMcDonald,32,206,1,0,2,Lost,None,None,-25.809998999999998,16.389999,0,0,0,0,0,0,0,0,2,2,2,2,2,2,2,2,2,2,2,2,2,,
759,vanessaefoster,32,206,1,0,2,Lost,None,None,-25.809998999999998,19.08,0,1,0,1,0,0,0,0,2,2,2,2,2,2,2,2,2,2,2,2,2,,
60,AuggieReyes29,32,207,1,0,2,Lost,None,None,39.970001,2.8299999,0,0,1,0,0,0,0,0,2,0,2,2,2,2,0,2,2,2,2,2,2,,
188,VoteDGarcia,32,207,1,0,2,Lost,None,None,39.970001,2.5799999,0,0,0,0,0,0,0,0,2,0,2,2,2,2,0,0,2,2,2,2,2,,
276,HectorMoralesTX,32,207,1,0,2,Lost,None,None,39.970001,3.04,0,0,0,0,0,0,0,0,2,0,2,2,2,2,1,1,2,2,2,2,2,,
585,vote4pedrov,32,207,1,0,2,Lost,None,None,39.970001,1.04,0,0,0,0,0,0,0,0,2,0,2,2,2,2,0,2,2,2,2,2,2,,
643,Roelgarcialaw,32,207,1,0,2,Lost,None,None,39.970001,6.5900002,0,0,0,0,0,0,0,0,2,0,2,2,2,2,0,2,2,2,2,2,2,,
714,RepSylviaGarcia,32,207,1,0,2,Advanced,None,On the Ballot,39.970001,63.259997999999996,1,0,0,0,1,0,0,0,2,1,2,2,2,2,0,2,2,2,2,2,2,,
714,LaCongresista,32,207,1,0,2,Advanced,None,On the Ballot,39.970001,63.259997999999996,1,0,0,0,1,0,0,0,2,1,2,2,2,2,0,2,2,2,2,2,2,,
720,ceojaved,32,207,1,0,2,Lost,None,None,39.970001,20.67,0,0,0,0,0,1,0,0,2,0,2,2,2,2,0,2,2,2,2,2,2,,
720,Javed4Congress,32,207,1,0,2,Lost,None,None,39.970001,20.67,0,0,0,0,0,1,0,0,2,0,2,2,2,2,0,2,2,2,2,2,2,,
7,voteadambell,32,208,1,0,2,Lost,None,None,-20.709999,17.959999,0,1,0,0,0,0,0,0,2,2,1,2,2,2,2,0,2,2,2,2,2,,
479,LorieB4Congress,32,208,1,0,2,Advanced,Advanced,On the Ballot,-20.709999,49.610001000000004,1,1,0,1,0,0,0,0,2,2,0,2,2,2,2,1,2,2,2,2,2,,
525,MedrickRYhap,32,208,1,0,2,Lost,None,None,-20.709999,3.76,0,0,0,0,0,0,0,0,2,2,0,2,2,2,2,0,2,2,2,2,2,,
662,SamsPressShop,32,208,1,0,2,Advanced,Lost,None,-20.709999,28.68,0,1,0,0,0,0,0,0,2,2,1,2,2,2,2,0,2,2,2,2,2,,
121,DrMann4Congress,32,209,1,0,2,Advanced,Lost,None,-17.379998999999998,33.509997999999996,0,1,0,0,0,0,1,0,2,2,1,2,2,2,1,2,2,2,2,2,2,,
121,DrChristineMann,32,209,1,0,2,Advanced,Lost,None,-17.379998999999998,33.509997999999996,0,1,0,0,0,0,1,0,2,2,1,2,2,2,1,2,2,2,2,2,2,,
435,ElectKentLester,32,209,1,0,2,Lost,None,None,-17.379998999999998,10.32,0,1,1,0,0,0,0,0,2,2,0,2,2,2,0,2,2,2,2,2,2,,
484,mjhegar,32,209,1,0,2,Advanced,Advanced,On the Ballot,-17.379998999999998,44.93,1,1,1,0,0,0,0,0,2,2,0,2,2,2,0,2,2,2,2,2,2,,
547,mcforcongress,32,209,1,0,2,Lost,None,None,-17.379998999999998,11.23,0,1,0,0,0,0,1,0,2,2,0,2,2,2,0,2,2,2,2,2,2,,
88,brett_shipp,32,210,1,0,2,Lost,None,None,-4.98,16.34,0,1,0,0,0,0,0,0,0,0,0,2,2,2,2,2,2,2,2,2,2,,
133,ColinAllredTX,32,210,1,0,2,Advanced,Advanced,On the Ballot,-4.98,38.43,1,0,0,0,0,0,0,1,1,0,1,2,2,2,2,2,2,2,2,2,2,,
203,EdforTX,32,210,1,0,2,Lost,None,None,-4.98,13.7,0,1,0,0,0,0,0,1,0,0,1,2,2,2,2,2,2,2,2,2,2,,
248,George4Texas,32,210,1,0,2,Lost,None,None,-4.98,7.5900002,0,0,0,0,0,0,0,0,0,0,0,2,2,2,2,2,2,2,2,2,2,,
468,Lillian_Salerno,32,210,1,0,2,Advanced,Lost,None,-4.98,18.35,0,1,0,0,0,0,0,1,0,1,0,2,2,2,2,2,2,2,2,2,2,,
649,RonMarshall20,32,210,1,0,2,Lost,None,None,-4.98,3.24,0,1,1,0,0,0,1,0,0,0,0,2,2,2,2,2,2,2,2,2,2,,
745,ToddMaternowski,32,210,1,0,2,Lost,None,None,-4.98,2.3599999,0,1,0,0,0,0,0,0,0,0,0,2,2,2,2,2,2,2,2,2,2,,
175,daynasteele,32,211,1,0,2,Advanced,None,On the Ballot,-49.509997999999996,72.0,1,1,0,0,0,0,0,0,2,2,2,2,2,2,1,2,2,1,2,2,2,,
383,JonPowellTX36,32,211,1,0,2,Lost,None,None,-49.509997999999996,28.0,0,1,0,0,1,0,1,0,2,2,2,2,2,2,0,2,2,0,2,2,2,,
101,Krantz4Congress,32,212,1,0,2,Advanced,None,On the Ballot,-55.029999,68.620003,1,1,0,0,0,0,0,0,2,2,2,2,2,2,2,2,2,2,2,2,2,,
447,,32,212,1,0,2,Lost,None,None,-55.029999,31.379998999999998,0,1,0,0,0,0,0,0,2,2,2,2,2,2,2,2,2,2,2,2,2,,
146,DanWood2020,32,213,1,0,2,Advanced,None,On the Ballot,-31.360001,100.0,1,1,0,0,1,0,0,0,2,2,2,2,2,2,2,2,2,2,2,2,2,,
306,janasanchez,32,214,1,0,2,Advanced,Advanced,On the Ballot,-16.030001000000002,36.900002,1,0,0,0,0,0,0,0,2,2,2,2,2,2,0,2,2,2,2,2,2,,
366,JohnWDuncanTX,32,214,1,0,2,Lost,None,None,-16.030001000000002,13.52,0,1,0,1,0,0,0,0,2,2,2,2,2,2,0,2,2,2,2,2,2,,
366,RepJohnDuncanJr,32,214,1,0,2,Lost,None,None,-16.030001000000002,13.52,0,1,0,1,0,0,0,0,2,2,2,2,2,2,0,2,2,2,2,2,2,,
411,Snider4Congress,32,214,1,0,2,Lost,None,None,-16.030001000000002,6.849999900000001,0,1,0,0,0,0,0,0,2,2,2,2,2,2,1,2,2,2,2,2,2,,
466,,32,214,1,0,2,Lost,None,None,-16.030001000000002,5.7800002,0,1,1,0,0,0,0,0,2,2,2,2,2,2,0,2,2,2,2,2,2,,
656,RubyWoolridge,32,214,1,0,2,Advanced,Lost,None,-16.030001000000002,36.950001,0,0,0,0,0,0,0,0,2,2,2,2,2,2,0,2,2,2,2,2,2,,
656,RubyForCongress,32,214,1,0,2,Advanced,Lost,None,-16.030001000000002,36.950001,0,0,0,0,0,0,0,0,2,2,2,2,2,2,0,2,2,2,2,2,2,,
21,AlexTforTexas,32,215,1,0,2,Lost,None,None,-6.809999900000001,15.73,0,1,0,0,0,0,0,0,2,0,2,2,2,2,0,0,2,2,0,2,2,,
285,lsanchez402,32,215,1,0,2,Lost,None,None,-6.809999900000001,5.6900001,0,0,0,0,0,0,0,0,2,0,2,2,2,2,0,0,2,2,0,2,2,,
295,Cargas7,32,215,1,0,2,Lost,None,None,-6.809999900000001,1.96,0,1,0,0,0,0,0,0,2,0,2,2,2,2,0,0,2,2,0,2,2,,
318,DrWestinForTX07,32,215,1,0,2,Lost,None,None,-6.809999900000001,19.16,0,1,0,0,0,0,1,0,2,0,2,2,2,2,0,0,2,2,0,2,2,,
318,DrJasonWestin,32,215,1,0,2,Lost,None,None,-6.809999900000001,19.16,0,1,0,0,0,0,1,0,2,0,2,2,2,2,0,0,2,2,0,2,2,,
396,ThePoliticalJab,32,215,1,0,2,Lost,None,None,-6.809999900000001,3.77,0,0,0,0,0,0,0,0,2,0,2,2,2,2,0,0,2,2,0,2,2,,
454,lcmoser,32,215,1,0,2,Advanced,Lost,None,-6.809999900000001,24.34,0,1,0,0,0,0,0,0,0,0,2,2,2,2,1,1,2,2,1,2,2,,
478,Lizzie4Congress,32,215,1,0,2,Advanced,Advanced,On the Ballot,-6.809999900000001,29.360001,1,1,0,0,0,0,0,0,2,1,2,2,2,2,0,0,2,2,0,2,2,,
700,stevedavid,32,216,1,0,2,Advanced,None,On the Ballot,-52.959998999999996,100.0,1,1,0,0,0,0,0,0,2,2,2,2,2,2,2,2,2,2,2,2,2,,
66,BetoORourke,32,236,2,0,2,Advanced,None,On the Ballot,-13.23,61.810001,1,1,0,0,1,0,0,0,2,2,2,2,2,2,2,2,2,1,2,2,2,,
207,,32,236,2,0,2,Lost,None,None,-13.23,14.47,0,0,0,0,0,0,1,0,2,2,2,2,2,2,2,2,2,0,2,2,2,,
672,SemaForTexas,32,236,2,0,2,Lost,None,None,-13.23,23.719998999999998,0,0,0,0,0,0,0,0,2,2,2,2,2,2,2,2,2,0,2,2,2,,
672,_SemaHernandez_,32,236,2,0,2,Lost,None,None,-13.23,23.719998999999998,0,0,0,0,0,0,0,0,2,2,2,2,2,2,2,2,2,0,2,2,2,,
443,kurtfweiland,33,217,1,0,7,Lost,None,None,-37.259997999999996,43.150002,0,1,1,0,0,0,0,0,2,2,2,2,2,2,2,2,2,2,2,2,2,,
460,Lee4USCongress,33,217,1,0,7,Advanced,None,On the Ballot,-37.259997999999996,56.849998,1,0,0,1,0,0,0,0,2,2,2,2,2,2,2,2,2,2,2,2,2,,
680,ShireenGhorbani,33,218,1,0,7,Advanced,None,On the Ballot,-22.73,100.0,1,0,0,0,0,0,0,0,2,2,2,2,2,2,2,2,2,2,2,2,2,,
299,urbannavajo,33,219,1,0,7,Advanced,None,On the Ballot,-35.16,100.0,1,0,0,0,0,0,0,0,2,2,2,2,2,2,2,2,2,2,2,2,2,,
64,BenMcAdams,33,220,1,0,7,Advanced,None,On the Ballot,-16.809998999999998,100.0,1,1,0,0,1,0,0,0,1,2,2,2,2,2,2,2,2,2,2,2,2,,
332,JennyWilsonUT,33,237,2,0,7,Advanced,None,On the Ballot,-28.1,100.0,1,1,0,0,1,0,0,0,2,2,2,2,2,2,2,2,2,2,2,2,2,,
208,votesantana192,34,221,1,0,6,Lost,None,None,-14.81,32.900002,0,0,1,0,0,0,0,0,2,2,0,2,2,2,1,2,2,2,2,2,2,,
380,SuddarthforVA01,34,221,1,0,6,Lost,None,None,-14.81,27.129998999999998,0,1,1,0,0,0,1,0,2,2,1,2,2,2,0,2,2,2,2,2,2,,
762,VangieWilliams,34,221,1,0,6,Advanced,None,On the Ballot,-14.81,39.970001,1,0,0,0,0,0,0,0,2,2,1,2,2,2,0,2,2,2,2,2,2,,
762,Vangie4Congress,34,221,1,0,6,Advanced,None,On the Ballot,-14.81,39.970001,1,0,0,0,0,0,0,0,2,2,1,2,2,2,0,2,2,2,2,2,2,,
24,AlisonforVA,34,222,1,0,6,Lost,None,None,4.6900001,22.959999,0,1,0,0,0,1,0,1,2,2,1,2,2,2,0,2,2,2,2,0,2,,
143,helmerva10,34,222,1,0,6,Lost,None,None,4.6900001,12.55,0,1,1,0,0,0,0,0,2,2,1,2,2,2,0,2,2,2,2,1,2,,
143,HelmerVA,34,222,1,0,6,Lost,None,None,4.6900001,12.55,0,1,1,0,0,0,0,0,2,2,1,2,2,2,0,2,2,2,2,1,2,,
329,RepWexton,34,222,1,0,6,Advanced,None,On the Ballot,4.6900001,41.889998999999996,1,1,0,0,1,0,0,0,2,2,1,2,2,2,0,2,2,2,2,0,2,,
329,JenniferWexton,34,222,1,0,6,Advanced,None,On the Ballot,4.6900001,41.889998999999996,1,1,0,0,1,0,0,0,2,2,1,2,2,2,0,2,2,2,2,0,2,,
405,BigginsForVA,34,222,1,0,6,Lost,None,None,4.6900001,2.8299999,0,1,0,0,0,0,1,0,2,2,1,2,2,2,1,2,2,2,2,0,2,,
471,LindseyForUS,34,222,1,0,6,Lost,None,None,4.6900001,16.02,0,1,0,0,0,0,0,1,2,2,1,2,2,2,0,2,2,2,2,0,2,,
578,PePelletier,34,222,1,0,6,Lost,None,None,4.6900001,3.76,0,1,0,0,0,0,0,0,2,2,1,2,2,2,0,2,2,2,2,0,2,,
578,PaulForVirginia,34,222,1,0,6,Lost,None,None,4.6900001,3.76,0,1,0,0,0,0,0,0,2,2,1,2,2,2,0,2,2,2,2,0,2,,
210,RepElaineLuria,34,223,1,0,6,Advanced,None,On the Ballot,-5.6599998,62.330002,1,1,1,0,0,0,1,0,1,1,1,2,2,2,2,2,2,2,0,1,2,,
210,ElaineLuriaVA,34,223,1,0,6,Advanced,None,On the Ballot,-5.6599998,62.330002,1,1,1,0,0,0,1,0,1,1,1,2,2,2,2,2,2,2,0,1,2,,
414,KarenMallard,34,223,1,0,6,Lost,None,None,-5.6599998,37.669998,0,1,0,0,0,0,0,0,0,0,1,2,2,2,2,2,2,2,1,0,2,,
414,mallardforva,34,223,1,0,6,Lost,None,None,-5.6599998,37.669998,0,1,0,0,0,0,0,0,0,0,1,2,2,2,2,2,2,2,1,0,2,,
462,TeamCockburn,34,224,1,0,6,Advanced,None,On the Ballot,-12.51,100.0,1,1,0,0,0,0,0,0,2,1,2,2,2,2,2,2,2,2,2,2,2,,
462,LeslieCockburn,34,224,1,0,6,Advanced,None,On the Ballot,-12.51,100.0,1,1,0,0,0,0,0,0,2,1,2,2,2,2,2,2,2,2,2,2,2,,
106,MooreforVA,34,225,1,0,6,Lost,None,None,-25.959999,18.450001,0,1,0,0,1,0,0,0,2,2,0,2,2,2,0,2,2,2,2,2,2,,
327,JenniferForVA,34,225,1,0,6,Advanced,None,On the Ballot,-25.959999,47.669998,1,1,0,0,0,0,0,0,2,2,1,2,2,2,1,2,2,2,2,2,2,,
593,votevolosin,34,225,1,0,6,Lost,None,None,-25.959999,27.190001000000002,0,1,0,1,0,0,1,0,2,2,0,2,2,2,0,2,2,2,2,2,2,,
673,SergioCoppolaVA,34,225,1,0,6,Lost,None,None,-25.959999,6.679999799999999,0,1,0,0,0,0,1,0,2,2,0,2,2,2,0,2,2,2,2,2,2,,
6,RepSpanberger,34,226,1,0,6,Advanced,None,On the Ballot,-10.03,72.68,1,1,0,0,0,0,0,0,2,1,1,2,2,2,2,2,2,2,2,0,2,,
6,SpanbergerVA07,34,226,1,0,6,Advanced,None,On the Ballot,-10.03,72.68,1,1,0,0,0,0,0,0,2,1,1,2,2,2,2,2,2,2,2,0,2,,
145,DanWardVA,34,226,1,0,6,Lost,None,None,-10.03,27.32,0,1,1,0,0,0,0,0,2,0,1,2,2,2,2,2,2,2,2,1,2,,
47,flacc4congress,34,227,1,0,6,Advanced,None,On the Ballot,-40.709998999999996,78.639999,1,1,0,0,0,0,0,0,2,2,2,2,2,2,1,2,2,2,2,2,2,,
410,JS4VA,34,227,1,0,6,Lost,None,None,-40.709998999999996,21.360001,0,1,0,0,0,0,0,0,2,2,2,2,2,2,0,2,2,2,2,2,2,,
431,KendraHFershee,35,228,1,0,5,Advanced,None,On the Ballot,-40.41,47.240002000000004,1,1,0,0,0,0,0,0,2,2,2,2,2,2,2,2,2,2,2,2,2,,
431,teamkendrawv,35,228,1,0,5,Advanced,None,On the Ballot,-40.41,47.240002000000004,1,1,0,0,0,0,0,0,2,2,2,2,2,2,2,2,2,2,2,2,2,,
602,ralphbaxterwv,35,228,1,0,5,Lost,None,None,-40.41,38.119999,0,1,0,0,0,0,0,0,2,2,2,2,2,2,2,2,2,2,2,2,2,,
749,,35,228,1,0,5,Lost,None,None,-40.41,14.64,0,1,1,0,0,0,1,0,2,2,2,2,2,2,2,2,2,2,2,2,2,,
2,AaronScheinberg,35,229,1,0,5,Lost,None,None,-35.330002,37.43,0,1,1,0,0,0,0,0,2,2,2,2,2,2,2,2,2,2,2,1,2,,
721,TalleySergent,35,229,1,0,5,Advanced,None,On the Ballot,-35.330002,62.57,1,1,0,0,0,0,0,1,2,2,2,2,2,2,2,2,2,2,2,0,2,,
311,TalleySergent,35,230,1,0,5,Lost,None,None,-47.48,7.2399998,0,1,0,0,0,0,0,0,2,2,2,2,2,2,2,2,2,2,0,0,2,,
575,pedavis38,35,230,1,0,5,Lost,None,None,-47.48,15.96,0,1,0,0,0,0,0,0,2,2,2,2,2,2,2,2,2,2,0,0,2,,
621,Ojeda4congress,35,230,1,0,5,Advanced,None,On the Ballot,-47.48,52.16,1,0,1,0,1,0,0,0,2,2,2,2,2,2,2,2,2,2,1,1,2,,
681,,35,230,1,0,5,Lost,None,None,-47.48,24.639999,0,1,0,0,0,0,0,0,2,2,2,2,2,2,2,2,2,2,0,0,2,,
