candidate,twitter_handle,twitter_handle2,state,district,office_type,race_type,race_primary_election_date,primary_status,primary_runoff_status,general_status,primary_pctg,won_primary,rep_party_support,trump_endorsed,bannon_endorsed,great_america_endorsed,nra_endorsed,right_to_life_endorsed,susan_b_anthony_endorsed,club_for_growth_endorsed,koch_support,house_freedom_support,tea_party_endorsed,main_street_endorsed,chamber_endorsed,no_labels_support,has_twitter,num_endorsements
Mike Dunleavy,GovDunleavy,,AK,Governor of Alaska,Governor,Regular,8/21/18,Advanced,None,On the Ballot,61.8,Yes,,,,,,,,,,,,,,,False,0
Michael Sheldon,ElectSheldon18,,AK,Governor of Alaska,Governor,Regular,8/21/18,Lost,None,None,2.2,No,,,,,,,,,,,,,,,False,0
Mead Treadwell,Mead_Treadwell,MeadTreadwell,AK,Governor of Alaska,Governor,Regular,8/21/18,Lost,None,None,31.9,No,,,,,,,,,,,,,,,False,0
Darin Colbry,,,AK,Governor of Alaska,Governor,Regular,8/21/18,Lost,None,None,0.6,No,,,,,,,,,,,,,,,True,0
Thomas Gordon,,,AK,Governor of Alaska,Governor,Regular,8/21/18,Lost,None,None,1.3,No,,,,,,,,,,,,,,,True,0
Merica Hlatcu,mhlatcu,,AK,Governor of Alaska,Governor,Regular,8/21/18,Lost,None,None,1.5,No,,,,,,,,,,,,,,,False,0
Gerald Heikes,,,AK,Governor of Alaska,Governor,Regular,8/21/18,Lost,None,None,0.7,No,,,,,,,,,,,,,,,True,0
Steve Smith,senstevesmith,,AZ,U.S. House Arizona District 1,Representative,Regular,8/28/18,Lost,None,None,37.8,No,Yes,,,,,,,Yes,,,Yes,,,,False,3
Wendy Rogers,WendyRogersAZ,,AZ,U.S. House Arizona District 1,Representative,Regular,8/28/18,Advanced,None,On the Ballot,43.4,Yes,Yes,,,,,,,No,,,No,,,,False,1
Tiffany Shedd,Tiffany_Shedd,,AZ,U.S. House Arizona District 1,Representative,Regular,8/28/18,Lost,None,None,18.8,No,Yes,,,,,,,No,,,No,,,,False,1
Lea Marquez Peterson,LeaPeterson,,AZ,U.S. House Arizona District 2,Representative,Regular,8/28/18,Advanced,None,On the Ballot,33.6,Yes,Yes,,,,,,,,Yes,,,,,,False,2
Casey Welch,CaseyBWelch,,AZ,U.S. House Arizona District 2,Representative,Regular,8/28/18,Lost,None,None,21.4,No,No,,,,,,,,No,,,,,,False,0
Danny Morales,dannydjmorales,,AZ,U.S. House Arizona District 2,Representative,Regular,8/28/18,Lost,None,None,15.9,No,No,,,,,,,,No,,,,,,False,0
Brandon Martin,PathForFreedom,,AZ,U.S. House Arizona District 2,Representative,Regular,8/28/18,Lost,None,None,29.1,No,No,,,,,,,,No,,,,,,False,0
Edna San Miguel,EdnaSanMiguel2,,AZ,U.S. House Arizona District 3,Representative,Regular,8/28/18,Lost,None,None,21.4,No,,,,,,,,,,,,,,,False,0
Sergio Arellano,sergio5941,,AZ,U.S. House Arizona District 3,Representative,Regular,8/28/18,Lost,None,None,27.3,No,,,,,,,,,,,,,,,False,0
Nicolas Pierson,PiersonCongress,,AZ,U.S. House Arizona District 3,Representative,Regular,8/28/18,Advanced,None,On the Ballot,51.4,Yes,,,,,,,,,,,,,,,False,0
Debbie Lesko,DebbieLesko,,AZ,U.S. House Arizona District 8,Representative,Special,2/27/18,Advanced,None,On the Ballot,35.77,Yes,,,,,,,Yes,,Yes,Yes,,,,,False,3
Debbie Lesko,RepDLesko,,AZ,U.S. House Arizona District 8,Representative,Special,2/27/18,Advanced,None,On the Ballot,35.77,Yes,,,,,,,Yes,,Yes,Yes,,,,,False,3
Bob Stump,BobStumpAZ,,AZ,U.S. House Arizona District 8,Representative,Special,2/27/18,Lost,None,None,5.37,No,,,,,,,No,,No,No,,,,,False,0
Bob Stump,BobStump,,AZ,U.S. House Arizona District 8,Representative,Special,2/27/18,Lost,None,None,5.37,No,,,,,,,No,,No,No,,,,,False,0
Clair Van Steenwyk,ClairVanSteenwy,,AZ,U.S. House Arizona District 8,Representative,Special,2/27/18,Lost,None,None,2.37,No,,,,,,,No,,No,No,,,,,False,0
Phil Lovas,PhilLovas,,AZ,U.S. House Arizona District 8,Representative,Special,2/27/18,Lost,None,None,23.88,No,,,,,,,No,,No,No,,,,,False,0
Richard Mack,SheriffMack,,AZ,U.S. House Arizona District 8,Representative,Special,2/27/18,Lost,None,None,1.42,No,,,,,,,No,,No,No,,,,,False,0
Stephen Dolgos,stephendolgos,,AZ,U.S. House Arizona District 8,Representative,Special,2/27/18,Lost,None,None,0.48,No,,,,,,,No,,No,No,,,,,False,0
Steve Montenegro,SteveMontenegro,,AZ,U.S. House Arizona District 8,Representative,Special,2/27/18,Lost,None,None,23.82,No,,,,,,,No,,No,No,,,,,False,0
Christopher Sylvester,,,AZ,U.S. House Arizona District 8,Representative,Special,2/27/18,Lost,None,None,1.92,No,,,,,,,No,,No,No,,,,,True,0
David Lien,,,AZ,U.S. House Arizona District 8,Representative,Special,2/27/18,Lost,None,None,1.77,No,,,,,,,No,,No,No,,,,,True,0
Chad Allen,AllenForArizona,,AZ,U.S. House Arizona District 8,Representative,Special,2/27/18,Lost,None,None,1.05,No,,,,,,,No,,No,No,,,,,False,0
Brenden Dilley,,,AZ,U.S. House Arizona District 8,Representative,Special,2/27/18,Lost,None,None,1.03,No,,,,,,,No,,No,No,,,,,True,0
Mark Yates,dry8s,,AZ,U.S. House Arizona District 8,Representative,Special,2/27/18,Lost,None,None,1.12,No,,,,,,,No,,No,No,,,,,False,0
Dave Giles,VoteGiles,,AZ,U.S. House Arizona District 9,Representative,Regular,8/28/18,Lost,None,None,33.3,No,No,,,,,,,,,,,,,,False,0
Steve Ferrara,steveferraramd,,AZ,U.S. House Arizona District 9,Representative,Regular,8/28/18,Advanced,None,On the Ballot,58.9,Yes,Yes,,,,,,,,,,,,,,False,1
Irina Baroness Von Behr,von_behr,,AZ,U.S. House Arizona District 9,Representative,Regular,8/28/18,Lost,None,None,7.8,No,No,,,,,,,,,,,,,,False,0
Joe Arpaio,RealSheriffJoe,,AZ,U.S. Senate Arizona,Senator,Regular,8/28/18,Lost,None,None,18.9,No,,,No,No,,,,,No,,,,,,False,0
Kelli Ward,kelliwardaz,,AZ,U.S. Senate Arizona,Senator,Regular,8/28/18,Lost,None,None,28.1,No,,,Yes,Yes,,,,,No,,,,,,False,2
Martha McSally,MarthaMcSally,,AZ,U.S. Senate Arizona,Senator,Regular,8/28/18,Advanced,None,On the Ballot,53.0,Yes,,,No,No,,,,,Yes,,,,,,False,1
John Cox,TheRealJohnHCox,,CA,Governor of California,Governor,Regular,6/5/18,Advanced,None,On the Ballot,70.15,Yes,,Yes,,,,Yes,,,,,,,,,False,2
Peter Yuan Liu,PeterLiuCAGov18,,CA,Governor of California,Governor,Regular,6/5/18,Lost,None,None,1.08,No,,No,,,,No,,,,,,,,,False,0
Robert Newman,michaelp594,,CA,Governor of California,Governor,Regular,6/5/18,Lost,None,None,1.77,No,,No,,,,No,,,,,,,,,False,0
Travis Allen,JoinTravisAllen,,CA,Governor of California,Governor,Regular,6/5/18,Lost,None,None,26.15,No,,No,,,,No,,,,,,,,,False,0
Yvonne Girard,,,CA,Governor of California,Governor,Regular,6/5/18,Lost,None,None,0.85,No,,No,,,,No,,,,,,,,,True,0
Justin Fareed,JustinFareed,,CA,U.S. House California District 24,Representative,Regular,6/5/18,Advanced,None,On the Ballot,78.37,Yes,Yes,,,,Yes,,,,,,,,,,False,2
Michael Erin Woody,MichaelWoodyCA,,CA,U.S. House California District 24,Representative,Regular,6/5/18,Lost,None,None,21.63,No,No,,,,No,,,,,,,,,,False,0
Antonio Sabato Jr.,AntonioSabatoJr,,CA,U.S. House California District 26,Representative,Regular,6/5/18,Advanced,None,On the Ballot,53.04,Yes,,,,,,,,,,,,,,,False,0
Jeffrey Burum,JeffreyBurum,,CA,U.S. House California District 26,Representative,Regular,6/5/18,Lost,None,None,46.96,No,,,,,,,,,,,Yes,,,,False,1
Kimberlin Brown Pelzer,KimberlinBrown,,CA,U.S. House California District 36,Representative,Regular,6/5/18,Advanced,None,On the Ballot,51.61,Yes,Yes,,,,,,Yes,,,,,,,,False,2
Stephan Wolkowicz,,,CA,U.S. House California District 36,Representative,Regular,6/5/18,Lost,None,None,10.41,No,No,,,,,,No,,,,,,,,True,0
Dan Ball,DanNewsManBall,,CA,U.S. House California District 36,Representative,Regular,6/5/18,Lost,None,None,17.39,No,No,,,,,,No,,,,,,,,False,0
Doug Hassett,1doughassett,,CA,U.S. House California District 36,Representative,Regular,6/5/18,Lost,None,None,11.21,No,No,,,,,,No,,,,,,,,False,0
Robert Bentley,,,CA,U.S. House California District 36,Representative,Regular,6/5/18,Lost,None,None,9.38,No,No,,,,,,No,,,,,,,,True,0
Young Kim,YoungKimCD39,,CA,U.S. House California District 39,Representative,Regular,6/5/18,Advanced,None,On the Ballot,39.79,Yes,Yes,,,,,,Yes,,,,Yes,Yes,,,False,4
Bob Huff,bobhuff99,,CA,U.S. House California District 39,Representative,Regular,6/5/18,Lost,None,None,11.53,No,No,,,,,,No,,,,No,No,,,False,0
John Cullum,Cullum4Congress,,CA,U.S. House California District 39,Representative,Regular,6/5/18,Lost,None,None,2.24,No,No,,,,,,No,,,,No,No,,,False,0
Phil Liberatore,Phil_Liberatore,,CA,U.S. House California District 39,Representative,Regular,6/5/18,Lost,None,None,21.22,No,No,,,,,,No,,,,No,No,,,False,0
Shawn Nelson,NelsonforOC,,CA,U.S. House California District 39,Representative,Regular,6/5/18,Lost,None,None,12.45,No,Yes,,,,,,No,,,,No,No,,,False,1
Andrew Sarega,AndrewSarega,,CA,U.S. House California District 39,Representative,Regular,6/5/18,Lost,None,None,1.05,No,No,,,,,,No,,,,No,No,,,False,0
Steve Vargas,VoteVargas,,CA,U.S. House California District 39,Representative,Regular,6/5/18,Lost,None,None,5.29,No,No,,,,,,No,,,,No,No,,,False,0
Omar Navarro,RealOmarNavarro,,CA,U.S. House California District 43,Representative,Regular,6/5/18,Advanced,None,On the Ballot,56.02,Yes,,,,,,,,,,,,,,,False,0
Frank DeMartini,frankdemartini,,CA,U.S. House California District 43,Representative,Regular,6/5/18,Lost,None,None,27.54,No,,,,,,,,,,,,,,,False,0
Edwin Duterte,DuterteCA,,CA,U.S. House California District 43,Representative,Regular,6/5/18,Lost,None,None,16.44,No,,,,,,,,,,,,,,,False,0
Jazmina Saavedra,jazminasaavedra,,CA,U.S. House California District 44,Representative,Regular,6/5/18,Lost,None,None,58.53,No,,,,,,,,,,,,,,,False,0
Stacey Dash,staceydash,,CA,U.S. House California District 44,Representative,Regular,6/5/18,Lost,None,None,41.47,No,,,,,,,,,,,,,,,False,0
John Briscoe,johnfbriscoe,,CA,U.S. House California District 47,Representative,Regular,6/5/18,Advanced,None,On the Ballot,54.48,Yes,,,,,,,,,,,,,,,False,0
David Clifford,,,CA,U.S. House California District 47,Representative,Regular,6/5/18,Lost,None,None,45.52,No,,,,,,,,,,,,,,,True,0
Diane Harkey,diane_harkey,,CA,U.S. House California District 49,Representative,Regular,6/5/18,Advanced,None,On the Ballot,52.93,Yes,Yes,,,,,,,,,,Yes,,,,False,2
Kristin Gaspar,KristinDGaspar,,CA,U.S. House California District 49,Representative,Regular,6/5/18,Lost,None,None,18.34,No,Yes,,,,,,,,,,No,,,,False,1
Rocky ChÃÃvez,RockyChavez4CA,,CA,U.S. House California District 49,Representative,Regular,6/5/18,Lost,None,None,15.66,No,Yes,,,,,,,,,,No,,,,False,1
Joshua Schoonover,JSSchoonover,,CA,U.S. House California District 49,Representative,Regular,6/5/18,Lost,None,None,1.55,No,No,,,,,,,,,,No,,,,False,0
Brian Maryott,brianlmaryott,,CA,U.S. House California District 49,Representative,Regular,6/5/18,Lost,None,None,6.26,No,No,,,,,,,,,,No,,,,False,0
Craig Nordal,nordal4congress,,CA,U.S. House California District 49,Representative,Regular,6/5/18,Lost,None,None,1.31,No,No,,,,,,,,,,No,,,,False,0
David Medway,drdavidmedway,,CA,U.S. House California District 49,Representative,Regular,6/5/18,Lost,None,None,1.22,No,No,,,,,,,,,,No,,,,False,0
Mike Schmitt,DrMikeSchmitt,,CA,U.S. House California District 49,Representative,Regular,6/5/18,Lost,None,None,2.72,No,No,,,,,,,,,,No,,,,False,0
Juan Hidalgo,HidalgoFor51st,,CA,U.S. House California District 51,Representative,Regular,6/5/18,Advanced,None,On the Ballot,49.39,Yes,,,,,,,,,,,,,,,False,0
Louis Fuentes,,,CA,U.S. House California District 51,Representative,Regular,6/5/18,Lost,None,None,53.9,No,,,,,,,,,,,,,,,True,0
John Renison Jr.,,,CA,U.S. House California District 51,Representative,Regular,6/5/18,Lost,None,None,45.22,No,,,,,,,,,,,,,,,True,0
Omar Qudrat,omarqudrat1,,CA,U.S. House California District 52,Representative,Regular,6/5/18,Advanced,None,On the Ballot,37.28,Yes,No,,,,,,,,,,,,,,False,0
James Veltmeyer,veltmeyer53rd,,CA,U.S. House California District 52,Representative,Regular,6/5/18,Lost,None,None,27.81,No,No,,,,,,,,,,,,,,False,0
John Horst,,,CA,U.S. House California District 52,Representative,Regular,6/5/18,Lost,None,None,8.25,No,No,,,,,,,,,,,,,,True,0
Danny Casara,,,CA,U.S. House California District 52,Representative,Regular,6/5/18,Lost,None,None,11.2,No,No,,,,,,,,,,,,,,True,0
Michael Allman,realMikeAllman,,CA,U.S. House California District 52,Representative,Regular,6/5/18,Lost,None,None,9.57,No,Yes,,,,,,,,,,,,,,False,1
Jeff Cullen,,,CA,U.S. House California District 52,Representative,Regular,6/5/18,Lost,None,None,5.88,No,No,,,,,,,,,,,,,,True,0
Morgan Murtaugh,morganmurtaugh,,CA,U.S. House California District 53,Representative,Regular,6/5/18,Advanced,None,On the Ballot,42.73,Yes,,,,,,,,,,,,,,,False,0
Matt Mendoza,,,CA,U.S. House California District 53,Representative,Regular,6/5/18,Lost,None,None,40.43,No,,,,,,,,,,,,,,,True,0
Brett Goda,,,CA,U.S. House California District 53,Representative,Regular,6/5/18,Lost,None,None,5.93,No,,,,,,,,,,,,,,,True,0
Shawn Gino Kane,,,CA,U.S. House California District 53,Representative,Regular,6/5/18,Lost,None,None,10.91,No,,,,,,,,,,,,,,,True,0
Andrew Grant,AndrewFGrant,,CA,U.S. House California District 7,Representative,Regular,6/5/18,Advanced,None,On the Ballot,69.15,Yes,Yes,,,,,,,,,,,,Yes,,False,2
Yona Barash,DrYonaBarash,,CA,U.S. House California District 7,Representative,Regular,6/5/18,Lost,None,None,30.85,No,No,,,,,,,,,,,,No,,False,0
Jerry Laws,,,CA,U.S. Senate California,Senator,Regular,6/5/18,Lost,None,None,3.04,No,,,,,,No,,,,,,,,,True,0
Kevin Mottus,Kevin_Mottus,,CA,U.S. Senate California,Senator,Regular,6/5/18,Lost,None,None,3.94,No,,,,,,No,,,,,,,,,False,0
Roque De La Fuente,JoinRocky,,CA,U.S. Senate California,Senator,Regular,6/5/18,Lost,None,None,6.11,No,,,,,,No,,,,,,,,,False,0
Tom Palzer,tom_palzer,TomPazer,CA,U.S. Senate California,Senator,Regular,6/5/18,Lost,None,None,9.26,No,,,,,,No,,,,,,,,,False,0
Patrick Little,,,CA,U.S. Senate California,Senator,Regular,6/5/18,Lost,None,None,4.06,No,,,,,,No,,,,,,,,,True,0
Erin Cruz,RealErinCruz,,CA,U.S. Senate California,Senator,Regular,6/5/18,Lost,None,None,12.06,No,,,,,,No,,,,,,,,,False,0
Mario Nabliba,ForSenate1,,CA,U.S. Senate California,Senator,Regular,6/5/18,Lost,None,None,1.77,No,,,,,,No,,,,,,,,,False,0
Paul Taylor,,,CA,U.S. Senate California,Senator,Regular,6/5/18,Lost,None,None,14.59,No,,,,,,Yes,,,,,,,,,True,1
Arun Bhumitra,IAmArunBhumitra,ArunKBhumitra,CA,U.S. Senate California,Senator,Regular,6/5/18,Lost,None,None,15.82,No,,,,,,No,,,,,,,,,False,0
James Bradley,JamesBradleyMBA,,CA,U.S. Senate California,Senator,Regular,6/5/18,Lost,None,None,25.08,No,,,,,,No,,,,,,,,,False,0
John Crew,,,CA,U.S. Senate California,Senator,Regular,6/5/18,Lost,None,None,4.24,No,,,,,,No,,,,,,,,,True,0
Walker Stapleton,WalkerStapleton,,CO,Governor of Colorado,Governor,Regular,6/26/18,Advanced,None,On the Ballot,47.67,Yes,,,,,,,,,,,,,,,False,0
Greg Lopez,Lopez4Governor,,CO,Governor of Colorado,Governor,Regular,6/26/18,Lost,None,None,13.2,No,,,,,,,,,,,,,,,False,0
Victor Mitchell,_VictorMitchell,,CO,Governor of Colorado,Governor,Regular,6/26/18,Lost,None,None,30.12,No,,,,,,,,,,,,,,,False,0
Doug Robinson,DougRobinsonCO,,CO,Governor of Colorado,Governor,Regular,6/26/18,Lost,None,None,9.01,No,,,,,,,,,,,,,,,False,0
Peter Yu,PeterYuCO,,CO,U.S. House Colorado District 2,Representative,Regular,6/26/18,Advanced,None,On the Ballot,100.0,Yes,,,,,,,,,,,,,,,False,0
Bob Stefanowski,bobforgovernor,,CT,Governor of Connecticut,Governor,Regular,8/14/18,Advanced,None,On the Ballot,29.3,Yes,,,,,,,,,,,,,,,False,0
Mark Boughton,MayorMark,,CT,Governor of Connecticut,Governor,Regular,8/14/18,Lost,None,None,21.2,No,,,,,,,,,,,,,,,False,0
Steve Obsitnik,SteveObsitnik,,CT,Governor of Connecticut,Governor,Regular,8/14/18,Lost,None,None,13.5,No,,,,,,,,,,,,,,,False,0
Tim Herbst,timherbst,,CT,Governor of Connecticut,Governor,Regular,8/14/18,Lost,None,None,17.6,No,,,,,,,,,,,,,,,False,0
David Stemerman,DavidStemerman,,CT,Governor of Connecticut,Governor,Regular,8/14/18,Lost,None,None,18.4,No,,,,,,,,,,,,,,,False,0
Manny Santos,MannySantos123,,CT,U.S. House Connecticut District 5,Representative,Regular,8/14/18,Advanced,None,On the Ballot,51.7,Yes,,,,,,,,,,,,,,,False,0
Ruby Corby O'Neill,rubycorbyoneill,,CT,U.S. House Connecticut District 5,Representative,Regular,8/14/18,Lost,None,None,26.7,No,,,,,,,,,,,,,,,False,0
Rich DuPont,DuPont4Congress,,CT,U.S. House Connecticut District 5,Representative,Regular,8/14/18,Lost,None,None,21.7,No,,,,,,,,,,,,,,,False,0
Matthew Corey,MattCoreyCT,,CT,U.S. Senate Connecticut,Senator,Regular,8/14/18,Advanced,None,On the Ballot,76.7,Yes,,,,,,,,,,,,,,,False,0
Dominic Rapini,MacDommer,,CT,U.S. Senate Connecticut,Senator,Regular,8/14/18,Lost,None,None,23.3,No,,,,,,,,,,,,,,,False,0
Lee Murphy,goMurph2020,,DE,U.S. House Delaware At-large District,Representative,Regular,9/6/18,Lost,None,None,47.0,No,,,,,,,,,,,,,,,False,0
Scott Walker,,,DE,U.S. House Delaware At-large District,Representative,Regular,9/6/18,Advanced,None,On the Ballot,53.0,Yes,,,,,,,,,,,,,,,True,0
Gene Truono,,,DE,U.S. Senate Delaware,Senator,Regular,9/6/18,Lost,None,None,28.0,No,,,,,,,,,,,,,,,True,0
Robert Arlett,RobArlett,,DE,U.S. Senate Delaware,Senator,Regular,9/6/18,Advanced,None,On the Ballot,66.8,Yes,,,,,,,,,,,,,,,False,0
Roque De La Fuente,JoinRocky,,DE,U.S. Senate Delaware,Senator,Regular,9/6/18,Lost,None,None,5.3,No,,,,,,,,,,,,,,,False,0
Bruce Nathan,brucenathan2018,,FL,Governor of Florida,Governor,Regular,8/28/18,Lost,None,None,0.9,No,,,,,,No,,,No,,,,No,,False,0
Ron DeSantis,RonDeSantisFL,,FL,Governor of Florida,Governor,Regular,8/28/18,Advanced,None,On the Ballot,56.5,Yes,,Yes,,,,,,,Yes,,,,No,,False,2
Don Baldauf,FreeFavorsBold,,FL,Governor of Florida,Governor,Regular,8/28/18,Lost,None,None,0.8,No,,No,,,,No,,,No,,,,No,,False,0
Bob White,BobWhiteForGov,,FL,Governor of Florida,Governor,Regular,8/28/18,Lost,None,None,2.0,No,,No,,,,No,,,No,,,,No,,False,0
Adam Putnam,adamputnam,,FL,Governor of Florida,Governor,Regular,8/28/18,Lost,None,None,36.6,No,,No,,,,,,,No,,,,Yes,,False,1
Timothy Devine,,,FL,Governor of Florida,Governor,Regular,8/28/18,Lost,None,None,1.3,No,,No,,,,No,,,No,,,,No,,True,0
Bob Langford,,,FL,Governor of Florida,Governor,Regular,8/28/18,Lost,None,None,1.2,No,,No,,,,No,,,No,,,,No,,True,0
John Joseph Mercadante,gzijcqzw,,FL,Governor of Florida,Governor,Regular,8/28/18,Lost,None,None,0.7,No,,No,,,,No,,,No,,,,No,,False,0
George Buck,gbuck_jr,,FL,U.S. House Florida District 13,Representative,Regular,8/28/18,Advanced,None,On the Ballot,56.0,Yes,,,,,,Yes,,,,,,,,,False,1
Brad Sostack,BradSostack,,FL,U.S. House Florida District 13,Representative,Regular,8/28/18,Lost,None,None,44.0,No,,,,,,No,,,,,,,,,False,0
Neil Combee,NeilCombee,,FL,U.S. House Florida District 15,Representative,Regular,8/28/18,Lost,None,None,34.1,No,,,,,,No,,,,,,,,,False,0
Ross Spano,RossSpano,,FL,U.S. House Florida District 15,Representative,Regular,8/28/18,Advanced,None,On the Ballot,43.7,Yes,,,,,,,,,,,,,,,False,0
Sean Harper,,,FL,U.S. House Florida District 15,Representative,Regular,8/28/18,Lost,None,None,10.0,No,,,,,,No,,,,,,,,,True,0
Danny Kushmer,DannyKushmer,,FL,U.S. House Florida District 15,Representative,Regular,8/28/18,Lost,None,None,6.7,No,,,,,,,,,,,,,,,False,0
Ed Shoemaker,EdShoemakerFl,,FL,U.S. House Florida District 15,Representative,Regular,8/28/18,Lost,None,None,5.5,No,,,,,,No,,,,,,,,,False,0
Greg Steube,gregsteube,,FL,U.S. House Florida District 17,Representative,Regular,8/28/18,Advanced,None,On the Ballot,62.4,Yes,,,,,Yes,,,Yes,Yes,Yes,Yes,No,No,,False,5
Julio Gonzalez,TaxReformExpert,,FL,U.S. House Florida District 17,Representative,Regular,8/28/18,Lost,None,None,18.3,No,,,,,No,,,No,No,No,No,Yes,Yes,,False,2
Bill Akins,,,FL,U.S. House Florida District 17,Representative,Regular,8/28/18,Lost,None,None,19.3,No,,,,,No,No,,No,No,No,No,No,No,,True,0
Nicolas Kimaz,NicolasKimazFL,,FL,U.S. House Florida District 22,Representative,Regular,8/28/18,Advanced,None,On the Ballot,41.0,Yes,,,,,,No,,,,,,,,,False,0
Javier Manjarres,JavManjarres,,FL,U.S. House Florida District 22,Representative,Regular,8/28/18,Lost,None,None,33.9,No,,,,,,Yes,,,,,,,,,False,1
Eddison Walters,eddisonwalters,,FL,U.S. House Florida District 22,Representative,Regular,8/28/18,Lost,None,None,25.1,No,,,,,,No,,,,,,,,,False,0
Carla Spalding,carla_spalding,,FL,U.S. House Florida District 23,Representative,Regular,8/28/18,Lost,None,None,21.5,No,,,,,,,,,,,,,,,False,0
Joe Kaufman,JoeKaufmanUSA,,FL,U.S. House Florida District 23,Representative,Regular,8/28/18,Advanced,None,On the Ballot,44.7,Yes,,,,,,,,,,,,,,,False,0
Carlos Reyes,CJRCampaign,,FL,U.S. House Florida District 23,Representative,Regular,8/28/18,Lost,None,None,33.8,No,,,,,,,,,,,,,,,False,0
Bruno Barreiro,BarreiroFL,,FL,U.S. House Florida District 27,Representative,Regular,8/28/18,Lost,None,None,25.7,No,Yes,,,,,No,,,,,,No,,,False,1
Maria Peiro,MariaMPeiro,,FL,U.S. House Florida District 27,Representative,Regular,8/28/18,Lost,None,None,8.0,No,No,,,,,Yes,,,,,,No,,,False,1
Bettina Rodriguez-Aguilera,bettinaraoffici,,FL,U.S. House Florida District 27,Representative,Regular,8/28/18,Lost,None,None,4.3,No,No,,,,,No,,,,,,No,,,False,0
Gina Sosa-Suarez,,,FL,U.S. House Florida District 27,Representative,Regular,8/28/18,Lost,None,None,1.9,No,No,,,,,No,,,,,,No,,,True,0
Angie Chirino,chirino4house,,FL,U.S. House Florida District 27,Representative,Regular,8/28/18,Lost,None,None,6.9,No,No,,,,,No,,,,,,No,,,False,0
Maria Elvira Salazar,MaElviraSalazar,,FL,U.S. House Florida District 27,Representative,Regular,8/28/18,Advanced,None,On the Ballot,40.5,Yes,Yes,,,,,No,,,,,,Yes,,,False,2
Michael Ohevzion,Michael4Florida,,FL,U.S. House Florida District 27,Representative,Regular,8/28/18,Lost,None,None,3.8,No,No,,,,,No,,,,,,No,,,False,0
Elizabeth Adadi,,,FL,U.S. House Florida District 27,Representative,Regular,8/28/18,Lost,None,None,2.0,No,No,,,,,No,,,,,,No,,,True,0
Stephen Marks,StephenMarksFL,,FL,U.S. House Florida District 27,Representative,Regular,8/28/18,Lost,None,None,7.0,No,No,,,,,No,,,,,,No,,,False,0
Fred Costello,fredcostello,,FL,U.S. House Florida District 6,Representative,Regular,8/28/18,Lost,None,None,27.2,No,,,,,,Yes,,,,,,,,,False,1
John Ward,WardforFlorida,,FL,U.S. House Florida District 6,Representative,Regular,8/28/18,Lost,None,None,30.4,No,,,,,,No,,,,,,,,,False,0
Michael Waltz,michaelgwaltz,,FL,U.S. House Florida District 6,Representative,Regular,8/28/18,Advanced,None,On the Ballot,42.4,Yes,,,,,,No,,,,,,,,,False,0
Mike Miller,Mike_Miller_FL,MillerFlorida14,FL,U.S. House Florida District 7,Representative,Regular,8/28/18,Advanced,None,On the Ballot,53.9,Yes,Yes,,,,,No,,,,,,Yes,,,False,2
Scott Sturgill,Scott_Sturgill,,FL,U.S. House Florida District 7,Representative,Regular,8/28/18,Lost,None,None,30.4,No,Yes,,,,,Yes,,Yes,,,,No,,,False,3
Vennia Francois,Vennia4Congress,,FL,U.S. House Florida District 7,Representative,Regular,8/28/18,Lost,None,None,15.8,No,No,,,,,No,,No,,,,No,,,False,0
Rick Scott,SenRickScott,,FL,U.S. Senate Florida,Senator,Regular,8/28/18,Advanced,None,On the Ballot,88.6,Yes,,Yes,,,,Yes,,Yes,Yes,,,,Yes,,False,5
Roque De La Fuente,JoinRocky,,FL,U.S. Senate Florida,Senator,Regular,8/28/18,Lost,None,None,11.4,No,,No,,,,No,,No,No,,,,No,,False,0
Brian Kemp,BrianKempGA,,GA,Governor of Georgia,Governor,Regular,5/22/18,Advanced,Advanced,On the Ballot,25.55,Yes,,Yes,,,No,No,,,,,,,,,False,1
Casey Cagle,CaseyCagle,,GA,Governor of Georgia,Governor,Regular,5/22/18,Advanced,Lost,None,39.01,No,,No,,,Yes,No,,,,,,,,,False,1
Hunter Hill,votehunterhill,,GA,Governor of Georgia,Governor,Regular,5/22/18,Lost,None,None,18.35,No,,No,,,No,Yes,,,,,,,,,False,1
Michael Williams,williamsforga,,GA,Governor of Georgia,Governor,Regular,5/22/18,Lost,None,None,4.88,No,,No,,,No,No,,,,,,,,,False,0
Clay Tippins,ClayTippins,,GA,Governor of Georgia,Governor,Regular,5/22/18,Lost,None,None,12.21,No,,No,,,No,No,,,,,,,,,False,0
Eddie Hayes,IStandWithEddie,,GA,Governor of Georgia,Governor,Regular,5/22/18,Lost,None,None,0.0,No,,No,,,No,No,,,,,,,,,False,0
David Callahan,DavidCa46446866,,GA,U.S. House Georgia District 13,Representative,Regular,5/22/18,Advanced,None,On the Ballot,93.0,Yes,,,,,,Yes,,,,,,,,,False,1
Femi Akinkugbe,,,GA,U.S. House Georgia District 13,Representative,Regular,5/22/18,Lost,None,None,7.0,No,,,,,,No,,,,,,,,,True,0
Andria Tupola,votetupola,,HI,Governor of Hawaii,Governor,Regular,8/11/18,Advanced,None,On the Ballot,55.5,Yes,,,,,,,,,,,,,,,False,0
John Carroll,Carroll4Hawaii,,HI,Governor of Hawaii,Governor,Regular,8/11/18,Lost,None,None,35.2,No,,,,,,,,,,,,,,,False,0
Ray L'Heureux,trustingov,,HI,Governor of Hawaii,Governor,Regular,8/11/18,Lost,None,None,9.3,No,,,,,,,,,,,,,,,False,0
Cam Cavasso,camcavasso,,HI,U.S. House Hawaii District 1,Representative,Regular,8/11/18,Advanced,None,On the Ballot,81.8,Yes,,,,,,,,,,,,,,,False,0
Raymond Vinole,,,HI,U.S. House Hawaii District 1,Representative,Regular,8/11/18,Lost,None,None,18.2,No,,,,,,,,,,,,,,,True,0
Ron Curtis,rcurtis808,,HI,U.S. Senate Hawaii,Senator,Regular,8/11/18,Advanced,None,On the Ballot,23.7,Yes,,,,,,,,,,,,,,,False,0
Michael Hodgkiss,,,HI,U.S. Senate Hawaii,Senator,Regular,8/11/18,Lost,None,None,5.9,No,,,,,,,,,,,,,,,True,0
Consuelo Anderson,,,HI,U.S. Senate Hawaii,Senator,Regular,8/11/18,Lost,None,None,19.3,No,,,,,,,,,,,,,,,True,0
George Berish,,,HI,U.S. Senate Hawaii,Senator,Regular,8/11/18,Lost,None,None,6.2,No,,,,,,,,,,,,,,,True,0
Roque De La Fuente,JoinRocky,,HI,U.S. Senate Hawaii,Senator,Regular,8/11/18,Lost,None,None,11.4,No,,,,,,,,,,,,,,,False,0
Robert Helsham,bigdaddyhelsham,,HI,U.S. Senate Hawaii,Senator,Regular,8/11/18,Lost,None,None,14.9,No,,,,,,,,,,,,,,,False,0
Eddie Pirkowski,,,HI,U.S. Senate Hawaii,Senator,Regular,8/11/18,Lost,None,None,5.1,No,,,,,,,,,,,,,,,True,0
Thomas White,,,HI,U.S. Senate Hawaii,Senator,Regular,8/11/18,Lost,None,None,13.6,No,,,,,,,,,,,,,,,True,0
Brad Little,GovernorLittle,LittleOtterID,ID,Governor of Idaho,Governor,Regular,5/15/18,Advanced,None,On the Ballot,37.29,Yes,,,,,,,,,,,,,,,False,0
Harley Brown,2018HarleyBrown,,ID,Governor of Idaho,Governor,Regular,5/15/18,Lost,None,None,0.45,No,,,,,,,,,,,,,,,False,0
Lisa Marie,,,ID,Governor of Idaho,Governor,Regular,5/15/18,Lost,None,None,1.75,No,,,,,,,,,,,,,,,True,0
Raul Labrador,RaulLabrador4ID,Raul_Labrador,ID,Governor of Idaho,Governor,Regular,5/15/18,Lost,None,None,32.63,No,,,,,,,,,,,,,,,False,0
Steven Pankey,PankeyforIdaho,,ID,Governor of Idaho,Governor,Regular,5/15/18,Lost,None,None,1.39,No,,,,,,,,,,,,,,,False,0
Tommy Ahlquist,TommyAhlquist,,ID,Governor of Idaho,Governor,Regular,5/15/18,Lost,None,None,26.22,No,,,,,,,,,,,,,,,False,0
Dalton Cannady,,,ID,Governor of Idaho,Governor,Regular,5/15/18,Lost,None,None,0.27,No,,,,,,,,,,,,,,,True,0
Russ Fulcher,RussFulcher,,ID,U.S. House Idaho District 1,Representative,Regular,5/15/18,Advanced,None,On the Ballot,43.12,Yes,,,,,,,,Yes,,Yes,,No,,,False,2
Christy Perry,RepChristyPerry,ChristyPerry208,ID,U.S. House Idaho District 1,Representative,Regular,5/15/18,Lost,None,None,11.19,No,,,,,,,,No,,No,,No,,,False,0
Luke Malek,LukeMalek,malek4congress,ID,U.S. House Idaho District 1,Representative,Regular,5/15/18,Lost,None,None,14.26,No,,,,,,,,No,,No,,Yes,,,False,1
David Leroy,,,ID,U.S. House Idaho District 1,Representative,Regular,5/15/18,Lost,None,None,15.53,No,,,,,,,,No,,No,,No,,,True,0
Michael Snyder,Revelation1217,,ID,U.S. House Idaho District 1,Representative,Regular,5/15/18,Lost,None,None,10.37,No,,,,,,,,No,,No,,No,,,False,0
Nick Henderson,VoteNickH,,ID,U.S. House Idaho District 1,Representative,Regular,5/15/18,Lost,None,None,2.02,No,,,,,,,,No,,No,,No,,,False,0
Alex Gallegos,AlexForIdaho,,ID,U.S. House Idaho District 1,Representative,Regular,5/15/18,Lost,None,None,3.5,No,,,,,,,,No,,No,,No,,,False,0
Doug Bennett,DougRBennett,,IL,U.S. House Illinois District 10,Representative,Regular,3/20/18,Advanced,None,On the Ballot,36.24,Yes,Yes,,,,,,,,,,,,,,False,1
Sapan Shah,drsapanshah,,IL,U.S. House Illinois District 10,Representative,Regular,3/20/18,Lost,None,None,29.06,No,Yes,,,,,,,,,,,,,,False,1
Jeremy Wynes,JeremyWynes,,IL,U.S. House Illinois District 10,Representative,Regular,3/20/18,Lost,None,None,34.7,No,Yes,,,,,,,,,,,,,,False,1
Nick Stella,nickstellamd,,IL,U.S. House Illinois District 11,Representative,Regular,3/20/18,Advanced,None,On the Ballot,79.33,Yes,,,,,,,,,,,,,,,False,0
Connor Vlakancic,ConnorVlakancic,,IL,U.S. House Illinois District 11,Representative,Regular,3/20/18,Lost,None,None,20.67,No,,,,,,,,,,,,,,,False,0
David Merkle,,,IL,U.S. House Illinois District 2,Representative,Regular,3/20/18,Advanced,None,On the Ballot,36.59,Yes,,,,,,,,,,,,,,,True,0
John Morrow,CandidateMorrow,,IL,U.S. House Illinois District 2,Representative,Regular,3/20/18,Lost,None,None,27.94,No,,,,,,,,,,,,,,,False,0
Patrick Harmon,,,IL,U.S. House Illinois District 2,Representative,Regular,3/20/18,Lost,None,None,35.46,No,,,,,,,,,,,,,,,True,0
Mark Wayne Lorch,MarkLorch,,IL,U.S. House Illinois District 4,Representative,Regular,3/20/18,Advanced,None,On the Ballot,100.0,Yes,,,,,,,,,,,,,,,False,0
Craig Cameron,CraigCameron07,,IL,U.S. House Illinois District 7,Representative,Regular,3/20/18,Advanced,None,On the Ballot,56.33,Yes,,,,,,,,,,,,,,,False,0
Jeffrey Leef,Leef2016gop,,IL,U.S. House Illinois District 7,Representative,Regular,3/20/18,Lost,None,None,43.67,No,,,,,,,,,,,,,,,False,0
John Elleson,JohnElleson,,IL,U.S. House Illinois District 9,Representative,Regular,3/20/18,Advanced,None,On the Ballot,40.37,Yes,,,,,,,,,,,,,,,False,0
Max Rice,,,IL,U.S. House Illinois District 9,Representative,Regular,3/20/18,Lost,None,None,10.15,No,,,,,,,,,,,,,,,True,0
D. Vincent Thomas Jr.,DVThomasJr,,IL,U.S. House Illinois District 9,Representative,Regular,3/20/18,Lost,None,None,18.83,No,,,,,,,,,,,,,,,False,0
Sargis Sangari,VoteSangari,,IL,U.S. House Illinois District 9,Representative,Regular,3/20/18,Lost,None,None,10.15,No,,,,,,,,,,,,,,,False,0
Mark Leyva,,,IN,U.S. House Indiana District 1,Representative,Regular,5/8/18,Advanced,None,On the Ballot,26.99,Yes,,,,,,,,,,,,,,,True,0
John Meyer,,,IN,U.S. House Indiana District 1,Representative,Regular,5/8/18,Lost,None,None,19.6,No,,,,,,,,,,,,,,,True,0
Jeremy Belko,jdbelko,,IN,U.S. House Indiana District 1,Representative,Regular,5/8/18,Lost,None,None,6.73,No,,,,,,,,,,,,,,,False,0
David Dopp,Dopp4Indiana,,IN,U.S. House Indiana District 1,Representative,Regular,5/8/18,Lost,None,None,7.61,No,,,,,,,,,,,,,,,False,0
Roseann Ivanovich,Ivanovich4House,,IN,U.S. House Indiana District 1,Representative,Regular,5/8/18,Lost,None,None,19.55,No,,,,,,,,,,,,,,,False,0
Nicholas Pappas,,,IN,U.S. House Indiana District 1,Representative,Regular,5/8/18,Lost,None,None,19.52,No,,,,,,,,,,,,,,,True,0
Jim Baird,ElectJimBaird,RepJimBaird,IN,U.S. House Indiana District 4,Representative,Regular,5/8/18,Advanced,None,On the Ballot,36.59,Yes,,,,,,Yes,,,,,,,,No,False,1
James Nease,,,IN,U.S. House Indiana District 4,Representative,Regular,5/8/18,Lost,None,None,2.62,No,,,,,,No,,,,,,,,,True,0
Kevin Grant,,,IN,U.S. House Indiana District 4,Representative,Regular,5/8/18,Lost,None,None,4.58,No,,,,,,No,,,,,,,,,True,0
Steve Braun,SteveBraunIN,braunforindiana,IN,U.S. House Indiana District 4,Representative,Regular,5/8/18,Lost,None,None,29.45,No,,,,,,Yes,,,,,,,,,False,1
Diego Morales,cdiegomorales,,IN,U.S. House Indiana District 4,Representative,Regular,5/8/18,Lost,None,None,14.97,No,,,,,,Yes,,,,,,,,No,False,1
Jared Thomas,JaredGuyThomas,,IN,U.S. House Indiana District 4,Representative,Regular,5/8/18,Lost,None,None,10.53,No,,,,,,No,,,,,,,,,False,0
Tim Radice,,,IN,U.S. House Indiana District 4,Representative,Regular,5/8/18,Lost,None,None,1.26,No,,,,,,No,,,,,,,,,True,0
Greg Pence,GregPenceIN,,IN,U.S. House Indiana District 6,Representative,Regular,5/8/18,Advanced,None,On the Ballot,64.48,Yes,,,,Yes,,Yes,,,,,,,,,False,2
Jeff Smith,,,IN,U.S. House Indiana District 6,Representative,Regular,5/8/18,Lost,None,None,3.04,No,,,,No,,Yes,,,,,,,,,True,1
Mike Campbell,,,IN,U.S. House Indiana District 6,Representative,Regular,5/8/18,Lost,None,None,4.34,No,,,,No,,No,,,,,,,,,True,0
Stephen MacKenzie,mackenziein6,,IN,U.S. House Indiana District 6,Representative,Regular,5/8/18,Lost,None,None,4.57,No,,,,No,,No,,,,,,,,,False,0
Jonathan Lamb,LambONOMICS,ElectLamb,IN,U.S. House Indiana District 6,Representative,Regular,5/8/18,Lost,None,None,23.56,No,,,,No,,No,,,,,,,,,False,0
Wayne Harmon,Gunny_Harmon,,IN,U.S. House Indiana District 7,Representative,Regular,5/8/18,Advanced,None,On the Ballot,28.81,Yes,,,,,,No,,,,,,,,,False,0
J.D. Miniear,JDMiniear,,IN,U.S. House Indiana District 7,Representative,Regular,5/8/18,Lost,None,None,13.59,No,,,,,,Yes,,,,,,,,,False,1
John Couch,,,IN,U.S. House Indiana District 7,Representative,Regular,5/8/18,Lost,None,None,15.24,No,,,,,,No,,,,,,,,,True,0
Tony Van Pelt,,,IN,U.S. House Indiana District 7,Representative,Regular,5/8/18,Lost,None,None,11.3,No,,,,,,No,,,,,,,,,True,0
J. Jason Davis,,,IN,U.S. House Indiana District 7,Representative,Regular,5/8/18,Lost,None,None,11.9,No,,,,,,No,,,,,,,,,True,0
Donald Eason Jr.,DonaldTEasonjr,,IN,U.S. House Indiana District 7,Representative,Regular,5/8/18,Lost,None,None,19.16,No,,,,,,No,,,,,,,,,False,0
Mike Braun,braun4indiana,SenatorBraun,IN,U.S. Senate Indiana,Senator,Regular,5/8/18,Advanced,None,On the Ballot,41.17,Yes,,,,,,Yes,,,,,,,,,False,1
Luke Messer,LukeMesserIN,,IN,U.S. Senate Indiana,Senator,Regular,5/8/18,Lost,None,None,28.84,No,,,,,,Yes,,,,,,,,,False,1
Todd Rokita,ToddRokita,,IN,U.S. Senate Indiana,Senator,Regular,5/8/18,Lost,None,None,29.99,No,,,,,,Yes,,,,,,,,,False,1
Caryn Tyson,RealCarynTyson,,KS,U.S. House Kansas District 2,Representative,Regular,8/7/18,Lost,None,None,23.2,No,Yes,,,,,Yes,Yes,,,,,,,,False,3
Kevin Jones,kevinicolejones,,KS,U.S. House Kansas District 2,Representative,Regular,8/7/18,Lost,None,None,15.9,No,No,,,,,No,No,,,,,,,,False,0
Steve Fitzgerald,LtColFitzgerald,,KS,U.S. House Kansas District 2,Representative,Regular,8/7/18,Lost,None,None,12.1,No,Yes,,,,,No,No,,,,,,,,False,1
Vernon Fields,,,KS,U.S. House Kansas District 2,Representative,Regular,8/7/18,Lost,None,None,2.6,No,No,,,,,No,No,,,,,,,,True,0
Steve Watkins,Steve4Kansas,Rep_Watkins,KS,U.S. House Kansas District 2,Representative,Regular,8/7/18,Advanced,None,On the Ballot,26.2,Yes,Yes,,,,,No,No,,,,,,,,False,1
Doug Mays,SpeakerDoug,,KS,U.S. House Kansas District 2,Representative,Regular,8/7/18,Lost,None,None,8.1,No,No,,,,,No,No,,,,,,,,False,0
Dennis Pyle,DennisPyle,,KS,U.S. House Kansas District 2,Representative,Regular,8/7/18,Lost,None,None,11.9,No,No,,,,,No,No,,,,,,,,False,0
Vickie Yates Glisson,VickieYGlisson,,KY,U.S. House Kentucky District 3,Representative,Regular,5/22/18,Advanced,None,On the Ballot,49.06,Yes,Yes,,,,,Yes,,,,,,,,,False,2
Mike Craven,,,KY,U.S. House Kentucky District 3,Representative,Regular,5/22/18,Lost,None,None,26.9,No,No,,,,,No,,,,,,,,,True,0
Rhonda Palazzo,,,KY,U.S. House Kentucky District 3,Representative,Regular,5/22/18,Lost,None,None,24.05,No,No,,,,,No,,,,,,,,,True,0
Liz Matory,LizForCongress,LizMatory,MD,U.S. House Maryland District 2,Representative,Regular,6/26/18,Advanced,None,On the Ballot,42.01,Yes,,,,,,Yes,,,,,,,,,False,1
Mark Shell,shell4congress,,MD,U.S. House Maryland District 2,Representative,Regular,6/26/18,Lost,None,None,23.6,No,,,,,,No,,,,,,,,,False,0
Hubert Owens Jr.,,,MD,U.S. House Maryland District 2,Representative,Regular,6/26/18,Lost,None,None,17.07,No,,,,,,No,,,,,,,,,True,0
Mitchell Toland Jr.,mitch_toland_jr,,MD,U.S. House Maryland District 2,Representative,Regular,6/26/18,Lost,None,None,17.32,No,,,,,,No,,,,,,,,,False,0
Charles Anthony,,,MD,U.S. House Maryland District 3,Representative,Regular,6/26/18,Advanced,None,On the Ballot,43.59,Yes,,,,,,No,,,,,,,,,True,0
Thomas Harris,,,MD,U.S. House Maryland District 3,Representative,Regular,6/26/18,Lost,None,None,35.96,No,,,,,,No,,,,,,,,,True,0
Rob Seyfferth,RobertSeyfferth,,MD,U.S. House Maryland District 3,Representative,Regular,6/26/18,Lost,None,None,20.45,No,,,,,,No,,,,,,,,,False,0
William Devine III,studlydevine,,MD,U.S. House Maryland District 5,Representative,Regular,6/26/18,Advanced,None,On the Ballot,57.56,Yes,,,,,,,,,,,,,,,False,0
Johnny Rice,JohnyRice4Jesus,,MD,U.S. House Maryland District 5,Representative,Regular,6/26/18,Lost,None,None,42.44,No,,,,,,,,,,,,,,,False,0
Amie Hoeber,amieformaryland,HoeberAmie,MD,U.S. House Maryland District 6,Representative,Regular,6/26/18,Advanced,None,On the Ballot,67.76,Yes,Yes,,,,,No,,,,,,,,,False,1
Lisa Lloyd,,,MD,U.S. House Maryland District 6,Representative,Regular,6/26/18,Lost,None,None,17.81,No,No,,,,,No,,,,,,,,,True,0
Brad Rohrs,,,MD,U.S. House Maryland District 6,Representative,Regular,6/26/18,Lost,None,None,5.68,No,No,,,,,Yes,,,,,,,,,True,1
Kurt Elsasser,Elsasser4congr1,,MD,U.S. House Maryland District 6,Representative,Regular,6/26/18,Lost,None,None,8.75,No,No,,,,,No,,,,,,,,,False,0
Ray Bly,,,MD,U.S. House Maryland District 7,Representative,Regular,6/26/18,Lost,None,None,16.52,No,,,,,,No,,,,,,,,,True,0
William Newton,NEWTONCONGRESS,,MD,U.S. House Maryland District 7,Representative,Regular,6/26/18,Lost,None,None,22.33,No,,,,,,Yes,,,,,,,,,False,1
Richmond Davis,Davis4Maryland,,MD,U.S. House Maryland District 7,Representative,Regular,6/26/18,On the Ballot,None,None,31.29,No,,,,,,No,,,,,,,,,False,0
Michael Pearson,,,MD,U.S. House Maryland District 7,Representative,Regular,6/26/18,On the Ballot,None,None,29.86,No,,,,,,No,,,,,,,,,True,0
John Walsh,,,MD,U.S. House Maryland District 8,Representative,Regular,6/26/18,Advanced,None,On the Ballot,44.87,Yes,,,,,,,,,,,,,,,True,0
Bridgette Cooper,BCoopercongress,,MD,U.S. House Maryland District 8,Representative,Regular,6/26/18,Lost,None,None,31.28,No,,,,,,,,,,,,,,,False,0
Victor Williams,,,MD,U.S. House Maryland District 8,Representative,Regular,6/26/18,Lost,None,None,23.85,No,,,,,,,,,,,,,,,True,0
Tony Campbell,Campbell4MD,,MD,U.S. Senate Maryland,Senator,Regular,6/26/18,Advanced,None,On the Ballot,29.22,Yes,,,,,,Yes,,,,,,,,,False,1
Blaine Taylor,,,MD,U.S. Senate Maryland,Senator,Regular,6/26/18,Lost,None,None,5.03,No,,,,,,No,,,,,,,,,True,0
Brian Vaeth,bvaeth253,,MD,U.S. Senate Maryland,Senator,Regular,6/26/18,Lost,None,None,3.07,No,,,,,,No,,,,,,,,,False,0
Chris Chaffee,ChaffeeUSSenate,,MD,U.S. Senate Maryland,Senator,Regular,6/26/18,Lost,None,None,24.05,No,,,,,,No,,,,,,,,,False,0
John Graziani,,,MD,U.S. Senate Maryland,Senator,Regular,6/26/18,Lost,None,None,8.77,No,,,,,,No,,,,,,,,,True,0
Nnabu Eze,eze4senate,,MD,U.S. Senate Maryland,Senator,Regular,6/26/18,Lost,None,None,1.96,No,,,,,,No,,,,,,,,,False,0
Evan Cronhardt,EvanCronhardt,,MD,U.S. Senate Maryland,Senator,Regular,6/26/18,Lost,None,None,2.53,No,,,,,,No,,,,,,,,,False,0
Christina Grigorian,GrigorianSenate,,MD,U.S. Senate Maryland,Senator,Regular,6/26/18,Lost,None,None,17.48,No,,,,,,No,,,,,,,,,False,0
Bill Krehnbrink,CoachforPOTUS,,MD,U.S. Senate Maryland,Senator,Regular,6/26/18,Lost,None,None,2.05,No,,,,,,No,,,,,,,,,False,0
Gerald Smith,,,MD,U.S. Senate Maryland,Senator,Regular,6/26/18,Lost,None,None,4.3,No,,,,,,No,,,,,,,,,True,0
Albert Howard,binyahminhoward,,MD,U.S. Senate Maryland,Senator,Regular,6/26/18,Lost,None,None,1.55,No,,,,,,No,,,,,,,,,False,0
Shawn Moody,Moody4Gov,,ME,Governor of Maine,Governor,Regular,6/12/18,Advanced,None,On the Ballot,52.6,Yes,,,,,,,,,,,,,,,False,0
Garrett Mason,garrettmason,,ME,Governor of Maine,Governor,Regular,6/12/18,Lost,None,None,21.23,No,,,,,,,,,,,,,,,False,0
Mary Mayhew,mayhewformaine,,ME,Governor of Maine,Governor,Regular,6/12/18,Lost,None,None,13.82,No,,,,,,,,,,,,,,,False,0
Kenneth Fredette,KenFredetteME,,ME,Governor of Maine,Governor,Regular,6/12/18,Lost,None,None,5.26,No,,,,,,,,,,,,,,,False,0
Eric Brakey,SenatorBrakey,,ME,U.S. Senate Maine,Senator,Regular,6/12/18,Advanced,None,On the Ballot,100.0,Yes,,,,,,,,,,,,,,,False,0
Kevin Powers,Powers4Congress,,MA,U.S. House Massachusetts District 2,Representative,Regular,9/4/18,Lost,None,None,39.2,No,,,,,,,,,,,,,,,False,0
Tracy Lovvorn,Tracy4Congress,,MA,U.S. House Massachusetts District 2,Representative,Regular,9/4/18,Advanced,None,On the Ballot,60.8,Yes,,,,,,,,,,,,,,,False,0
John Hugo,HugoCongress,,MA,U.S. House Massachusetts District 5,Representative,Regular,9/4/18,Advanced,None,On the Ballot,63.7,Yes,,,,,,Yes,,,,,,,,,False,1
Louis Kuchnir,,,MA,U.S. House Massachusetts District 5,Representative,Regular,9/4/18,Lost,None,None,36.3,No,,,,,,No,,,,,,,,,True,0
Geoff Diehl,RepGeoffDiehl,DiehlForSenate,MA,U.S. Senate Massachusetts,Senator,Regular,9/4/18,Advanced,None,On the Ballot,55.3,Yes,,,,,Yes,,,,,,,,,,False,1
John Kingston,johnkingstonma,,MA,U.S. Senate Massachusetts,Senator,Regular,9/4/18,Lost,None,None,26.7,No,,,,,No,,,,,,,,,,False,0
Beth Lindstrom,BethLindstrom,,MA,U.S. Senate Massachusetts,Senator,Regular,9/4/18,Lost,None,None,17.9,No,,,,,No,,,,,,,,,,False,0
Jim Hines,hines4michigan,,MI,Governor of Michigan,Governor,Regular,8/7/18,Lost,None,None,11.0,No,,No,,,,Yes,No,,,,,,No,,False,1
Brian Calley,briancalley,,MI,Governor of Michigan,Governor,Regular,8/7/18,Lost,None,None,25.2,No,,No,,,,Yes,No,,,,,,No,,False,1
Patrick Colbeck,pjcolbeck,,MI,Governor of Michigan,Governor,Regular,8/7/18,Lost,None,None,13.1,No,,No,,,,Yes,No,,,,,,No,,False,1
"William Duncan ""Bill"" Schuette",SchuetteOnDuty,,MI,Governor of Michigan,Governor,Regular,8/7/18,Advanced,None,On the Ballot,50.7,Yes,,Yes,,,,Yes,No,,,,,,Yes,,False,3
Kerry Bentivolio,RepKerryB,KerryB4Congress,MI,U.S. House Michigan District 11,Representative,Regular,8/7/18,Lost,None,None,11.3,No,,,,,,Yes,No,,No,,,,,,False,1
Klint Kesto,KlintKesto,,MI,U.S. House Michigan District 11,Representative,Regular,8/7/18,Lost,None,None,14.0,No,Yes,,,,,Yes,No,,No,,,,,,False,2
Mike Kowall,MikeKowall,,MI,U.S. House Michigan District 11,Representative,Regular,8/7/18,Lost,None,None,18.6,No,Yes,,,,,Yes,No,,No,,,,,,False,2
Rocky Raczkowski,rockyraczkowski,,MI,U.S. House Michigan District 11,Representative,Regular,8/7/18,Lost,None,None,25.4,No,Yes,,,,,Yes,No,,No,,,,,,False,2
Lena Epstein,LenaEpstein,,MI,U.S. House Michigan District 11,Representative,Regular,8/7/18,Advanced,None,On the Ballot,30.7,Yes,Yes,,,,,Yes,Yes,,Yes,,,,,,False,4
Candius Stearns,CandiusStearns,,MI,U.S. House Michigan District 9,Representative,Regular,8/7/18,Advanced,None,On the Ballot,100.0,Yes,Yes,,,,,Yes,Yes,,No,,,,,,False,3
John James,JohnJamesMI,,MI,U.S. Senate Michigan,Senator,Regular,8/7/18,Advanced,None,On the Ballot,54.7,Yes,,Yes,,,,Yes,Yes,,,,,,Yes,,False,4
Sandy Pensler,SandyPensler,,MI,U.S. Senate Michigan,Senator,Regular,8/7/18,Lost,None,None,45.3,No,,No,,,,No,No,,,,,,No,,False,0
Jeff Johnson,MNJeffJohnson,,MN,Governor of Minnesota,Governor,Regular,8/14/18,Advanced,None,On the Ballot,52.6,Yes,,,,,,,,,,,,,No,,False,0
Tim Pawlenty,TimPawlenty,,MN,Governor of Minnesota,Governor,Regular,8/14/18,Lost,None,None,43.9,No,,,,,,,,,,,,,Yes,,False,1
Matt Kruse,,,MN,Governor of Minnesota,Governor,Regular,8/14/18,Lost,None,None,3.5,No,,,,,,,,,,,,,No,,True,0
Jim Hagedorn,JimHagedornMN,RepHagedorn,MN,U.S. House Minnesota District 1,Representative,Regular,8/14/18,Advanced,None,On the Ballot,60.2,Yes,Yes,,,,,,No,,,,,,,,False,1
Carla Nelson,CarlaNelsonMN,,MN,U.S. House Minnesota District 1,Representative,Regular,8/14/18,Lost,None,None,32.1,No,Yes,,,,,,Yes,,,,,,,,False,2
Andrew Candler,,,MN,U.S. House Minnesota District 1,Representative,Regular,8/14/18,Lost,None,None,2.6,No,No,,,,,,No,,,,,,,,True,0
Steve Williams,,,MN,U.S. House Minnesota District 1,Representative,Regular,8/14/18,Lost,None,None,5.1,No,No,,,,,,No,,,,,,,,True,0
Jennifer Zielinski,jen4congress,,MN,U.S. House Minnesota District 5,Representative,Regular,8/14/18,Advanced,None,On the Ballot,56.5,Yes,,,,,,,,,,,,,,,False,0
Christopher Chamberlin,realChamberlin,Chamberlin4MN,MN,U.S. House Minnesota District 5,Representative,Regular,8/14/18,Lost,None,None,32.5,No,,,,,,,,,,,,,,,False,0
Bob Carney Jr.,,,MN,U.S. House Minnesota District 5,Representative,Regular,8/14/18,Lost,None,None,11.0,No,,,,,,,,,,,,,,,True,0
Dave Hughes,DHughesCongress,,MN,U.S. House Minnesota District 7,Representative,Regular,8/14/18,Advanced,None,On the Ballot,72.6,Yes,,,,,,,,,,,,,,,False,0
Matt Prosch,MattProsch4MN,,MN,U.S. House Minnesota District 7,Representative,Regular,8/14/18,Lost,None,None,27.4,No,,,,,,,,,,,,,,,False,0
Pete Stauber,PeteStauber,RepPeteStauber,MN,U.S. House Minnesota District 8,Representative,Regular,8/14/18,Advanced,None,On the Ballot,89.7,Yes,Yes,Yes,,,,,,,Yes,,,,,,False,3
Harry Welty,,,MN,U.S. House Minnesota District 8,Representative,Regular,8/14/18,Lost,None,None,10.3,No,No,No,,,,,,,No,,,,,,True,0
Jim Newberger,NewbergerJim,,MN,U.S. Senate Minnesota,Senator,Regular,8/14/18,Advanced,None,On the Ballot,69.5,Yes,,,,,,No,No,,,,,,,,False,0
Karin Housley,KarinHousley,,MN,U.S. Senate Minnesota,Senator,Special,8/14/18,Advanced,None,On the Ballot,62.0,Yes,,,,,,Yes,Yes,,,,,,,,False,2
Merrill Anderson,,,MN,U.S. Senate Minnesota,Senator,Regular,8/14/18,Lost,None,None,15.7,No,,,,,,No,No,,,,,,,,True,0
Bob Anderson,paxilbob,,MN,U.S. Senate Minnesota,Senator,Special,8/14/18,Lost,None,None,35.6,No,,,,,,No,No,,,,,,,,False,0
Roque De La Fuente,JoinRocky,,MN,U.S. Senate Minnesota,Senator,Regular,8/14/18,Lost,None,None,5.9,No,,,,,,No,No,,,,,,,,False,0
Rae Hart Anderson,RaeHartAnderso1,,MN,U.S. Senate Minnesota,Senator,Regular,8/14/18,Lost,None,None,5.9,No,,,,,,No,No,,,,,,,,False,0
Nikolay Nikolayevich Bey,,,MN,U.S. Senate Minnesota,Senator,Special,8/14/18,Lost,None,None,2.5,No,,,,,,No,No,,,,,,,,True,0
Camille Lombardi-Olive,,,MO,U.S. House Missouri District 1,Representative,Regular,8/7/18,Lost,None,None,32.6,No,,,,,,,,,,,,,,,True,0
Edward Van Deventer Jr.,Edforthepeople,,MO,U.S. House Missouri District 1,Representative,Regular,8/7/18,Lost,None,None,32.9,No,,,,,,,,,,,,,,,False,0
Robert Vroman,vroman_robert,,MO,U.S. House Missouri District 1,Representative,Regular,8/7/18,Advanced,None,On the Ballot,34.5,Yes,,,,,,,,,,,,,,,False,0
Kress Cambers,KressFCambers,,MO,U.S. House Missouri District 5,Representative,Regular,8/7/18,Lost,None,None,17.6,No,,,,,,No,,,,,,,,,False,0
Richonda Oaks,,,MO,U.S. House Missouri District 5,Representative,Regular,8/7/18,Lost,None,None,7.3,No,,,,,,No,,,,,,,,,True,0
Jacob Turk,JacobTurk,,MO,U.S. House Missouri District 5,Representative,Regular,8/7/18,Advanced,None,On the Ballot,75.1,Yes,,,,,,Yes,,,,,,,,,False,1
Austin Petersen,AP4Liberty,,MO,U.S. Senate Missouri,Senator,Regular,8/7/18,Lost,None,None,8.3,No,,No,No,No,,No,,No,No,,,,,,False,0
Josh Hawley,HawleyMO,,MO,U.S. Senate Missouri,Senator,Regular,8/7/18,Advanced,None,On the Ballot,58.6,Yes,,Yes,Yes,Yes,,Yes,,Yes,Yes,,,,,,False,6
Tony Monetti,TonyMonetti,Monetti4Senate,MO,U.S. Senate Missouri,Senator,Regular,8/7/18,Lost,None,None,9.8,No,,No,No,No,,No,,No,No,,,,,,False,0
Courtland Sykes,Courtland_Sykes,SykesforSenate,MO,U.S. Senate Missouri,Senator,Regular,8/7/18,Lost,None,None,2.1,No,,No,No,No,,No,,No,No,,,,,,False,0
Brian Hagg,,,MO,U.S. Senate Missouri,Senator,Regular,8/7/18,Lost,None,None,1.0,No,,No,No,No,,No,,No,No,,,,,,True,0
Ken Patterson,,,MO,U.S. Senate Missouri,Senator,Regular,8/7/18,Lost,None,None,2.9,No,,No,No,No,,No,,No,No,,,,,,True,0
Peter Pfeifer,PeterPfeifer18,,MO,U.S. Senate Missouri,Senator,Regular,8/7/18,Lost,None,None,2.5,No,,No,No,No,,No,,No,No,,,,,,False,0
Christina Smith,Smithussenate,,MO,U.S. Senate Missouri,Senator,Regular,8/7/18,Lost,None,None,5.3,No,,No,No,No,,No,,No,No,,,,,,False,0
Bradley Krembs,,,MO,U.S. Senate Missouri,Senator,Regular,8/7/18,Lost,None,None,0.7,No,,No,No,No,,No,,No,No,,,,,,True,0
Kristi Nichols,Kristi414US,,MO,U.S. Senate Missouri,Senator,Regular,8/7/18,Lost,None,None,7.5,No,,No,No,No,,No,,No,No,,,,,,False,0
Fred Ryman,,,MO,U.S. Senate Missouri,Senator,Regular,8/7/18,Lost,None,None,1.3,No,,No,No,No,,No,,No,No,,,,,,True,0
Whit Hughes,,,MS,U.S. House Mississippi District 3,Representative,Regular,6/5/18,Advanced,Lost,None,22.24,No,,,,,,,,,,,Yes,,,,True,1
Michael Guest,GuestCongress,,MS,U.S. House Mississippi District 3,Representative,Regular,6/5/18,Advanced,Advanced,On the Ballot,44.84,Yes,,,,,,,,,,,No,,,,False,0
Sally Doty,SallyDoty,DotyforCongress,MS,U.S. House Mississippi District 3,Representative,Regular,6/5/18,Lost,None,None,10.16,No,,,,,,,,,,,No,,,,False,0
Perry Parker,perryparker23,,MS,U.S. House Mississippi District 3,Representative,Regular,6/5/18,Lost,None,None,16.24,No,,,,,,,,,,,No,,,,False,0
Morgan Dunn,morgandunn_ms,DunnCongress,MS,U.S. House Mississippi District 3,Representative,Regular,6/5/18,Lost,None,None,5.87,No,,,,,,,,,,,No,,,,False,0
Katherine Tate,,,MS,U.S. House Mississippi District 3,Representative,Regular,6/5/18,Lost,None,None,0.64,No,,,,,,,,,,,No,,,,True,0
Matt Rosendale,MattForMontana,,MT,U.S. Senate Montana,Senator,Regular,6/5/18,Advanced,None,On the Ballot,33.82,Yes,,,Yes,Yes,,,,Yes,,,Yes,,,,False,4
Albert Olszewski,OlszewskiAl,alformontana,MT,U.S. Senate Montana,Senator,Regular,6/5/18,Lost,None,None,18.7,No,,,No,No,,,,No,,,No,,,,False,0
Russell C. Fagg,russforussenate,,MT,U.S. Senate Montana,Senator,Regular,6/5/18,Lost,None,None,28.34,No,,,No,No,,,,No,,,No,,,,False,0
Troy Downing,TroyDowningMT,,MT,U.S. Senate Montana,Senator,Regular,6/5/18,Lost,None,None,19.12,No,,,No,No,,,,No,,,No,,,,False,0
Paul Wright,,,NC,U.S. House North Carolina District 12,Representative,Regular,5/8/18,Advanced,None,On the Ballot,43.21,Yes,,,,,,,,,,,,,,,True,0
Paul Bonham,,,NC,U.S. House North Carolina District 12,Representative,Regular,5/8/18,Lost,None,None,31.51,No,,,,,,,,,,,,,,,True,0
Carl Persson,cp4usc,,NC,U.S. House North Carolina District 12,Representative,Regular,5/8/18,Lost,None,None,25.29,No,,,,,,,,,,,,,,,False,0
Kelly Armstrong,Armstrong_ND,,ND,U.S. House North Dakota At-large District,Representative,Regular,6/12/18,Advanced,None,On the Ballot,56.22,Yes,,,,,,,,,,,,,,,False,0
Kelly Armstrong,RepArmstrongND,,ND,U.S. House North Dakota At-large District,Representative,Regular,6/12/18,Advanced,None,On the Ballot,56.22,Yes,,,,,,,,,,,,,,,False,0
Tom Campbell,tomfornd,,ND,U.S. House North Dakota At-large District,Representative,Regular,6/12/18,Lost,None,None,26.87,No,,,,,,,,,,,,,,,False,0
Tiffany Abentroth,abentrothfornd,,ND,U.S. House North Dakota At-large District,Representative,Regular,6/12/18,Lost,None,None,8.91,No,,,,,,,,,,,,,,,False,0
Paul Schaffner,,,ND,U.S. House North Dakota At-large District,Representative,Regular,6/12/18,Lost,None,None,7.89,No,,,,,,,,,,,,,,,True,0
Kevin Cramer,kevincramer,,ND,U.S. Senate North Dakota,Senator,Regular,6/12/18,Advanced,None,On the Ballot,87.73,Yes,,Yes,,,,Yes,,,,,,,,,False,2
Thomas O'Neill,,,ND,U.S. Senate North Dakota,Senator,Regular,6/12/18,Lost,None,None,12.13,No,,No,,,,No,,,,,,,,,True,0
Andy Martin,AndyMartinUSA,,NH,U.S. House New Hampshire District 1,Representative,Regular,9/11/18,Lost,None,None,4.2,No,No,,,,No,,,,,,,,,,False,0
Andy Sanborn,SenatorSanborn,,NH,U.S. House New Hampshire District 1,Representative,Regular,9/11/18,Lost,None,None,41.6,No,Yes,,,,Yes,,,,,,,,,,False,2
Eddie Edwards,EddieEdwardsNH,,NH,U.S. House New Hampshire District 1,Representative,Regular,9/11/18,Advanced,None,On the Ballot,48.0,Yes,Yes,,,,No,,,,,,,,,,False,1
Bruce Crochetiere,BruceforNH,,NH,U.S. House New Hampshire District 1,Representative,Regular,9/11/18,Lost,None,None,1.6,No,No,,,,No,,,,,,,,,,False,0
Michael Callis,,,NH,U.S. House New Hampshire District 1,Representative,Regular,9/11/18,Lost,None,None,2.6,No,No,,,,No,,,,,,,,,,True,0
Lynne Blankenbeker,BlankenbekerNH,,NH,U.S. House New Hampshire District 2,Representative,Regular,9/11/18,Lost,None,None,22.9,No,No,,,,,,Yes,,,,,,,,False,1
Steve Negron,Negron4Congress,,NH,U.S. House New Hampshire District 2,Representative,Regular,9/11/18,Advanced,None,On the Ballot,26.0,Yes,Yes,,,,,,No,,,,,,,,False,1
Stewart Levenson,Dr_Levenson_NH,,NH,U.S. House New Hampshire District 2,Representative,Regular,9/11/18,Lost,None,None,25.3,No,Yes,,,,,,No,,,,,,,,False,1
Brian Belanger,belanger4nh,,NH,U.S. House New Hampshire District 2,Representative,Regular,9/11/18,Lost,None,None,5.6,No,No,,,,,,No,,,,,,,,False,0
Bob Burns,BurnsForNH,,NH,U.S. House New Hampshire District 2,Representative,Regular,9/11/18,Lost,None,None,15.9,No,No,,,,,,No,,,,,,,,False,0
Gerard Beloin,GerardBeloin,,NH,U.S. House New Hampshire District 2,Representative,Regular,9/11/18,Lost,None,None,1.5,No,No,,,,,,No,,,,,,,,False,0
Jay Mercer,,,NH,U.S. House New Hampshire District 2,Representative,Regular,9/11/18,Lost,None,None,2.9,No,No,,,,,,No,,,,,,,,True,0
Jay Webber,JayWebberNJ,,NJ,U.S. House New Jersey District 11,Representative,Regular,6/5/18,Advanced,None,On the Ballot,40.04,Yes,Yes,,,,,,Yes,,,,,,,,False,2
Martin Hewitt,VoteHewitt2018,,NJ,U.S. House New Jersey District 11,Representative,Regular,6/5/18,Lost,None,None,3.48,No,No,,,,,No,No,,,,,,,,False,0
Antony Ghee,antonyghee,,NJ,U.S. House New Jersey District 11,Representative,Regular,6/5/18,Lost,None,None,21.93,No,Yes,,,,,No,No,,,,,,,,False,1
Patrick Allocco,psallocco,,NJ,U.S. House New Jersey District 11,Representative,Regular,6/5/18,Lost,None,None,4.1,No,No,,,,,No,No,,,,,,,,False,0
Peter de Neufville,,,NJ,U.S. House New Jersey District 11,Representative,Regular,6/5/18,Lost,None,None,30.45,No,Yes,,,,,No,No,,,,,,,,True,1
Seth Grossman,Grossman4NJ,,NJ,U.S. House New Jersey District 2,Representative,Regular,6/5/18,Advanced,None,On the Ballot,39.05,Yes,,,,,,No,,,,,,,,,False,0
Samuel Fiocchi,,,NJ,U.S. House New Jersey District 2,Representative,Regular,6/5/18,Lost,None,None,23.35,No,,,,,,No,,,,,,,,,True,0
Hirsh Singh,HirshSingh,,NJ,U.S. House New Jersey District 2,Representative,Regular,6/5/18,Lost,None,None,30.52,No,,,,,,No,,,,,,,,,False,0
Robert Turkavage,,,NJ,U.S. House New Jersey District 2,Representative,Regular,6/5/18,Lost,None,None,7.09,No,,,,,,No,,,,,,,,,True,0
John McCann,realJohnMcCann,,NJ,U.S. House New Jersey District 5,Representative,Regular,6/5/18,Advanced,None,On the Ballot,53.05,Yes,Yes,,,,,No,,,,,No,,,,False,1
Steve Lonegan,Lonegan,,NJ,U.S. House New Jersey District 5,Representative,Regular,6/5/18,Lost,None,None,46.95,No,Yes,,,,,Yes,,,,,Yes,,,,False,3
Bob Hugin,BobHugin,,NJ,U.S. Senate New Jersey,Senator,Regular,6/5/18,Advanced,None,On the Ballot,75.13,Yes,,,,,,,,,,,,,,,False,0
Brian Goldberg,Brian4NJ,,NJ,U.S. Senate New Jersey,Senator,Regular,6/5/18,Lost,None,None,24.87,No,,,,,,,,,,,,,,,False,0
Steve Pearce,Pearce4NM,,NM,Governor of New Mexico,Governor,Regular,6/5/18,Advanced,None,On the Ballot,100.0,Yes,,,,,,,,,,,,,,,False,0
Janice Arnold-Jones,LadySunshineNM,,NM,U.S. House New Mexico District 1,Representative,Regular,6/5/18,Advanced,None,On the Ballot,100.0,Yes,,,,,,,,,,,,,,,False,0
Yvette Herrell,Yvette4congress,,NM,U.S. House New Mexico District 2,Representative,Regular,6/5/18,Advanced,None,On the Ballot,49.0,Yes,Yes,,,,Yes,,Yes,,,Yes,,,,,False,4
Monty Newman,MontyNewmanNM,,NM,U.S. House New Mexico District 2,Representative,Regular,6/5/18,Lost,None,None,32.03,No,Yes,,,,No,,No,,,No,,,,,False,1
Gavin Clarkson,DrGavinClarkson,,NM,U.S. House New Mexico District 2,Representative,Regular,6/5/18,Lost,None,None,12.42,No,,,,,No,,No,,,No,,,,,False,0
Clayburn Griffin,Clayburn,,NM,U.S. House New Mexico District 2,Representative,Regular,6/5/18,Lost,None,None,6.55,No,,,,,No,,No,,,No,,,,,False,0
Adam Laxalt,AdamLaxalt,,NV,Governor of Nevada,Governor,Regular,6/12/18,Advanced,None,On the Ballot,71.49,Yes,,Yes,,,Yes,,,,Yes,,,,,,False,3
Dan Schwartz,AdamLaxalt,,NV,Governor of Nevada,Governor,Regular,6/12/18,Lost,None,None,9.09,No,,No,,,No,,,,No,,,,,,False,0
Frederick Conquest,conquest4nevada,,NV,Governor of Nevada,Governor,Regular,6/12/18,Lost,None,None,0.54,No,,No,,,No,,,,No,,,,,,False,0
Stephanie Carlisle,Carlisle4Nevada,,NV,Governor of Nevada,Governor,Regular,6/12/18,Lost,None,None,4.5,No,,No,,,No,,,,No,,,,,,False,0
Jared Fisher,fisherfornevada,,NV,Governor of Nevada,Governor,Regular,6/12/18,Lost,None,None,4.71,No,,No,,,No,,,,No,,,,,,False,0
Bill Boyd,boydfornevada,,NV,Governor of Nevada,Governor,Regular,6/12/18,Lost,None,None,4.24,No,,No,,,No,,,,No,,,,,,False,0
Edward Dundas,,,NV,Governor of Nevada,Governor,Regular,6/12/18,Lost,None,None,0.41,No,,No,,,No,,,,No,,,,,,True,0
Stan Lusak,,,NV,Governor of Nevada,Governor,Regular,6/12/18,Lost,None,None,0.71,No,,No,,,No,,,,No,,,,,,True,0
Joyce Bentley,JoyceBentleyCD1,,NV,U.S. House Nevada District 1,Representative,Regular,6/12/18,Advanced,None,On the Ballot,55.18,Yes,,,,,,,,,,,,,,,False,0
Freddy Horne,,,NV,U.S. House Nevada District 1,Representative,Regular,6/12/18,Lost,None,None,44.82,No,,,,,,,,,,,,,,,True,0
Danny Tarkanian,DannyTarkanian,,NV,U.S. House Nevada District 3,Representative,Regular,6/12/18,Advanced,None,On the Ballot,44.13,Yes,,Yes,Yes,,No,Yes,,,,,,,,,False,3
Annette Teijeiro,AnnetteTeijeiro,,NV,U.S. House Nevada District 3,Representative,Regular,6/12/18,Lost,None,None,3.54,No,,,No,,No,No,,,,,,,,,False,0
Eddie Hamilton,ethamilton123,,NV,U.S. House Nevada District 3,Representative,Regular,6/12/18,Lost,None,None,1.04,No,,,No,,No,No,,,,,,,,,False,0
Scott Hammond,hammond4nevada,,NV,U.S. House Nevada District 3,Representative,Regular,6/12/18,Lost,None,None,16.79,No,,,No,,Yes,No,,,,,,,,,False,1
Patrick Carter,,,NV,U.S. House Nevada District 3,Representative,Regular,6/12/18,Lost,None,None,2.72,No,,,No,,No,No,,,,,,,,,True,0
David McKeon,McKeonForNevada,,NV,U.S. House Nevada District 3,Representative,Regular,6/12/18,Lost,None,None,4.91,No,,,No,,No,No,,,,,,,,,False,0
Michelle Mortensen,Tell_Michelle_,,NV,U.S. House Nevada District 3,Representative,Regular,6/12/18,Lost,None,None,24.56,No,,,No,,No,No,,,,,,,,,False,0
Stephanie Jones,Steph4Nevada,,NV,U.S. House Nevada District 3,Representative,Regular,6/12/18,Lost,None,None,1.3,No,,,No,,No,No,,,,,,,,,False,0
Thomas Mark La Croix,ThomasCroix,,NV,U.S. House Nevada District 3,Representative,Regular,6/12/18,Lost,None,None,1.0,No,,,No,,No,No,,,,,,,,,False,0
Cresent Hardy,RepHardy,,NV,U.S. House Nevada District 4,Representative,Regular,6/12/18,Advanced,None,On the Ballot,47.41,Yes,Yes,,,,,,,,Yes,,,Yes,,,False,3
Jeff Miller,JMillerCongress,,NV,U.S. House Nevada District 4,Representative,Regular,6/12/18,Lost,None,None,7.96,No,No,,,,,,,,No,,,No,,,False,0
Kenneth Wegner,Wegner4Congress,,NV,U.S. House Nevada District 4,Representative,Regular,6/12/18,Lost,None,None,11.27,No,No,,,,,,,,No,,,No,,,False,0
Mike Monroe,,,NV,U.S. House Nevada District 4,Representative,Regular,6/12/18,Lost,None,None,3.02,No,No,,,,,,,,No,,,No,,,True,0
Bill Townsend,TownsendForNV,,NV,U.S. House Nevada District 4,Representative,Regular,6/12/18,Lost,None,None,11.37,No,No,,,,,,,,No,,,No,,,False,0
David Gibbs,,,NV,U.S. House Nevada District 4,Representative,Regular,6/12/18,Lost,None,None,18.96,No,No,,,,,,,,No,,,No,,,True,0
James Maxwell,drjimmaxwell,,NY,U.S. House New York District 25,Representative,Regular,6/26/18,Advanced,None,On the Ballot,100.0,Yes,Yes,,,,,,,,,,,,,,False,1
Richard Michael DeWine,MikeDeWine,,OH,Governor of Ohio,Governor,Regular,5/8/18,Advanced,None,On the Ballot,59.84,Yes,,,,,,Yes,,,,,,,,,False,1
Mary Taylor,MaryTaylorOH,,OH,Governor of Ohio,Governor,Regular,5/8/18,Lost,None,None,40.16,No,,,,,,No,,,,,,,,,False,0
Beverly Goldstein,BevGoldstein,,OH,U.S. House Ohio District 11,Representative,Regular,5/8/18,Advanced,None,On the Ballot,52.55,Yes,,,,,,,,,,,,,,,False,0
Gregory Dunham,,,OH,U.S. House Ohio District 11,Representative,Regular,5/8/18,Lost,None,None,47.45,No,,,,,,,,,,,,,,,True,0
Troy Balderson,Troy_Balderson,,OH,U.S. House Ohio District 12,Representative,Regular,5/8/18,Advanced,None,On the Ballot,28.72,Yes,,,,,,Yes,No,No,,No,,Yes,,,False,2
Jon Halverstadt,,,OH,U.S. House Ohio District 12,Representative,Regular,5/8/18,Lost,None,None,1.66,No,,,,,,No,No,No,,No,,No,,,True,0
Troy Balderson,RepBalderson,,OH,U.S. House Ohio District 12,Representative,Special,5/8/18,Advanced,None,On the Ballot,29.22,Yes,,,,,,Yes,No,No,,No,,Yes,,,False,2
Jon Halverstadt,,,OH,U.S. House Ohio District 12,Representative,Special,5/8/18,Lost,None,None,1.45,No,,,,,,No,No,No,,No,,No,,,True,0
John Adams,,,OH,U.S. House Ohio District 12,Representative,Regular,5/8/18,Lost,None,None,0.91,No,,,,,,No,No,No,,No,,No,,,True,0
Kevin Bacon,,,OH,U.S. House Ohio District 12,Representative,Regular,5/8/18,Lost,None,None,14.26,No,,,,,,No,No,No,,No,,No,,,True,0
Pat Manley,PatManleyOhio,,OH,U.S. House Ohio District 12,Representative,Regular,5/8/18,Lost,None,None,1.16,No,,,,,,No,No,No,,No,,No,,,False,0
Carol O'Brien,OBrienForOhio,,OH,U.S. House Ohio District 12,Representative,Regular,5/8/18,Lost,None,None,6.48,No,,,,,,No,No,No,,No,,No,,,False,0
Tim Kane,kaneforohio,,OH,U.S. House Ohio District 12,Representative,Regular,5/8/18,Lost,None,None,16.88,No,,,,,,No,No,No,,No,,No,,,False,0
Melanie Leneghan,MelanieLeneghan,,OH,U.S. House Ohio District 12,Representative,Regular,5/8/18,Lost,None,None,27.58,No,,,,,,No,Yes,Yes,,Yes,,No,,,False,3
Lawrence Cohen,CohenOH12,,OH,U.S. House Ohio District 12,Representative,Regular,5/8/18,Lost,None,None,1.17,No,,,,,,No,No,No,,No,,No,,,False,0
Mick Shoemaker Jr.,,,OH,U.S. House Ohio District 12,Representative,Regular,5/8/18,Lost,None,None,1.18,No,,,,,,No,No,No,,No,,No,,,True,0
Kevin Bacon,,,OH,U.S. House Ohio District 12,Representative,Special,5/8/18,Lost,None,None,14.27,No,,,,,,No,No,No,,No,,No,,,True,0
Lawrence Cohen,CohenOH12,,OH,U.S. House Ohio District 12,Representative,Special,5/8/18,Lost,None,None,1.17,No,,,,,,No,No,No,,No,,No,,,False,0
Tim Kane,kaneforohio,,OH,U.S. House Ohio District 12,Representative,Special,5/8/18,Lost,None,None,17.07,No,,,,,,No,No,No,,No,,No,,,False,0
Melanie Leneghan,MelanieLeneghan,,OH,U.S. House Ohio District 12,Representative,Special,5/8/18,Lost,None,None,28.25,No,,,,,,No,Yes,Yes,,Yes,,No,,,False,3
Pat Manley,PatManleyOhio,,OH,U.S. House Ohio District 12,Representative,Special,5/8/18,Lost,None,None,1.08,No,,,,,,No,No,No,,No,,No,,,False,0
Carol O'Brien,OBrienForOhio,,OH,U.S. House Ohio District 12,Representative,Special,5/8/18,Lost,None,None,6.4,No,,,,,,No,No,No,,No,,No,,,False,0
Mick Shoemaker Jr.,,,OH,U.S. House Ohio District 12,Representative,Special,5/8/18,Lost,None,None,1.09,No,,,,,,No,No,No,,No,,No,,,True,0
Anthony Gonzalez,RepAGonzalez,,OH,U.S. House Ohio District 16,Representative,Regular,5/8/18,Advanced,None,On the Ballot,53.07,Yes,Yes,,,,No,Yes,No,,,No,,Yes,Yes,,False,4
Christina Hagan,RepHagan,,OH,U.S. House Ohio District 16,Representative,Regular,5/8/18,Lost,None,None,40.78,No,Yes,,,,Yes,No,Yes,,,Yes,,No,No,,False,4
Michael Grusenmeyer,DrGrusenmeyer,,OH,U.S. House Ohio District 16,Representative,Regular,5/8/18,Lost,None,None,6.15,No,No,,,,No,No,No,,,No,,No,No,,False,0
Jim Burgess,JimBurgess7,,OH,U.S. House Ohio District 3,Representative,Regular,5/8/18,Advanced,None,On the Ballot,93.1,Yes,,,,,,,,,,,,,,,False,0
Abdulkadir Haji,Hajiforcongress,,OH,U.S. House Ohio District 3,Representative,Regular,5/8/18,Lost,None,None,6.9,No,,,,,,,,,,,,,,,False,0
Steven Kraus,TEAMKRAUS,,OH,U.S. House Ohio District 9,Representative,Regular,5/8/18,Advanced,None,On the Ballot,49.45,Yes,,,,,,,,,,,,,,,False,0
Keith Colton,colton4congress,,OH,U.S. House Ohio District 9,Representative,Regular,5/8/18,Lost,None,None,29.86,No,,,,,,,,,,,,,,,False,0
W. Benjamin Franklin,,,OH,U.S. House Ohio District 9,Representative,Regular,5/8/18,Lost,None,None,20.7,No,,,,,,,,,,,,,,,True,0
Jim Renacci,RepJimRenacci,,OH,U.S. Senate Ohio,Senator,Regular,5/8/18,Advanced,None,On the Ballot,47.34,Yes,,Yes,,,Yes,Yes,,,Yes,,No,,,,False,4
Don Eckhart,DoneOnFaith,,OH,U.S. Senate Ohio,Senator,Regular,5/8/18,Lost,None,None,3.88,No,,No,,,No,No,,,No,,No,,,,False,0
Mike Gibbons,MikeGibbonsOH,,OH,U.S. Senate Ohio,Senator,Regular,5/8/18,Lost,None,None,31.69,No,,No,,,No,No,,,No,,Yes,,,,False,1
Melissa Ackison,MelissaAckison,,OH,U.S. Senate Ohio,Senator,Regular,5/8/18,Lost,None,None,13.09,No,,No,,,No,No,,,No,,No,,,,False,0
Dan Kiley,kileyforsenate,,OH,U.S. Senate Ohio,Senator,Regular,5/8/18,Lost,None,None,3.99,No,,No,,,No,No,,,No,,No,,,,False,0
Mick Cornett,MickforGovernor,,OK,Governor of Oklahoma,Governor,Regular,6/26/18,Advanced,Lost,None,29.34,No,,,,,,,,,,,,,,,False,0
Mick Cornett,MickCornett,,OK,Governor of Oklahoma,Governor,Regular,6/26/18,Advanced,Lost,None,29.34,No,,,,,,,,,,,,,,,False,0
Kevin Stitt,GovStitt,,OK,Governor of Oklahoma,Governor,Regular,6/26/18,Advanced,Advanced,On the Ballot,24.41,Yes,,,,,,,,,,,,,,,False,0
Christopher Barnett,,,OK,Governor of Oklahoma,Governor,Regular,6/26/18,Lost,None,None,1.16,No,,,,,,,,,,,,,,,True,0
Dan Fisher,DanLFisher,,OK,Governor of Oklahoma,Governor,Regular,6/26/18,Lost,None,None,7.91,No,,,,,,,,,,,,,,,False,0
Eric Foutch,,,OK,Governor of Oklahoma,Governor,Regular,6/26/18,Lost,None,None,0.51,No,,,,,,,,,,,,,,,True,0
Barry Gowdy,,,OK,Governor of Oklahoma,Governor,Regular,6/26/18,Lost,None,None,0.52,No,,,,,,,,,,,,,,,True,0
Gary Jones,JonesOK2018,,OK,Governor of Oklahoma,Governor,Regular,6/26/18,Lost,None,None,5.58,No,,,,,,,,,,,,,,,False,0
Todd Lamb,LtGovToddLamb,,OK,Governor of Oklahoma,Governor,Regular,6/26/18,Lost,None,None,23.86,No,,,,,,,,,,,,,,,False,0
Todd Lamb,ToddGLamb,,OK,Governor of Oklahoma,Governor,Regular,6/26/18,Lost,None,None,23.86,No,,,,,,,,,,,,,,,False,0
Gary Richardson,,,OK,Governor of Oklahoma,Governor,Regular,6/26/18,Lost,None,None,4.02,No,,,,,,,,,,,,,,,True,0
Blake Cowboy Stephens,,,OK,Governor of Oklahoma,Governor,Regular,6/26/18,Lost,None,None,2.7,No,,,,,,,,,,,,,,,True,0
Kevin Hern,krhern,,OK,U.S. House Oklahoma District 1,Representative,Regular,6/26/18,Advanced,Advanced,On the Ballot,22.68,Yes,,,,,,,,No,,No,,Yes,,,False,1
Kevin Hern,repkevinhern,,OK,U.S. House Oklahoma District 1,Representative,Regular,6/26/18,Advanced,Advanced,On the Ballot,22.68,Yes,,,,,,,,No,,No,,Yes,,,False,1
Tim Harris,VoteTimHarris,,OK,U.S. House Oklahoma District 1,Representative,Regular,6/26/18,Advanced,Lost,None,27.48,No,,,,,,,,,,No,,No,,,False,0
Nathan Dahm,NathanDahm,,OK,U.S. House Oklahoma District 1,Representative,Regular,6/26/18,Lost,None,None,20.17,No,,,,,,,,,,No,,No,,,False,0
Andy Coleman,AndyColeman79,,OK,U.S. House Oklahoma District 1,Representative,Regular,6/26/18,Lost,None,None,21.85,No,,,,,,,,,,Yes,,No,,,False,1
Danny Stockstill,Stockstill4OK,,OK,U.S. House Oklahoma District 1,Representative,Regular,6/26/18,Lost,None,None,7.83,No,,,,,,,,,,No,,No,,,False,0
Danny Stockstill,dannystockstill,,OK,U.S. House Oklahoma District 1,Representative,Regular,6/26/18,Lost,None,None,7.83,No,,,,,,,,,,No,,No,,,False,0
Knute Buehler,KnuteBuehler,,OR,Governor of Oregon,Governor,Regular,5/15/18,Advanced,None,On the Ballot,45.9,Yes,,,,,,No,,,,,,,,,False,0
Bruce Cuff,brucecuff,,OR,Governor of Oregon,Governor,Regular,5/15/18,Lost,None,None,1.55,No,,,,,,No,,,,,,,,,False,0
Sam Carpenter,CarpenterforOR,,OR,Governor of Oregon,Governor,Regular,5/15/18,Lost,None,None,28.85,No,,,,,,No,,,,,,,,,False,0
Jeff Smith,,,OR,Governor of Oregon,Governor,Regular,5/15/18,Lost,None,None,1.49,No,,,,,,No,,,,,,,,,True,0
Keenan Bohach,,,OR,Governor of Oregon,Governor,Regular,5/15/18,Lost,None,None,0.25,No,,,,,,No,,,,,,,,,True,0
Jack Tacy,,,OR,Governor of Oregon,Governor,Regular,5/15/18,Lost,None,None,0.16,No,,,,,,No,,,,,,,,,True,0
Greg Wooldridge,greg_wooldridge,,OR,Governor of Oregon,Governor,Regular,5/15/18,Lost,None,None,20.08,No,,,,,,Yes,,,,,,,,,False,1
Jonathan Edwards (Oregon),,,OR,Governor of Oregon,Governor,Regular,5/15/18,Lost,None,None,0.27,No,,,,,,No,,,,,,,,,True,0
Brett Hyland,,,OR,Governor of Oregon,Governor,Regular,5/15/18,Lost,None,None,0.24,No,,,,,,No,,,,,,,,,True,0
David Stauffer,,,OR,Governor of Oregon,Governor,Regular,5/15/18,Lost,None,None,0.67,No,,,,,,No,,,,,,,,,True,0
John Verbeek,,,OR,U.S. House Oregon District 1,Representative,Regular,5/15/18,Advanced,None,On the Ballot,50.61,Yes,,,,,,,,,,,,,,,True,0
George Griffith,,,OR,U.S. House Oregon District 1,Representative,Regular,5/15/18,Lost,None,None,40.72,No,,,,,,,,,,,,,,,True,0
Preston Miller,,,OR,U.S. House Oregon District 1,Representative,Regular,5/15/18,Lost,None,None,7.71,No,,,,,,,,,,,,,,,True,0
Art Robinson,ArtForCongress,,OR,U.S. House Oregon District 4,Representative,Regular,5/15/18,Advanced,None,On the Ballot,45.51,Yes,,,,,,Yes,,,,,,,,,False,1
Jo Rae Perkins,PerkinsForUSRep,,OR,U.S. House Oregon District 4,Representative,Regular,5/15/18,Lost,None,None,20.81,No,,,,,,Yes,,,,,,,,,False,1
Stefan Strek,realStefanStrek,,OR,U.S. House Oregon District 4,Representative,Regular,5/15/18,Lost,None,None,3.36,No,,,,,,No,,,,,,,,,False,0
Court Boice,,,OR,U.S. House Oregon District 4,Representative,Regular,5/15/18,Lost,None,None,23.62,No,,,,,,Yes,,,,,,,,,True,1
Michael Polen,Polen4Congress,,OR,U.S. House Oregon District 4,Representative,Regular,5/15/18,Lost,None,None,5.95,No,,,,,,No,,,,,,,,,False,0
Mark Callahan,Callahan4Oregon,,OR,U.S. House Oregon District 5,Representative,Regular,5/15/18,Advanced,None,On the Ballot,61.9,Yes,,,,,,Yes,,,,,,,,,False,1
Joey Nations,joey_nations,,OR,U.S. House Oregon District 5,Representative,Regular,5/15/18,Lost,None,None,20.61,No,,,,,,No,,,,,,,,,False,0
Robert Reynolds,rob4congress18,,OR,U.S. House Oregon District 5,Representative,Regular,5/15/18,Lost,None,None,16.64,No,,,,,,Yes,,,,,,,,,False,1
Scott Wagner,realScottWagner,,PA,Governor of Pennsylvania,Governor,Regular,5/15/18,Advanced,None,On the Ballot,44.3,Yes,,,Yes,,,,,,,,,,,,False,1
Laura Ellsworth,,,PA,Governor of Pennsylvania,Governor,Regular,5/15/18,Lost,None,None,18.83,No,,,No,,,,,,,,,,,,True,0
Paul Mango,,,PA,Governor of Pennsylvania,Governor,Regular,5/15/18,Lost,None,None,36.87,No,,,No,,,,,,,,,,,,True,0
John Joyce,JohnJoyceForPA,,PA,U.S. House Pennsylvania District 13,Representative,Regular,5/15/18,Advanced,None,On the Ballot,22.02,Yes,,,,,,,,No,,No,,Yes,,,False,1
Art Halvorson,ArtHalvorson,,PA,U.S. House Pennsylvania District 13,Representative,Regular,5/15/18,Lost,None,None,15.33,No,,,,,,,,,,No,,No,,,False,0
John Eichelberger,SenEichelberger,,PA,U.S. House Pennsylvania District 13,Representative,Regular,5/15/18,Lost,None,None,19.77,No,,,,,,,,,,No,,No,,,False,0
Stephen Bloom,RepBloom,StephenLBloom,PA,U.S. House Pennsylvania District 13,Representative,Regular,5/15/18,Lost,None,None,18.16,No,,,,,,,,,,Yes,,No,,,False,1
Travis Schooley,TravisSchooley,,PA,U.S. House Pennsylvania District 13,Representative,Regular,5/15/18,Lost,None,None,4.51,No,,,,,,,,,,No,,No,,,False,0
Doug Mastriano,dougmastriano,,PA,U.S. House Pennsylvania District 13,Representative,Regular,5/15/18,Lost,None,None,15.6,No,,,,,,,,,,No,,No,,,False,0
Bernard Washabaugh II,,,PA,U.S. House Pennsylvania District 13,Representative,Regular,5/15/18,Lost,None,None,2.84,No,,,,,,,,,,No,,No,,,True,0
Benjamin Hornberger,BHornberger2018,,PA,U.S. House Pennsylvania District 13,Representative,Regular,5/15/18,Lost,None,None,1.77,No,,,,,,,,,,No,,No,,,False,0
Guy Reschenthaler,reschenthaler,GReschenthaler,PA,U.S. House Pennsylvania District 14,Representative,Regular,5/15/18,Advanced,None,On the Ballot,55.19,Yes,,,,,,,,,,No,,Yes,,,False,1
Rick Saccone,RickSaccone4PA,,PA,U.S. House Pennsylvania District 14,Representative,Regular,5/15/18,Lost,None,None,44.81,No,,,,,,,,Yes,,Yes,,No,,,False,2
Dan David,DanDavidPA,,PA,U.S. House Pennsylvania District 4,Representative,Regular,5/15/18,Advanced,None,On the Ballot,100.0,Yes,,,,,,,,,,,,,,,False,0
Pearl Kim,PearlKimPA,,PA,U.S. House Pennsylvania District 5,Representative,Regular,5/15/18,Advanced,None,On the Ballot,100.0,Yes,,,,,,,,,,,,,,,False,0
Greg McCauley,McCauley4PA,GregMcCauleyUSA,PA,U.S. House Pennsylvania District 6,Representative,Regular,5/15/18,Advanced,None,On the Ballot,100.0,Yes,,,,,,,,,,,,,,,False,0
Marty Nothstein,Marty_Nothstein,,PA,U.S. House Pennsylvania District 7,Representative,Regular,5/15/18,Advanced,None,On the Ballot,50.49,Yes,Yes,,,,,,,,,,,,,,False,1
Dean Browning,DeanBrowningPA,,PA,U.S. House Pennsylvania District 7,Representative,Regular,5/15/18,Lost,None,None,49.51,No,No,,,,,,,,,,,,,,False,0
John Chrin,JohnChrin,,PA,U.S. House Pennsylvania District 8,Representative,Regular,5/15/18,Advanced,None,On the Ballot,48.47,Yes,Yes,,,,,,,,,,,,,,False,1
Robert Kuniegel,robertjkuniegel,,PA,U.S. House Pennsylvania District 8,Representative,Regular,5/15/18,Lost,None,None,16.66,No,No,,,,,,,,,,,,,,False,0
Joe Peters,,,PA,U.S. House Pennsylvania District 8,Representative,Regular,5/15/18,Lost,None,None,34.87,No,No,,,,,,,,,,,,,,True,0
Dan Meuser,Meuser4Congress,RepMeuser,PA,U.S. House Pennsylvania District 9,Representative,Regular,5/15/18,Advanced,None,On the Ballot,52.94,Yes,Yes,,,,,,,,,,,,,Yes,False,2
Scott Uehlinger,Scottforpa,,PA,U.S. House Pennsylvania District 9,Representative,Regular,5/15/18,Lost,None,None,23.1,No,No,,,,,,,,,,,,,No,False,0
George Halcovage,GeorgeHalcovage,geohalco,PA,U.S. House Pennsylvania District 9,Representative,Regular,5/15/18,Lost,None,None,23.97,No,No,,,,,,,,,,,,,No,False,0
Lou Barletta,louforsenate,reploubarletta,PA,U.S. Senate Pennsylvania,Senator,Regular,5/15/18,Advanced,None,On the Ballot,63.03,Yes,,,,,,,,,Yes,,,,,,False,1
Jim Christiana,repchristiana,,PA,U.S. Senate Pennsylvania,Senator,Regular,5/15/18,Lost,None,None,36.97,No,,,,,,,,,No,,,,,,False,0
Giovanni Feroce,giovanniferoce,,RI,Governor of Rhode Island,Governor,Regular,9/12/18,Lost,None,None,3.5,No,,,,,,,No,,,,,,,,False,0
Allan Fung,mayorfung,allanfungri,RI,Governor of Rhode Island,Governor,Regular,9/12/18,Advanced,None,On the Ballot,56.4,Yes,,,,,,,No,,,,,,,,False,0
Patricia Morgan,repmorgan,patriciaforri,RI,Governor of Rhode Island,Governor,Regular,9/12/18,Lost,None,None,40.1,No,,,,,,,Yes,,,,,,,,False,1
Frederick Wysocki,,,RI,U.S. House Rhode Island District 1,Representative,Regular,9/12/18,Lost,None,None,21.6,No,,,,,,,,,,,,,,,True,0
Patrick Donovan,,,RI,U.S. House Rhode Island District 1,Representative,Regular,9/12/18,Advanced,None,On the Ballot,78.4,Yes,,,,,,,,,,,,,,,True,0
Roque De La Fuente,joinrocky,,RI,U.S. Senate Rhode Island,Senator,Regular,9/12/18,Lost,None,None,12.3,No,,,,,,,,,,,,,,,False,0
Robert Flanders Jr.,flanders4senate,rgflandersjr,RI,U.S. Senate Rhode Island,Senator,Regular,9/12/18,Advanced,None,On the Ballot,87.7,Yes,,,,,,,,,,,,,,,False,0
Lee Bright,leebright,,SC,U.S. House South Carolina District 4,Representative,Regular,6/12/18,Advanced,Lost,None,24.95,No,,,,,,,,No,,,,,,,False,0
William Timmons,votetimmons,reptimmons,SC,U.S. House South Carolina District 4,Representative,Regular,6/12/18,Advanced,Advanced,On the Ballot,19.21,Yes,,,,,,,,No,,,,,,,False,0
Dan Hamilton,dphamilton,RepDanHamilton,SC,U.S. House South Carolina District 4,Representative,Regular,6/12/18,Lost,None,None,18.62,No,,,,,,,,No,,,,,,,False,0
Stephen Brown,,,SC,U.S. House South Carolina District 4,Representative,Regular,6/12/18,Lost,None,None,7.57,No,,,,,,,,No,,,,,,,True,0
Mark Burns,pastormarkburns,,SC,U.S. House South Carolina District 4,Representative,Regular,6/12/18,Lost,None,None,2.48,No,,,,,,,,No,,,,,,,False,0
Barry Bell,,,SC,U.S. House South Carolina District 4,Representative,Regular,6/12/18,Lost,None,None,0.3,No,,,,,,,,No,,,,,,,True,0
Josh Kimbrell,Josh_Kimbrell,,SC,U.S. House South Carolina District 4,Representative,Regular,6/12/18,Lost,None,None,11.13,No,,,,,,,,Yes,,,,,,,False,1
James Epley,,,SC,U.S. House South Carolina District 4,Representative,Regular,6/12/18,Lost,None,None,8.03,No,,,,,,,,No,,,,,,,True,0
Shannon Pierce,ShannonPierceSC,dshannonpierce,SC,U.S. House South Carolina District 4,Representative,Regular,6/12/18,Lost,None,None,3.64,No,,,,,,,,No,,,,,,,False,0
Claude Schmid,,,SC,U.S. House South Carolina District 4,Representative,Regular,6/12/18,Lost,None,None,2.11,No,,,,,,,,No,,,,,,,True,0
Dan Albert,,,SC,U.S. House South Carolina District 4,Representative,Regular,6/12/18,Lost,None,None,0.76,No,,,,,,,,No,,,,,,,True,0
John Marshall Mosser,,,SC,U.S. House South Carolina District 4,Representative,Regular,6/12/18,Lost,None,None,0.68,No,,,,,,,,No,,,,,,,True,0
Justin David Sanders,JSandersSC04,,SC,U.S. House South Carolina District 4,Representative,Regular,6/12/18,Lost,None,None,0.53,No,,,,,,,,No,,,,,,,False,0
Kristi L. Noem,KristiNoem,,SD,Governor of South Dakota,Governor,Regular,6/5/18,Advanced,None,On the Ballot,56.03,Yes,,,,,,,Yes,,,,,,,,False,1
Marty J. Jackley,martyjackley,,SD,Governor of South Dakota,Governor,Regular,6/5/18,Lost,None,None,43.96,No,,,,,,,No,,,,,,,,False,0
Dusty Johnson,DustyJohnson,,SD,U.S. House South Dakota At-large District,Representative,Regular,6/5/18,Advanced,None,On the Ballot,46.81,Yes,Yes,,,,,,No,,Yes,,,No,,,False,2
Neal Tapio,,,SD,U.S. House South Dakota At-large District,Representative,Regular,6/5/18,Lost,None,None,23.87,No,No,,,,,,No,,No,,,No,,,True,0
Shantel Krebs,,,SD,U.S. House South Dakota At-large District,Representative,Regular,6/5/18,Lost,None,None,29.34,No,Yes,,,,,,Yes,,No,,,Yes,,No,True,3
Diane Black,RepDianeBlack,DianeBlackTN,TN,Governor of Tennessee,Governor,Regular,8/2/18,Lost,None,None,23.0,No,,,,,Yes,Yes,Yes,,,,,,,,False,3
Randy Boyd,randyboyd,,TN,Governor of Tennessee,Governor,Regular,8/2/18,Lost,None,None,24.4,No,,,,,No,No,No,,,,,,,,False,0
Beth Harwell,BethHarwellTN,,TN,Governor of Tennessee,Governor,Regular,8/2/18,Lost,None,None,15.3,No,,,,,No,No,No,,,,,,,,False,0
Bill Lee,BillLeeTN,,TN,Governor of Tennessee,Governor,Regular,8/2/18,Advanced,None,On the Ballot,36.8,Yes,,,,,No,No,No,,,,,,,,False,0
Basil Marceaux,Marceaux2018,,TN,Governor of Tennessee,Governor,Regular,8/2/18,Lost,None,None,0.2,No,,,,,No,No,No,,,,,,,,False,0
Kay White,kaywhite4tngov,,TN,Governor of Tennessee,Governor,Regular,8/2/18,Lost,None,None,0.4,No,,,,,No,No,No,,,,,,,,False,0
Jason Emert,JasonEmert,,TN,U.S. House Tennessee District 2,Representative,Regular,8/2/18,Lost,None,None,2.3,No,,,,,,,,,No,,,No,,,False,0
Jimmy Matlock,JimmyMatlockTN,,TN,U.S. House Tennessee District 2,Representative,Regular,8/2/18,Lost,None,None,36.1,No,,,,,,,,,Yes,,,No,,,False,1
Tim Burchett,timburchett,,TN,U.S. House Tennessee District 2,Representative,Regular,8/2/18,Advanced,None,On the Ballot,48.2,Yes,,,,,,,,,No,,,No,,,False,0
Vito Sagliano,VitoForCongress,,TN,U.S. House Tennessee District 2,Representative,Regular,8/2/18,Lost,None,None,0.8,No,,,,,,,,,No,,,No,,,False,0
Hank Hamblin,,,TN,U.S. House Tennessee District 2,Representative,Regular,8/2/18,Lost,None,None,0.9,No,,,,,,,,,No,,,No,,,True,0
Ashley Nickloes,Ashley_Nickloes,,TN,U.S. House Tennessee District 2,Representative,Regular,8/2/18,Lost,None,None,11.0,No,,,,,,,,,No,,,Yes,,,False,1
C. David Stansberry,,,TN,U.S. House Tennessee District 2,Representative,Regular,8/2/18,Lost,None,None,0.7,No,,,,,,,,,No,,,No,,,True,0
Glen Dean,GlenDean1,,TN,U.S. House Tennessee District 5,Representative,Regular,8/2/18,Lost,None,None,44.1,No,,,,,,,,,,,,,,,False,0
Jody Ball,jballcampaign,,TN,U.S. House Tennessee District 5,Representative,Regular,8/2/18,Advanced,None,On the Ballot,55.9,Yes,,,,,,,,,,,,,,,False,0
Judd Matheny,judd4congress,,TN,U.S. House Tennessee District 6,Representative,Regular,8/2/18,Lost,None,None,15.9,No,,,,,,No,,,,Yes,,,,,False,1
Robert Ewing Corlew,BobCorlewTN,,TN,U.S. House Tennessee District 6,Representative,Regular,8/2/18,Lost,None,None,31.1,No,,,,,,Yes,,,,No,,,,,False,1
John Rose,JohnRoseforTN,RepJohnRose,TN,U.S. House Tennessee District 6,Representative,Regular,8/2/18,Advanced,None,On the Ballot,41.3,Yes,,,,,,No,,,,No,,,,,False,0
Christopher Monday,Monday4Congress,,TN,U.S. House Tennessee District 6,Representative,Regular,8/2/18,Lost,None,None,2.8,No,,,,,,No,,,,No,,,,,False,0
"LaVern ""U-Turn LaVern"" Vivio",,,TN,U.S. House Tennessee District 6,Representative,Regular,8/2/18,Lost,None,None,8.8,No,,,,,,No,,,,No,,,,,True,0
Mark Green,RepMarkGreen,drmarkgreen4TN,TN,U.S. House Tennessee District 7,Representative,Regular,8/2/18,Advanced,None,On the Ballot,100.0,Yes,,,,,,,,Yes,,Yes,,,,,False,2
Marsha Blackburn,MarshaBlackburn,VoteMarsha,TN,U.S. Senate Tennessee,Senator,Regular,8/2/18,Advanced,None,On the Ballot,84.5,Yes,,Yes,Yes,Yes,,,Yes,Yes,Yes,,,,,,False,6
Aaron Pettigrew,alpettigrew1,,TN,U.S. Senate Tennessee,Senator,Regular,8/2/18,Lost,None,None,15.5,No,,No,No,No,,,No,No,No,,,,,,False,0
Rick Seeberger,SEEBERGER4USC,,TX,U.S. House Texas District 16,Representative,Regular,3/6/18,Advanced,None,On the Ballot,69.35,Yes,,,,,,,,,,,,,,,False,0
Alia Garcia-Ureste,AliaUreste,,TX,U.S. House Texas District 16,Representative,Regular,3/6/18,Lost,None,None,30.65,No,,,,,,,,,,,,,,,False,0
Kevin Roberts,RobertsForTexas,,TX,U.S. House Texas District 2,Representative,Regular,3/6/18,Advanced,Lost,None,33.03,No,,,,,Yes,,,,,,No,,,,False,1
Daniel Crenshaw,dancrenshawtx,repdancrenshaw,TX,U.S. House Texas District 2,Representative,Regular,3/6/18,Advanced,Advanced,On the Ballot,27.42,Yes,,,,,No,,,,,,Yes,,,,False,1
David Balat,DavidBalatCD2,DavidBalatHC,TX,U.S. House Texas District 2,Representative,Regular,3/6/18,Lost,None,None,0.75,No,,,,,No,,No,,,,No,,,,False,0
Malcolm Whittaker,,,TX,U.S. House Texas District 2,Representative,Regular,3/6/18,Lost,None,None,0.7,No,,,,,No,,No,,,,No,,,,True,0
Rick Walker,RickWalkerTX,,TX,U.S. House Texas District 2,Representative,Regular,3/6/18,Lost,None,None,7.18,No,,,,,No,,No,,,,No,,,,False,0
Kathaleen Wall,WallforTX,,TX,U.S. House Texas District 2,Representative,Regular,3/6/18,Lost,None,None,27.08,No,,,,,No,,Yes,,,,No,,,,False,1
Justin Lurie,LurieforHouston,,TX,U.S. House Texas District 2,Representative,Regular,3/6/18,Lost,None,None,0.92,No,,,,,No,,No,,,,No,,,,False,0
Jon Spiers,drjonspiers,,TX,U.S. House Texas District 2,Representative,Regular,3/6/18,Lost,None,None,0.9,No,,,,,No,,No,,,,No,,,,False,0
Jonny Havens,Havens4Congress,,TX,U.S. House Texas District 2,Representative,Regular,3/6/18,Lost,None,None,2.02,No,,,,,No,,No,,,,No,,,,False,0
Matt McCall,VoteMattMcCall,,TX,U.S. House Texas District 21,Representative,Regular,3/6/18,Advanced,Lost,None,16.93,No,,,,,,No,,No,,No,No,,,No,False,0
Chip Roy,chiproytx,RepChipRoy,TX,U.S. House Texas District 21,Representative,Regular,3/6/18,Advanced,Advanced,On the Ballot,27.06,Yes,,,,,,Yes,,Yes,,Yes,Yes,,,No,False,4
Francisco Canseco,QuicoCanseco,cansecotx23,TX,U.S. House Texas District 21,Representative,Regular,3/6/18,Lost,None,None,3.47,No,,,,,,No,,No,,No,No,,,No,False,0
Jason Isaac,ISAACforTexas,,TX,U.S. House Texas District 21,Representative,Regular,3/6/18,Lost,None,None,10.04,No,,,,,,No,,No,,No,No,,,No,False,0
Susan Narvaiz,susannarvaiz,,TX,U.S. House Texas District 21,Representative,Regular,3/6/18,Lost,None,None,3.79,No,,,,,,No,,No,,No,No,,,No,False,0
Eric Burkhart,EBforCongress,mukhabaratbaby,TX,U.S. House Texas District 21,Representative,Regular,3/6/18,Lost,None,None,1.01,No,,,,,,No,,No,,No,No,,,No,False,0
Autry Pruitt,Autry,,TX,U.S. House Texas District 21,Representative,Regular,3/6/18,Lost,None,None,0.63,No,,,,,,No,,No,,No,No,,,No,False,0
Robert Stovall,RobertStovall_,,TX,U.S. House Texas District 21,Representative,Regular,3/6/18,Lost,None,None,4.76,No,,,,,,No,,No,,No,No,,,No,False,0
Ivan Andarza,Andarzalaw,,TX,U.S. House Texas District 21,Representative,Regular,3/6/18,Lost,None,None,0.13,No,,,,,,No,,No,,No,No,,,No,False,0
Ryan Krause,,,TX,U.S. House Texas District 21,Representative,Regular,3/6/18,Lost,None,None,3.2,No,,,,,,No,,No,,No,No,,,No,True,0
Jenifer Sarver,utsarver,sarverfortexas,TX,U.S. House Texas District 21,Representative,Regular,3/6/18,Lost,None,None,5.61,No,,,,,,No,,No,,No,No,,,No,False,0
Mauro Garza,,,TX,U.S. House Texas District 21,Representative,Regular,3/6/18,Lost,None,None,0.92,No,,,,,,No,,No,,No,No,,,No,True,0
Foster Hagen,,,TX,U.S. House Texas District 21,Representative,Regular,3/6/18,Lost,None,None,0.55,No,,,,,,No,,No,,No,No,,,No,True,0
William Negley,wwnegley,,TX,U.S. House Texas District 21,Representative,Regular,3/6/18,Lost,None,None,15.55,No,,,,,,No,,No,,No,No,,,Yes,False,1
Al Poteet,Poteet4Congress,,TX,U.S. House Texas District 21,Representative,Regular,3/6/18,Lost,None,None,1.81,No,,,,,,No,,No,,No,No,,,No,False,0
Samuel Temple,samuelrtemple,,TX,U.S. House Texas District 21,Representative,Regular,3/6/18,Lost,None,None,1.42,No,,,,,,No,,No,,No,No,,,No,False,0
Peggy Wardlaw,,,TX,U.S. House Texas District 21,Representative,Regular,3/6/18,Lost,None,None,1.79,No,,,,,,No,,No,,No,No,,,No,True,0
Anthony White,TonyWhiteUSMC,,TX,U.S. House Texas District 21,Representative,Regular,3/6/18,Lost,None,None,1.33,No,,,,,,No,,No,,No,No,,,No,False,0
Michael Cloud,MichaelJCloud,,TX,U.S. House Texas District 27,Representative,Regular,3/6/18,Advanced,Advanced,On the Ballot,33.83,Yes,,,,,,,,Yes,No,Yes,Yes,,,,False,3
Bech Bruun,bechforcongress,,TX,U.S. House Texas District 27,Representative,Regular,3/6/18,Advanced,Lost,None,36.09,No,,,,,,,,No,Yes,No,No,,,,False,1
Chris Mapp,ckmappforuscon1,c_mapp,TX,U.S. House Texas District 27,Representative,Regular,3/6/18,Lost,None,None,12.14,No,,,,,,,,No,No,No,No,,,,False,0
John Grunwald,,,TX,U.S. House Texas District 27,Representative,Regular,3/6/18,Lost,None,None,6.86,No,,,,,,,,No,No,No,No,,,,True,0
Eddie Gassman,,,TX,U.S. House Texas District 27,Representative,Regular,3/6/18,Lost,None,None,2.8,No,,,,,,,,No,No,No,No,,,,True,0
Jerry Hall,,,TX,U.S. House Texas District 27,Representative,Regular,3/6/18,Lost,None,None,8.27,No,,,,,,,,No,No,No,No,,,,True,0
Phillip Aronoff,Aronoff4USRep,,TX,U.S. House Texas District 29,Representative,Regular,3/6/18,Advanced,Advanced,On the Ballot,38.6,Yes,,,,,,,,,,,,,,,False,0
Carmen Maria Montiel,CarmenMaMontiel,Carmen4Congress,TX,U.S. House Texas District 29,Representative,Regular,3/6/18,Advanced,Lost,None,23.58,No,,,,,,,,,,,,,,,False,0
Robert Schafranek,,,TX,U.S. House Texas District 29,Representative,Regular,3/6/18,Lost,None,None,16.73,No,,,,,,,,,,,,,,,True,0
Jaimy Blanco,blanco4congress,,TX,U.S. House Texas District 29,Representative,Regular,3/6/18,Lost,None,None,21.08,No,,,,,,,,,,,,,,,False,0
Van Taylor,vantaylortx,,TX,U.S. House Texas District 3,Representative,Regular,3/6/18,Advanced,None,On the Ballot,84.68,Yes,,,,,,,,Yes,,,,,,,False,1
David Niederkorn,DC4TX3,,TX,U.S. House Texas District 3,Representative,Regular,3/6/18,Lost,None,None,9.39,No,,,,,,,,No,,,,,,,False,0
Alex Donkervoet,AlexDonkervoet,,TX,U.S. House Texas District 3,Representative,Regular,3/6/18,Lost,None,None,5.93,No,,,,,,,,No,,,,,,,False,0
David Smalling,SmallingforCD35,,TX,U.S. House Texas District 35,Representative,Regular,3/6/18,Advanced,None,On the Ballot,53.3,Yes,,,,,,,,,,,,,,,False,0
SK Alexander,SKforCongress,,TX,U.S. House Texas District 35,Representative,Regular,3/6/18,Lost,None,None,46.7,No,,,,,,,,,,,,,,,False,0
Lance Gooden,Lancegooden,RepLanceGooden,TX,U.S. House Texas District 5,Representative,Regular,3/6/18,Advanced,Advanced,On the Ballot,29.97,Yes,,,,,,No,No,No,No,,No,,,,False,0
Bunni Pounds,bunnipounds,,TX,U.S. House Texas District 5,Representative,Regular,3/6/18,Advanced,Lost,None,21.95,No,,,,,,Yes,Yes,Yes,Yes,,Yes,,,,False,5
Charles Lingerfelt,ClingerUSA,,TX,U.S. House Texas District 5,Representative,Regular,3/6/18,Lost,None,None,1.75,No,,,,,,No,No,No,No,,No,,,,False,0
Kenneth Sheets,KennethFSheets,,TX,U.S. House Texas District 5,Representative,Regular,3/6/18,Lost,None,None,11.99,No,,,,,,No,No,No,No,,No,,,,False,0
Sam Deen,samdeentx,,TX,U.S. House Texas District 5,Representative,Regular,3/6/18,Lost,None,None,17.16,No,,,,,,No,No,No,No,,No,,,,False,0
Danny Campbell,DannyCCampbell,,TX,U.S. House Texas District 5,Representative,Regular,3/6/18,Lost,None,None,3.02,No,,,,,,No,No,No,No,,No,,,,False,0
David Williams,,,TX,U.S. House Texas District 5,Representative,Regular,3/6/18,Lost,None,None,2.73,No,,,,,,No,No,No,No,,No,,,,True,0
Jason Wright,JasonWrightTX,,TX,U.S. House Texas District 5,Representative,Regular,3/6/18,Lost,None,None,11.42,No,,,,,,No,No,No,No,,No,,,,False,0
Jake Ellzey,JakeEllzey,,TX,U.S. House Texas District 6,Representative,Regular,3/6/18,Advanced,Lost,None,21.76,No,,,,,,No,,No,,,No,,,,False,0
Ronald Wright,ron4congress,,TX,U.S. House Texas District 6,Representative,Regular,3/6/18,Advanced,Advanced,On the Ballot,45.15,Yes,,,,,,Yes,,Yes,,,Yes,,,,False,3
Ken Cope,CopeTexas,,TX,U.S. House Texas District 6,Representative,Regular,3/6/18,Lost,None,None,7.7,No,,,,,,No,,No,,,No,,,,False,0
Deborah Gagliardi,DrgCongress,,TX,U.S. House Texas District 6,Representative,Regular,3/6/18,Lost,None,None,3.65,No,,,,,,No,,No,,,No,,,,False,0
Shawn Dandridge,ShawnDandridge,,TX,U.S. House Texas District 6,Representative,Regular,3/6/18,Lost,None,None,1.13,No,,,,,,No,,No,,,No,,,,False,0
Mark Mitchell,MitchellMonte,,TX,U.S. House Texas District 6,Representative,Regular,3/6/18,Lost,None,None,4.68,No,,,,,,No,,No,,,No,,,,False,0
Troy Ratterree,,,TX,U.S. House Texas District 6,Representative,Regular,3/6/18,Lost,None,None,4.04,No,,,,,,No,,No,,,No,,,,True,0
Mel Hassell,,,TX,U.S. House Texas District 6,Representative,Regular,3/6/18,Lost,None,None,0.58,No,,,,,,No,,No,,,No,,,,True,0
Kevin Harrison,,,TX,U.S. House Texas District 6,Representative,Regular,3/6/18,Lost,None,None,3.85,No,,,,,,No,,No,,,No,,,,True,0
Thomas Dillingham,tdilling,,TX,U.S. House Texas District 6,Representative,Regular,3/6/18,Lost,None,None,1.18,No,,,,,,No,,No,,,No,,,,False,0
Shannon Dubberly,Dubberly4TX6,,TX,U.S. House Texas District 6,Representative,Regular,3/6/18,Lost,None,None,6.28,No,,,,,,No,,No,,,No,,,,False,0
Mitt Romney,Romney4Utah,MittRomney,UT,U.S. Senate Utah,Senator,Regular,6/26/18,Advanced,None,On the Ballot,71.27,Yes,,Yes,,,,,,,,,,,,,False,1
Mike Kennedy,KennedyForUtah,,UT,U.S. Senate Utah,Senator,Regular,6/26/18,Lost,None,None,28.73,No,,No,,,,,,,,,,,,,False,0
Brooke Paige,,,VT,U.S. House Vermont At-large District,Representative,Regular,8/14/18,Advanced,None,On the Ballot,63.3,Yes,,,,,,,,,,,,,,,True,0
Anya Tynio,AnyaTynio,,VT,U.S. House Vermont At-large District,Representative,Regular,8/14/18,Lost,None,None,36.7,No,,,,,,,,,,,,,,,False,0
Roque De La Fuente,JoinRocky,,VT,U.S. Senate Vermont,Senator,Regular,8/14/18,Lost,None,None,4.2,No,,,,,,,,,,,,,,,False,0
Brooke Paige,,,VT,U.S. Senate Vermont,Senator,Regular,8/14/18,Advanced,None,On the Ballot,39.6,Yes,,,,,,,,,,,,,,,True,0
Jasdeep Pannu,votepannu2018,,VT,U.S. Senate Vermont,Senator,Regular,8/14/18,Lost,None,None,18.3,No,,,,,,,,,,,,,,,False,0
Lawrence Zupan,ZupanForSenate,,VT,U.S. Senate Vermont,Senator,Regular,8/14/18,Lost,None,None,4.2,No,,,,,,,,,,,,,,,False,0
Ryan McAdams,RyanMcAdams4VA,,VA,U.S. House Virginia District 4,Representative,Regular,6/12/18,Advanced,None,On the Ballot,72.57,Yes,,,,,,,,,,,,,,,False,0
Shion Fenty,ShiFenty,,VA,U.S. House Virginia District 4,Representative,Regular,6/12/18,Lost,None,None,27.43,No,,,,,,,,,,,,,,,False,0
Denver Riggleman,Denver4VA,RepRiggleman,VA,U.S. House Virginia District 5,Representative,Regular,6/12/18,Advanced,None,On the Ballot,100.0,Yes,,,,,,,,Yes,,,,,,,False,1
Ben Cline,Cline4Virginia,RepBenCline,VA,U.S. House Virginia District 6,Representative,Regular,6/12/18,Advanced,None,On the Ballot,100.0,Yes,,,,,Yes,,,,,,,,,,False,1
Corey Stewart,coreystewartva,,VA,U.S. Senate Virginia,Senator,Regular,6/12/18,Advanced,None,On the Ballot,44.87,Yes,,,,,,,,,,,,,,,False,0
E.W. Jackson,ewjacksonsr,,VA,U.S. Senate Virginia,Senator,Regular,6/12/18,Lost,None,None,11.99,No,,,,,,,,,,,,,,,False,0
Nick Freitas,NickForVA,NickFreitasVA,VA,U.S. Senate Virginia,Senator,Regular,6/12/18,Lost,None,None,43.14,No,,,,,,,,,,,,,,,False,0
Jeffrey Beeler,Beeler4Congress,,WA,U.S. House Washington District 1,Representative,Regular,8/7/18,Advanced,None,On the Ballot,69.19,Yes,,,,,,,,,,,,,,,False,0
Scott Stafne,scottstafne,,WA,U.S. House Washington District 1,Representative,Regular,8/7/18,Lost,None,None,30.81,No,,,,,,,,,,,,,,,False,0
Dino Rossi,dinorossiwa,,WA,U.S. House Washington District 8,Representative,Regular,8/7/18,Advanced,None,On the Ballot,92.09,Yes,Yes,,,,,,,Yes,Yes,,Yes,Yes,,,False,5
Jack Hughes-Hageman,HagemanHughes,HughesHageman,WA,U.S. House Washington District 8,Representative,Regular,8/7/18,Lost,None,None,5.34,No,No,,,,,,,No,No,,No,No,,,False,0
Gordon Allen Pross,,,WA,U.S. House Washington District 8,Representative,Regular,8/7/18,Lost,None,None,2.57,No,No,,,,,,,No,No,,No,No,,,True,0
Joey Gibson,,,WA,U.S. Senate Washington,Senator,Regular,8/7/18,Lost,None,None,6.37,No,,,,,,No,,,,,,,,,True,0
Matthew Heines,Heinessight,,WA,U.S. Senate Washington,Senator,Regular,8/7/18,Lost,None,None,1.38,No,,,,,,No,,,,,,,,,False,0
Roque De La Fuente,JoinRocky,,WA,U.S. Senate Washington,Senator,Regular,8/7/18,Lost,None,None,0.83,No,,,,,,No,,,,,,,,,False,0
Dave Bryant,Bryant_Senate,,WA,U.S. Senate Washington,Senator,Regular,8/7/18,Lost,None,None,5.54,No,,,,,,No,,,,,,,,,False,0
Art Coday,ArtCoday,,WA,U.S. Senate Washington,Senator,Regular,8/7/18,Lost,None,None,4.98,No,,,,,,Yes,,,,,,,,,False,1
GoodSpaceGuy,,,WA,U.S. Senate Washington,Senator,Regular,8/7/18,Lost,None,None,1.11,No,,,,,,No,,,,,,,,,True,0
Matt Hawkins,HawkinsSenate,,WA,U.S. Senate Washington,Senator,Regular,8/7/18,Lost,None,None,2.21,No,,,,,,Yes,,,,,,,,,False,1
Susan Hutchison,Susan_Hutch,Susan4Senate,WA,U.S. Senate Washington,Senator,Regular,8/7/18,Advanced,None,On the Ballot,67.31,Yes,,,,,,No,,,,,,,,,False,0
John Orlinski,JohnOrlinski,,WA,U.S. Senate Washington,Senator,Regular,8/7/18,Lost,None,None,1.11,No,,,,,,No,,,,,,,,,False,0
Tim Owen,,,WA,U.S. Senate Washington,Senator,Regular,8/7/18,Lost,None,None,3.88,No,,,,,,Yes,,,,,,,,,True,1
RC Smith,,,WA,U.S. Senate Washington,Senator,Regular,8/7/18,Lost,None,None,0.28,No,,,,,,No,,,,,,,,,True,0
Glen Stockwell,,,WA,U.S. Senate Washington,Senator,Regular,8/7/18,Lost,None,None,1.94,No,,,,,,No,,,,,,,,,True,0
Keith Swank,Swank4Senate,,WA,U.S. Senate Washington,Senator,Regular,8/7/18,Lost,None,None,6.4,No,,,,,,Yes,,,,,,,,,False,1
Carol Miller,CarolMillerWV,,WV,U.S. House West Virginia District 3,Representative,Regular,5/8/18,Advanced,None,On the Ballot,23.81,Yes,,,,,,,Yes,,,,,No,,,False,1
Marty Gearheart,MartyGearheart,,WV,U.S. House West Virginia District 3,Representative,Regular,5/8/18,Lost,None,None,18.19,No,,,,,,,No,,,,,No,,,False,0
Rick Snuffer,RickSnuffer,,WV,U.S. House West Virginia District 3,Representative,Regular,5/8/18,Lost,None,None,10.64,No,,,,,,,No,,,,,No,,,False,0
Rupie Phillips,Rupie4Congress,,WV,U.S. House West Virginia District 3,Representative,Regular,5/8/18,Lost,None,None,19.53,No,,,,,,,No,,,,,No,,,False,0
Ayne Amjad,AyneAmjad,,WV,U.S. House West Virginia District 3,Representative,Regular,5/8/18,Lost,None,None,7.46,No,,,,,,,No,,,,,No,,,False,0
Conrad Lucas,ConradWV,,WV,U.S. House West Virginia District 3,Representative,Regular,5/8/18,Lost,None,None,18.07,No,,,,,,,No,,,,,Yes,,,False,1
Philip Payton,,,WV,U.S. House West Virginia District 3,Representative,Regular,5/8/18,Lost,None,None,2.3,No,,,,,,,No,,,,,No,,,True,0
Patrick Morrisey,MorriseyWV,,WV,U.S. Senate West Virginia,Senator,Regular,5/8/18,Advanced,None,On the Ballot,34.9,Yes,,Yes,Yes,Yes,,,,,Yes,,Yes,No,,,False,5
Evan Jenkins,EvanJenkinsWV,,WV,U.S. Senate West Virginia,Senator,Regular,5/8/18,Lost,None,None,29.21,No,,Yes,No,No,,,,,No,,No,Yes,,,False,2
Bo Copley,MinerBo85,,WV,U.S. Senate West Virginia,Senator,Regular,5/8/18,Lost,None,None,3.09,No,,No,No,No,,,,,No,,No,No,,,False,0
Jack Newbrough,jackussenatewv,,WV,U.S. Senate West Virginia,Senator,Regular,5/8/18,Lost,None,None,2.99,No,,No,No,No,,,,,No,,No,No,,,False,0
Don Blankenship,DonBlankenship,,WV,U.S. Senate West Virginia,Senator,Regular,5/8/18,Lost,None,None,19.97,No,,No,No,No,,,,,No,,No,No,,,False,0
Tom Willis,willisforwv,,WV,U.S. Senate West Virginia,Senator,Regular,5/8/18,Lost,None,None,9.84,No,,No,No,No,,,,,No,,No,No,,,False,0
Bryan Steil,BryanSteilforWI,RepBryanSteil,WI,U.S. House Wisconsin District 1,Representative,Regular,8/14/18,Advanced,None,On the Ballot,51.6,Yes,Yes,,,,,No,,,,,,,,,False,1
Paul Nehlen,,,WI,U.S. House Wisconsin District 1,Representative,Regular,8/14/18,Lost,None,None,11.1,No,No,,,,,No,,,,,,,,,True,0
Nick Polce,NicholasPolce,,WI,U.S. House Wisconsin District 1,Representative,Regular,8/14/18,Lost,None,None,14.9,No,No,,,,,No,,,,,,,,,False,0
Jeremy Ryan,,,WI,U.S. House Wisconsin District 1,Representative,Regular,8/14/18,Lost,None,None,10.4,No,No,,,,,No,,,,,,,,,True,0
Kevin Steen,Steen_for_Wi1,,WI,U.S. House Wisconsin District 1,Representative,Regular,8/14/18,Lost,None,None,10.5,No,No,,,,,Yes,,,,,,,,,False,1
Brad Boivin,BradBoivinWI,,WI,U.S. House Wisconsin District 1,Representative,Regular,8/14/18,Lost,None,None,1.5,No,No,,,,,No,,,,,,,,,False,0
Tim Rogers,,,WI,U.S. House Wisconsin District 4,Representative,Regular,8/14/18,Advanced,None,On the Ballot,55.6,Yes,,,,,,No,,,,,,,,,True,0
Cindy Werner,,,WI,U.S. House Wisconsin District 4,Representative,Regular,8/14/18,Lost,None,None,44.4,No,,,,,,Yes,,,,,,,,,True,1
Leah Vukmir,LeahVukmir,,WI,U.S. Senate Wisconsin,Senator,Regular,8/14/18,Advanced,None,On the Ballot,49.0,Yes,,,No,No,Yes,Yes,,No,,,,,,,False,2
Kevin Nicholson,KevinMNicholson,,WI,U.S. Senate Wisconsin,Senator,Regular,8/14/18,Lost,None,None,42.9,No,,,Yes,Yes,No,Yes,,Yes,,,,,,,False,4
Griffin Jones,,,WI,U.S. Senate Wisconsin,Senator,Regular,8/14/18,Lost,None,None,2.0,No,,,No,No,No,No,,No,,,,,,,True,0
Charles Barman,,,WI,U.S. Senate Wisconsin,Senator,Regular,8/14/18,Lost,None,None,1.8,No,,,No,No,No,No,,No,,,,,,,True,0
George Lucia,,,WI,U.S. Senate Wisconsin,Senator,Regular,8/14/18,Lost,None,None,4.2,No,,,No,No,No,No,,No,,,,,,,True,0
Mark Gordon,Mark_Gordon_WY,,WY,Governor of Wyoming,Governor,Regular,8/21/18,Advanced,None,On the Ballot,33.4,Yes,,No,,,,No,,,,,,,,,False,0
Bill Dahlin,ElectDahlin,,WY,Governor of Wyoming,Governor,Regular,8/21/18,Lost,None,None,1.5,No,,No,,,,No,,,,,,,,,False,0
Harriet Hageman,harriethageman,,WY,Governor of Wyoming,Governor,Regular,8/21/18,Lost,None,None,21.5,No,,No,,,,Yes,,,,,,,,,False,1
Sam Galeotos,samforgovernor,,WY,Governor of Wyoming,Governor,Regular,8/21/18,Lost,None,None,12.5,No,,No,,,,Yes,,,,,,,,,False,1
Foster Friess,FosterFriess,,WY,Governor of Wyoming,Governor,Regular,8/21/18,Lost,None,None,25.6,No,,Yes,,,,Yes,,,,,,,,,False,2
Taylor Haynes,HaynesForWyo,,WY,Governor of Wyoming,Governor,Regular,8/21/18,Lost,None,None,5.6,No,,No,,,,Yes,,,,,,,,,False,1
