candidate,state,district,office_type,race_type,race_primary_election_date,primary_status,primary_runoff_status,general_status,primary_pctg,won_primary,rep_party_support,trump_endorsed,bannon_endorsed,great_america_endorsed,nra_endorsed,right_to_life_endorsed,susan_b_anthony_endorsed,club_for_growth_endorsed,koch_support,house_freedom_support,tea_party_endorsed,main_street_endorsed,chamber_endorsed,no_labels_support,num_endorsements,num_non_endorsements
Mike Dunleavy,0,0,0,1,12,Advanced,None,On the Ballot,61.8,1,2,2,2,2,2,2,2,2,2,2,2,2,2,2,0,0
Michael Sheldon,0,0,0,1,12,Lost,None,None,2.2,0,2,2,2,2,2,2,2,2,2,2,2,2,2,2,0,0
Mead Treadwell,0,0,0,1,12,Lost,None,None,31.9,0,2,2,2,2,2,2,2,2,2,2,2,2,2,2,0,0
Darin Colbry,0,0,0,1,12,Lost,None,None,0.6,0,2,2,2,2,2,2,2,2,2,2,2,2,2,2,0,0
Thomas Gordon,0,0,0,1,12,Lost,None,None,1.3,0,2,2,2,2,2,2,2,2,2,2,2,2,2,2,0,0
Merica Hlatcu,0,0,0,1,12,Lost,None,None,1.5,0,2,2,2,2,2,2,2,2,2,2,2,2,2,2,0,0
Gerald Heikes,0,0,0,1,12,Lost,None,None,0.7,0,2,2,2,2,2,2,2,2,2,2,2,2,2,2,0,0
Steve Smith,1,22,1,1,13,Lost,None,None,37.8,0,1,2,2,2,2,2,2,1,2,2,1,2,2,2,3,0
Wendy Rogers,1,22,1,1,13,Advanced,None,On the Ballot,43.4,1,1,2,2,2,2,2,2,0,2,2,0,2,2,2,1,2
Tiffany Shedd,1,22,1,1,13,Lost,None,None,18.8,0,1,2,2,2,2,2,2,0,2,2,0,2,2,2,1,2
Lea Marquez Peterson,1,23,1,1,13,Advanced,None,On the Ballot,33.6,1,1,2,2,2,2,2,2,2,1,2,2,2,2,2,2,0
Casey Welch,1,23,1,1,13,Lost,None,None,21.4,0,0,2,2,2,2,2,2,2,0,2,2,2,2,2,0,2
Danny Morales,1,23,1,1,13,Lost,None,None,15.9,0,0,2,2,2,2,2,2,2,0,2,2,2,2,2,0,2
Brandon Martin,1,23,1,1,13,Lost,None,None,29.1,0,0,2,2,2,2,2,2,2,0,2,2,2,2,2,0,2
Edna San Miguel,1,24,1,1,13,Lost,None,None,21.4,0,2,2,2,2,2,2,2,2,2,2,2,2,2,2,0,0
Sergio Arellano,1,24,1,1,13,Lost,None,None,27.3,0,2,2,2,2,2,2,2,2,2,2,2,2,2,2,0,0
Nicolas Pierson,1,24,1,1,13,Advanced,None,On the Ballot,51.4,1,2,2,2,2,2,2,2,2,2,2,2,2,2,2,0,0
Debbie Lesko,1,25,1,2,0,Advanced,None,On the Ballot,35.77,1,2,2,2,2,2,2,1,2,1,1,2,2,2,2,3,0
Bob Stump,1,25,1,2,0,Lost,None,None,5.37,0,2,2,2,2,2,2,0,2,0,0,2,2,2,2,0,3
Clair Van Steenwyk,1,25,1,2,0,Lost,None,None,2.37,0,2,2,2,2,2,2,0,2,0,0,2,2,2,2,0,3
Phil Lovas,1,25,1,2,0,Lost,None,None,23.88,0,2,2,2,2,2,2,0,2,0,0,2,2,2,2,0,3
Richard Mack,1,25,1,2,0,Lost,None,None,1.42,0,2,2,2,2,2,2,0,2,0,0,2,2,2,2,0,3
Stephen Dolgos,1,25,1,2,0,Lost,None,None,0.48,0,2,2,2,2,2,2,0,2,0,0,2,2,2,2,0,3
Steve Montenegro,1,25,1,2,0,Lost,None,None,23.82,0,2,2,2,2,2,2,0,2,0,0,2,2,2,2,0,3
Christopher Sylvester,1,25,1,2,0,Lost,None,None,1.92,0,2,2,2,2,2,2,0,2,0,0,2,2,2,2,0,3
David Lien,1,25,1,2,0,Lost,None,None,1.77,0,2,2,2,2,2,2,0,2,0,0,2,2,2,2,0,3
Chad Allen,1,25,1,2,0,Lost,None,None,1.05,0,2,2,2,2,2,2,0,2,0,0,2,2,2,2,0,3
Brenden Dilley,1,25,1,2,0,Lost,None,None,1.03,0,2,2,2,2,2,2,0,2,0,0,2,2,2,2,0,3
Mark Yates,1,25,1,2,0,Lost,None,None,1.12,0,2,2,2,2,2,2,0,2,0,0,2,2,2,2,0,3
Dave Giles,1,26,1,1,13,Lost,None,None,33.3,0,0,2,2,2,2,2,2,2,2,2,2,2,2,2,0,1
Steve Ferrara,1,26,1,1,13,Advanced,None,On the Ballot,58.9,1,1,2,2,2,2,2,2,2,2,2,2,2,2,2,1,0
Irina Baroness Von Behr,1,26,1,1,13,Lost,None,None,7.8,0,0,2,2,2,2,2,2,2,2,2,2,2,2,2,0,1
Joe Arpaio,1,219,2,1,13,Lost,None,None,18.9,0,2,2,0,0,2,2,2,2,0,2,2,2,2,2,0,3
Kelli Ward,1,219,2,1,13,Lost,None,None,28.1,0,2,2,1,1,2,2,2,2,0,2,2,2,2,2,2,1
Martha McSally,1,219,2,1,13,Advanced,None,On the Ballot,53.0,1,2,2,0,0,2,2,2,2,1,2,2,2,2,2,1,2
John Cox,2,1,0,1,8,Advanced,None,On the Ballot,70.15,1,2,1,2,2,2,1,2,2,2,2,2,2,2,2,2,0
Peter Yuan Liu,2,1,0,1,8,Lost,None,None,1.08,0,2,0,2,2,2,0,2,2,2,2,2,2,2,2,0,2
Robert Newman,2,1,0,1,8,Lost,None,None,1.77,0,2,0,2,2,2,0,2,2,2,2,2,2,2,2,0,2
Travis Allen,2,1,0,1,8,Lost,None,None,26.15,0,2,0,2,2,2,0,2,2,2,2,2,2,2,2,0,2
Yvonne Girard,2,1,0,1,8,Lost,None,None,0.85,0,2,0,2,2,2,0,2,2,2,2,2,2,2,2,0,2
John Fitzgerald,2,27,1,1,8,Advanced,None,On the Ballot,100.0,1,2,2,2,2,2,2,2,2,2,2,2,2,2,2,0,0
Lisa Remmer,2,28,1,1,8,Advanced,None,On the Ballot,100.0,1,2,2,2,2,2,2,2,2,2,2,2,2,2,2,0,0
Cristina OsmeÃÂ­ÃÂ±a,2,29,1,1,8,Advanced,None,On the Ballot,100.0,1,2,2,2,2,2,2,2,2,2,2,2,2,2,2,0,0
Rudy Peters,2,30,1,1,8,Advanced,None,On the Ballot,100.0,1,2,2,2,2,2,2,2,2,2,2,2,2,2,2,0,0
Elizabeth Heng,2,31,1,1,8,Advanced,None,On the Ballot,100.0,1,1,2,2,2,2,2,2,2,2,2,2,2,2,2,1,0
Ron Cohen,2,32,1,1,8,Advanced,None,On the Ballot,100.0,1,2,2,2,2,2,2,2,2,2,2,2,2,2,2,0,0
Christine Russell,2,33,1,1,8,Advanced,None,On the Ballot,100.0,1,2,2,2,2,2,2,2,2,2,2,2,2,2,2,0,0
Dale Mensing,2,34,1,1,8,Advanced,None,On the Ballot,100.0,1,2,2,2,2,2,2,2,2,2,2,2,2,2,2,0,0
Justin Fareed,2,35,1,1,8,Advanced,None,On the Ballot,78.37,1,1,2,2,2,1,2,2,2,2,2,2,2,2,2,2,0
Michael Erin Woody,2,35,1,1,8,Lost,None,None,21.63,0,0,2,2,2,0,2,2,2,2,2,2,2,2,2,0,2
Antonio Sabato Jr.,2,36,1,1,8,Advanced,None,On the Ballot,53.04,1,2,2,2,2,2,2,2,2,2,2,2,2,2,2,0,0
Jeffrey Burum,2,36,1,1,8,Lost,None,None,46.96,0,2,2,2,2,2,2,2,2,2,2,1,2,2,2,1,0
Johnny Nalbandian,2,37,1,1,8,Advanced,None,On the Ballot,100.0,1,2,2,2,2,2,2,2,2,2,2,2,2,2,2,0,0
Benito Bernal,2,38,1,1,8,Advanced,None,On the Ballot,100.0,1,2,2,2,2,2,2,2,2,2,2,2,2,2,2,0,0
Charlie Schaupp,2,39,1,1,8,Advanced,None,On the Ballot,100.0,1,2,2,2,2,2,1,2,2,2,2,2,2,2,2,1,0
Mark Reed,2,40,1,1,8,Advanced,None,On the Ballot,100.0,1,2,2,2,2,2,2,2,2,2,2,2,2,2,2,0,0
Sean Flynn,2,41,1,1,8,Advanced,None,On the Ballot,100.0,1,1,2,2,2,2,2,2,2,2,2,2,2,2,2,1,0
Kenneth Wright,2,42,1,1,8,Advanced,None,On the Ballot,100.0,1,2,2,2,2,2,2,2,2,2,2,2,2,2,2,0,0
Ron Bassilian,2,43,1,1,8,Advanced,None,On the Ballot,100.0,1,2,2,2,2,2,2,2,2,2,2,2,2,2,2,0,0
Christian Valiente,2,44,1,1,8,Advanced,None,On the Ballot,100.0,1,2,2,2,2,2,2,2,2,2,2,2,2,2,2,0,0
Kimberlin Brown Pelzer,2,45,1,1,8,Advanced,None,On the Ballot,51.61,1,1,2,2,2,2,2,1,2,2,2,2,2,2,2,2,0
Stephan Wolkowicz,2,45,1,1,8,Lost,None,None,10.41,0,0,2,2,2,2,2,0,2,2,2,2,2,2,2,0,2
Dan Ball,2,45,1,1,8,Lost,None,None,17.39,0,0,2,2,2,2,2,0,2,2,2,2,2,2,2,0,2
Doug Hassett,2,45,1,1,8,Lost,None,None,11.21,0,0,2,2,2,2,2,0,2,2,2,2,2,2,2,0,2
Robert Bentley,2,45,1,1,8,Lost,None,None,9.38,0,0,2,2,2,2,2,0,2,2,2,2,2,2,2,0,2
Ryan Downing,2,46,1,1,8,Advanced,None,On the Ballot,100.0,1,2,2,2,2,2,2,2,2,2,2,2,2,2,2,0,0
Young Kim,2,47,1,1,8,Advanced,None,On the Ballot,39.79,1,1,2,2,2,2,2,1,2,2,2,1,1,2,2,4,0
Bob Huff,2,47,1,1,8,Lost,None,None,11.53,0,0,2,2,2,2,2,0,2,2,2,0,0,2,2,0,4
John Cullum,2,47,1,1,8,Lost,None,None,2.24,0,0,2,2,2,2,2,0,2,2,2,0,0,2,2,0,4
Phil Liberatore,2,47,1,1,8,Lost,None,None,21.22,0,0,2,2,2,2,2,0,2,2,2,0,0,2,2,0,4
Shawn Nelson,2,47,1,1,8,Lost,None,None,12.45,0,1,2,2,2,2,2,0,2,2,2,0,0,2,2,1,3
Andrew Sarega,2,47,1,1,8,Lost,None,None,1.05,0,0,2,2,2,2,2,0,2,2,2,0,0,2,2,0,4
Steve Vargas,2,47,1,1,8,Lost,None,None,5.29,0,0,2,2,2,2,2,0,2,2,2,0,0,2,2,0,4
Aja Smith,2,48,1,1,8,Advanced,None,On the Ballot,100.0,1,2,2,2,2,2,2,2,2,2,2,2,2,2,2,0,0
Omar Navarro,2,49,1,1,8,Advanced,None,On the Ballot,56.02,1,2,2,2,2,2,2,2,2,2,2,2,2,2,2,0,0
Frank DeMartini,2,49,1,1,8,Lost,None,None,27.54,0,2,2,2,2,2,2,2,2,2,2,2,2,2,2,0,0
Edwin Duterte,2,49,1,1,8,Lost,None,None,16.44,0,2,2,2,2,2,2,2,2,2,2,2,2,2,2,0,0
Jazmina Saavedra,2,50,1,1,8,Lost,None,None,58.53,0,2,2,2,2,2,2,2,2,2,2,2,2,2,2,0,0
Stacey Dash,2,50,1,1,8,Lost,None,None,41.47,0,2,2,2,2,2,2,2,2,2,2,2,2,2,2,0,0
Russell Lambert,2,51,1,1,8,Advanced,None,On the Ballot,100.0,1,2,2,2,2,2,2,2,2,2,2,2,2,2,2,0,0
John Briscoe,2,52,1,1,8,Advanced,None,On the Ballot,54.48,1,2,2,2,2,2,2,2,2,2,2,2,2,2,2,0,0
David Clifford,2,52,1,1,8,Lost,None,None,45.52,0,2,2,2,2,2,2,2,2,2,2,2,2,2,2,0,0
Diane Harkey,2,53,1,1,8,Advanced,None,On the Ballot,52.93,1,1,2,2,2,2,2,2,2,2,2,1,2,2,2,2,0
Kristin Gaspar,2,53,1,1,8,Lost,None,None,18.34,0,1,2,2,2,2,2,2,2,2,2,0,2,2,2,1,1
Rocky ChÃÂÃÂ_ÃÂÃÂ_vez,2,53,1,1,8,Lost,None,None,15.66,0,1,2,2,2,2,2,2,2,2,2,0,2,2,2,1,1
Joshua Schoonover,2,53,1,1,8,Lost,None,None,1.55,0,0,2,2,2,2,2,2,2,2,2,0,2,2,2,0,2
Brian Maryott,2,53,1,1,8,Lost,None,None,6.26,0,0,2,2,2,2,2,2,2,2,2,0,2,2,2,0,2
Craig Nordal,2,53,1,1,8,Lost,None,None,1.31,0,0,2,2,2,2,2,2,2,2,2,0,2,2,2,0,2
David Medway,2,53,1,1,8,Lost,None,None,1.22,0,0,2,2,2,2,2,2,2,2,2,0,2,2,2,0,2
Mike Schmitt,2,53,1,1,8,Lost,None,None,2.72,0,0,2,2,2,2,2,2,2,2,2,0,2,2,2,0,2
Juan Hidalgo,2,54,1,1,8,Advanced,None,On the Ballot,49.39,1,2,2,2,2,2,2,2,2,2,2,2,2,2,2,0,0
Louis Fuentes,2,54,1,1,8,Lost,None,None,53.9,0,2,2,2,2,2,2,2,2,2,2,2,2,2,2,0,0
John Renison Jr.,2,54,1,1,8,Lost,None,None,45.22,0,2,2,2,2,2,2,2,2,2,2,2,2,2,2,0,0
Omar Qudrat,2,55,1,1,8,Advanced,None,On the Ballot,37.28,1,0,2,2,2,2,2,2,2,2,2,2,2,2,2,0,1
James Veltmeyer,2,55,1,1,8,Lost,None,None,27.81,0,0,2,2,2,2,2,2,2,2,2,2,2,2,2,0,1
John Horst,2,55,1,1,8,Lost,None,None,8.25,0,0,2,2,2,2,2,2,2,2,2,2,2,2,2,0,1
Danny Casara,2,55,1,1,8,Lost,None,None,11.2,0,0,2,2,2,2,2,2,2,2,2,2,2,2,2,0,1
Michael Allman,2,55,1,1,8,Lost,None,None,9.57,0,1,2,2,2,2,2,2,2,2,2,2,2,2,2,1,0
Jeff Cullen,2,55,1,1,8,Lost,None,None,5.88,0,0,2,2,2,2,2,2,2,2,2,2,2,2,2,0,1
Morgan Murtaugh,2,56,1,1,8,Advanced,None,On the Ballot,42.73,1,2,2,2,2,2,2,2,2,2,2,2,2,2,2,0,0
Matt Mendoza,2,56,1,1,8,Lost,None,None,40.43,0,2,2,2,2,2,2,2,2,2,2,2,2,2,2,0,0
Brett Goda,2,56,1,1,8,Lost,None,None,5.93,0,2,2,2,2,2,2,2,2,2,2,2,2,2,2,0,0
Shawn Gino Kane,2,56,1,1,8,Lost,None,None,10.91,0,2,2,2,2,2,2,2,2,2,2,2,2,2,2,0,0
Andrew Grant,2,57,1,1,8,Advanced,None,On the Ballot,69.15,1,1,2,2,2,2,2,2,2,2,2,2,2,1,2,2,0
Yona Barash,2,57,1,1,8,Lost,None,None,30.85,0,0,2,2,2,2,2,2,2,2,2,2,2,0,2,0,2
Marla Livengood,2,58,1,1,8,Advanced,None,On the Ballot,100.0,1,2,2,2,2,2,1,2,2,2,2,2,2,2,2,1,0
Jerry Laws,2,220,2,1,8,Lost,None,None,3.04,0,2,2,2,2,2,0,2,2,2,2,2,2,2,2,0,1
Kevin Mottus,2,220,2,1,8,Lost,None,None,3.94,0,2,2,2,2,2,0,2,2,2,2,2,2,2,2,0,1
Roque De La Fuente,2,220,2,1,8,Lost,None,None,6.11,0,2,2,2,2,2,0,2,2,2,2,2,2,2,2,0,1
Tom Palzer,2,220,2,1,8,Lost,None,None,9.26,0,2,2,2,2,2,0,2,2,2,2,2,2,2,2,0,1
Patrick Little,2,220,2,1,8,Lost,None,None,4.06,0,2,2,2,2,2,0,2,2,2,2,2,2,2,2,0,1
Erin Cruz,2,220,2,1,8,Lost,None,None,12.06,0,2,2,2,2,2,0,2,2,2,2,2,2,2,2,0,1
Mario Nabliba,2,220,2,1,8,Lost,None,None,1.77,0,2,2,2,2,2,0,2,2,2,2,2,2,2,2,0,1
Paul Taylor,2,220,2,1,8,Lost,None,None,14.59,0,2,2,2,2,2,1,2,2,2,2,2,2,2,2,1,0
Arun Bhumitra,2,220,2,1,8,Lost,None,None,15.82,0,2,2,2,2,2,0,2,2,2,2,2,2,2,2,0,1
James Bradley,2,220,2,1,8,Lost,None,None,25.08,0,2,2,2,2,2,0,2,2,2,2,2,2,2,2,0,1
John Crew,2,220,2,1,8,Lost,None,None,4.24,0,2,2,2,2,2,0,2,2,2,2,2,2,2,2,0,1
Walker Stapleton,3,2,0,1,7,Advanced,None,On the Ballot,47.67,1,2,2,2,2,2,2,2,2,2,2,2,2,2,2,0,0
Greg Lopez,3,2,0,1,7,Lost,None,None,13.2,0,2,2,2,2,2,2,2,2,2,2,2,2,2,2,0,0
Victor Mitchell,3,2,0,1,7,Lost,None,None,30.12,0,2,2,2,2,2,2,2,2,2,2,2,2,2,2,0,0
Doug Robinson,3,2,0,1,7,Lost,None,None,9.01,0,2,2,2,2,2,2,2,2,2,2,2,2,2,2,0,0
Casper Stockham,3,59,1,1,7,Advanced,None,On the Ballot,100.0,1,2,2,2,2,2,2,2,2,2,2,2,2,2,2,0,0
Peter Yu,3,60,1,1,7,Advanced,None,On the Ballot,100.0,1,2,2,2,2,2,2,2,2,2,2,2,2,2,2,0,0
Mark Barrington,3,61,1,1,7,Advanced,None,On the Ballot,100.0,1,2,2,2,2,2,2,2,2,2,2,2,2,2,2,0,0
Bob Stefanowski,4,3,0,1,10,Advanced,None,On the Ballot,29.3,1,2,2,2,2,2,2,2,2,2,2,2,2,2,2,0,0
Mark Boughton,4,3,0,1,10,Lost,None,None,21.2,0,2,2,2,2,2,2,2,2,2,2,2,2,2,2,0,0
Steve Obsitnik,4,3,0,1,10,Lost,None,None,13.5,0,2,2,2,2,2,2,2,2,2,2,2,2,2,2,0,0
Tim Herbst,4,3,0,1,10,Lost,None,None,17.6,0,2,2,2,2,2,2,2,2,2,2,2,2,2,2,0,0
David Stemerman,4,3,0,1,10,Lost,None,None,18.4,0,2,2,2,2,2,2,2,2,2,2,2,2,2,2,0,0
Jennifer Nye,4,62,1,1,10,Advanced,None,On the Ballot,100.0,1,2,2,2,2,2,2,2,2,2,2,2,2,2,2,0,0
Dan Postemski,4,63,1,1,10,Advanced,None,On the Ballot,100.0,1,2,2,2,2,2,2,2,2,2,2,2,2,2,2,0,0
Angel Cadena,4,64,1,1,10,Advanced,None,On the Ballot,100.0,1,2,2,2,2,2,2,2,2,2,2,2,2,2,2,0,0
Harry Arora,4,65,1,1,10,Advanced,None,On the Ballot,100.0,1,2,2,2,2,2,2,2,2,2,2,2,2,2,2,0,0
Manny Santos,4,66,1,1,10,Advanced,None,On the Ballot,51.7,1,2,2,2,2,2,2,2,2,2,2,2,2,2,2,0,0
Ruby Corby O'Neill,4,66,1,1,10,Lost,None,None,26.7,0,2,2,2,2,2,2,2,2,2,2,2,2,2,2,0,0
Rich DuPont,4,66,1,1,10,Lost,None,None,21.7,0,2,2,2,2,2,2,2,2,2,2,2,2,2,2,0,0
Matthew Corey,4,221,2,1,10,Advanced,None,On the Ballot,76.7,1,2,2,2,2,2,2,2,2,2,2,2,2,2,2,0,0
Dominic Rapini,4,221,2,1,10,Lost,None,None,23.3,0,2,2,2,2,2,2,2,2,2,2,2,2,2,2,0,0
Lee Murphy,5,67,1,1,19,Lost,None,None,47.0,0,2,2,2,2,2,2,2,2,2,2,2,2,2,2,0,0
Scott Walker,5,67,1,1,19,Advanced,None,On the Ballot,53.0,1,2,2,2,2,2,2,2,2,2,2,2,2,2,2,0,0
Gene Truono,5,222,2,1,19,Lost,None,None,28.0,0,2,2,2,2,2,2,2,2,2,2,2,2,2,2,0,0
Robert Arlett,5,222,2,1,19,Advanced,None,On the Ballot,66.8,1,2,2,2,2,2,2,2,2,2,2,2,2,2,2,0,0
Roque De La Fuente,5,222,2,1,19,Lost,None,None,5.3,0,2,2,2,2,2,2,2,2,2,2,2,2,2,2,0,0
Bruce Nathan,6,4,0,1,13,Lost,None,None,0.9,0,2,2,2,2,2,0,2,2,0,2,2,2,0,2,0,3
Ron DeSantis,6,4,0,1,13,Advanced,None,On the Ballot,56.5,1,2,1,2,2,2,2,2,2,1,2,2,2,0,2,2,1
Don Baldauf,6,4,0,1,13,Lost,None,None,0.8,0,2,0,2,2,2,0,2,2,0,2,2,2,0,2,0,4
Bob White,6,4,0,1,13,Lost,None,None,2.0,0,2,0,2,2,2,0,2,2,0,2,2,2,0,2,0,4
Adam Putnam,6,4,0,1,13,Lost,None,None,36.6,0,2,0,2,2,2,2,2,2,0,2,2,2,1,2,1,2
Timothy Devine,6,4,0,1,13,Lost,None,None,1.3,0,2,0,2,2,2,0,2,2,0,2,2,2,0,2,0,4
Bob Langford,6,4,0,1,13,Lost,None,None,1.2,0,2,0,2,2,2,0,2,2,0,2,2,2,0,2,0,4
John Joseph Mercadante,6,4,0,1,13,Lost,None,None,0.7,0,2,0,2,2,2,0,2,2,0,2,2,2,0,2,0,4
George Buck,6,68,1,1,13,Advanced,None,On the Ballot,56.0,1,2,2,2,2,2,1,2,2,2,2,2,2,2,2,1,0
Brad Sostack,6,68,1,1,13,Lost,None,None,44.0,0,2,2,2,2,2,0,2,2,2,2,2,2,2,2,0,1
Neil Combee,6,69,1,1,13,Lost,None,None,34.1,0,2,2,2,2,2,0,2,2,2,2,2,2,2,2,0,1
Ross Spano,6,69,1,1,13,Advanced,None,On the Ballot,43.7,1,2,2,2,2,2,2,2,2,2,2,2,2,2,2,0,0
Sean Harper,6,69,1,1,13,Lost,None,None,10.0,0,2,2,2,2,2,0,2,2,2,2,2,2,2,2,0,1
Danny Kushmer,6,69,1,1,13,Lost,None,None,6.7,0,2,2,2,2,2,2,2,2,2,2,2,2,2,2,0,0
Ed Shoemaker,6,69,1,1,13,Lost,None,None,5.5,0,2,2,2,2,2,0,2,2,2,2,2,2,2,2,0,1
Greg Steube,6,70,1,1,13,Advanced,None,On the Ballot,62.4,1,2,2,2,2,1,2,2,1,1,1,1,0,0,2,5,2
Julio Gonzalez,6,70,1,1,13,Lost,None,None,18.3,0,2,2,2,2,0,2,2,0,0,0,0,1,1,2,2,5
Bill Akins,6,70,1,1,13,Lost,None,None,19.3,0,2,2,2,2,0,0,2,0,0,0,0,0,0,2,0,8
Nicolas Kimaz,6,71,1,1,13,Advanced,None,On the Ballot,41.0,1,2,2,2,2,2,0,2,2,2,2,2,2,2,2,0,1
Javier Manjarres,6,71,1,1,13,Lost,None,None,33.9,0,2,2,2,2,2,1,2,2,2,2,2,2,2,2,1,0
Eddison Walters,6,71,1,1,13,Lost,None,None,25.1,0,2,2,2,2,2,0,2,2,2,2,2,2,2,2,0,1
Carla Spalding,6,72,1,1,13,Lost,None,None,21.5,0,2,2,2,2,2,2,2,2,2,2,2,2,2,2,0,0
Joe Kaufman,6,72,1,1,13,Advanced,None,On the Ballot,44.7,1,2,2,2,2,2,2,2,2,2,2,2,2,2,2,0,0
Carlos Reyes,6,72,1,1,13,Lost,None,None,33.8,0,2,2,2,2,2,2,2,2,2,2,2,2,2,2,0,0
Bruno Barreiro,6,73,1,1,13,Lost,None,None,25.7,0,1,2,2,2,2,0,2,2,2,2,2,0,2,2,1,2
Maria Peiro,6,73,1,1,13,Lost,None,None,8.0,0,0,2,2,2,2,1,2,2,2,2,2,0,2,2,1,2
Bettina Rodriguez-Aguilera,6,73,1,1,13,Lost,None,None,4.3,0,0,2,2,2,2,0,2,2,2,2,2,0,2,2,0,3
Gina Sosa-Suarez,6,73,1,1,13,Lost,None,None,1.9,0,0,2,2,2,2,0,2,2,2,2,2,0,2,2,0,3
Angie Chirino,6,73,1,1,13,Lost,None,None,6.9,0,0,2,2,2,2,0,2,2,2,2,2,0,2,2,0,3
Maria Elvira Salazar,6,73,1,1,13,Advanced,None,On the Ballot,40.5,1,1,2,2,2,2,0,2,2,2,2,2,1,2,2,2,1
Michael Ohevzion,6,73,1,1,13,Lost,None,None,3.8,0,0,2,2,2,2,0,2,2,2,2,2,0,2,2,0,3
Elizabeth Adadi,6,73,1,1,13,Lost,None,None,2.0,0,0,2,2,2,2,0,2,2,2,2,2,0,2,2,0,3
Stephen Marks,6,73,1,1,13,Lost,None,None,7.0,0,0,2,2,2,2,0,2,2,2,2,2,0,2,2,0,3
Virginia Fuller,6,74,1,1,13,Advanced,None,On the Ballot,100.0,1,2,2,2,2,2,2,2,2,2,2,2,2,2,2,0,0
Fred Costello,6,75,1,1,13,Lost,None,None,27.2,0,2,2,2,2,2,1,2,2,2,2,2,2,2,2,1,0
John Ward,6,75,1,1,13,Lost,None,None,30.4,0,2,2,2,2,2,0,2,2,2,2,2,2,2,2,0,1
Michael Waltz,6,75,1,1,13,Advanced,None,On the Ballot,42.4,1,2,2,2,2,2,0,2,2,2,2,2,2,2,2,0,1
Mike Miller,6,76,1,1,13,Advanced,None,On the Ballot,53.9,1,1,2,2,2,2,0,2,2,2,2,2,1,2,2,2,1
Scott Sturgill,6,76,1,1,13,Lost,None,None,30.4,0,1,2,2,2,2,1,2,1,2,2,2,0,2,2,3,1
Vennia Francois,6,76,1,1,13,Lost,None,None,15.8,0,0,2,2,2,2,0,2,0,2,2,2,0,2,2,0,4
Wayne Liebnitzky,6,77,1,1,13,Advanced,None,On the Ballot,100.0,1,2,2,2,2,2,2,2,2,2,2,2,2,2,2,0,0
Rick Scott,6,223,2,1,13,Advanced,None,On the Ballot,88.6,1,2,1,2,2,2,1,2,1,1,2,2,2,1,2,5,0
Roque De La Fuente,6,223,2,1,13,Lost,None,None,11.4,0,2,0,2,2,2,0,2,0,0,2,2,2,0,2,0,5
Brian Kemp,7,5,0,1,4,Advanced,Advanced,On the Ballot,25.55,1,2,1,2,2,0,0,2,2,2,2,2,2,2,2,1,2
Casey Cagle,7,5,0,1,4,Advanced,Lost,None,39.01,0,2,0,2,2,1,0,2,2,2,2,2,2,2,2,1,2
Hunter Hill,7,5,0,1,4,Lost,None,None,18.35,0,2,0,2,2,0,1,2,2,2,2,2,2,2,2,1,2
Michael Williams,7,5,0,1,4,Lost,None,None,4.88,0,2,0,2,2,0,0,2,2,2,2,2,2,2,2,0,3
Clay Tippins,7,5,0,1,4,Lost,None,None,12.21,0,2,0,2,2,0,0,2,2,2,2,2,2,2,2,0,3
Eddie Hayes,7,5,0,1,4,Lost,None,None,0.0,0,2,0,2,2,0,0,2,2,2,2,2,2,2,2,0,3
David Callahan,7,78,1,1,4,Advanced,None,On the Ballot,93.0,1,2,2,2,2,2,1,2,2,2,2,2,2,2,2,1,0
Femi Akinkugbe,7,78,1,1,4,Lost,None,None,7.0,0,2,2,2,2,2,0,2,2,2,2,2,2,2,2,0,1
Herman West Jr.,7,79,1,1,4,Advanced,None,On the Ballot,100.0,1,2,2,2,2,2,2,2,2,2,2,2,2,2,2,0,0
Joe Profit,7,80,1,1,4,Advanced,None,On the Ballot,100.0,1,2,2,2,2,2,2,2,2,2,2,2,2,2,2,0,0
Andria Tupola,8,6,0,1,9,Advanced,None,On the Ballot,55.5,1,2,2,2,2,2,2,2,2,2,2,2,2,2,2,0,0
John Carroll,8,6,0,1,9,Lost,None,None,35.2,0,2,2,2,2,2,2,2,2,2,2,2,2,2,2,0,0
Ray L'Heureux,8,6,0,1,9,Lost,None,None,9.3,0,2,2,2,2,2,2,2,2,2,2,2,2,2,2,0,0
Cam Cavasso,8,81,1,1,9,Advanced,None,On the Ballot,81.8,1,2,2,2,2,2,2,2,2,2,2,2,2,2,2,0,0
Raymond Vinole,8,81,1,1,9,Lost,None,None,18.2,0,2,2,2,2,2,2,2,2,2,2,2,2,2,2,0,0
Brian Evans,8,82,1,1,9,Advanced,None,On the Ballot,100.0,1,2,2,2,2,2,2,2,2,2,2,2,2,2,2,0,0
Ron Curtis,8,224,2,1,9,Advanced,None,On the Ballot,23.7,1,2,2,2,2,2,2,2,2,2,2,2,2,2,2,0,0
Michael Hodgkiss,8,224,2,1,9,Lost,None,None,5.9,0,2,2,2,2,2,2,2,2,2,2,2,2,2,2,0,0
Consuelo Anderson,8,224,2,1,9,Lost,None,None,19.3,0,2,2,2,2,2,2,2,2,2,2,2,2,2,2,0,0
George Berish,8,224,2,1,9,Lost,None,None,6.2,0,2,2,2,2,2,2,2,2,2,2,2,2,2,2,0,0
Roque De La Fuente,8,224,2,1,9,Lost,None,None,11.4,0,2,2,2,2,2,2,2,2,2,2,2,2,2,2,0,0
Robert Helsham,8,224,2,1,9,Lost,None,None,14.9,0,2,2,2,2,2,2,2,2,2,2,2,2,2,2,0,0
Eddie Pirkowski,8,224,2,1,9,Lost,None,None,5.1,0,2,2,2,2,2,2,2,2,2,2,2,2,2,2,0,0
Thomas White,8,224,2,1,9,Lost,None,None,13.6,0,2,2,2,2,2,2,2,2,2,2,2,2,2,2,0,0
Chris Peters,9,99,1,1,8,Advanced,None,On the Ballot,100.0,1,2,2,2,2,2,2,2,2,2,2,2,2,2,2,0,0
Brad Little,10,7,0,1,3,Advanced,None,On the Ballot,37.29,1,2,2,2,2,2,2,2,2,2,2,2,2,2,2,0,0
Harley Brown,10,7,0,1,3,Lost,None,None,0.45,0,2,2,2,2,2,2,2,2,2,2,2,2,2,2,0,0
Lisa Marie,10,7,0,1,3,Lost,None,None,1.75,0,2,2,2,2,2,2,2,2,2,2,2,2,2,2,0,0
Raul Labrador,10,7,0,1,3,Lost,None,None,32.63,0,2,2,2,2,2,2,2,2,2,2,2,2,2,2,0,0
Steven Pankey,10,7,0,1,3,Lost,None,None,1.39,0,2,2,2,2,2,2,2,2,2,2,2,2,2,2,0,0
Tommy Ahlquist,10,7,0,1,3,Lost,None,None,26.22,0,2,2,2,2,2,2,2,2,2,2,2,2,2,2,0,0
Dalton Cannady,10,7,0,1,3,Lost,None,None,0.27,0,2,2,2,2,2,2,2,2,2,2,2,2,2,2,0,0
Russ Fulcher,10,83,1,1,3,Advanced,None,On the Ballot,43.12,1,2,2,2,2,2,2,2,1,2,1,2,0,2,2,2,1
Christy Perry,10,83,1,1,3,Lost,None,None,11.19,0,2,2,2,2,2,2,2,0,2,0,2,0,2,2,0,3
Luke Malek,10,83,1,1,3,Lost,None,None,14.26,0,2,2,2,2,2,2,2,0,2,0,2,1,2,2,1,2
David Leroy,10,83,1,1,3,Lost,None,None,15.53,0,2,2,2,2,2,2,2,0,2,0,2,0,2,2,0,3
Michael Snyder,10,83,1,1,3,Lost,None,None,10.37,0,2,2,2,2,2,2,2,0,2,0,2,0,2,2,0,3
Nick Henderson,10,83,1,1,3,Lost,None,None,2.02,0,2,2,2,2,2,2,2,0,2,0,2,0,2,2,0,3
Alex Gallegos,10,83,1,1,3,Lost,None,None,3.5,0,2,2,2,2,2,2,2,0,2,0,2,0,2,2,0,3
Jimmy Lee Tillman II,11,84,1,1,1,Advanced,None,On the Ballot,100.0,1,2,2,2,2,2,2,2,2,2,2,2,2,2,2,0,0
Doug Bennett,11,85,1,1,1,Advanced,None,On the Ballot,36.24,1,1,2,2,2,2,2,2,2,2,2,2,2,2,2,1,0
Sapan Shah,11,85,1,1,1,Lost,None,None,29.06,0,1,2,2,2,2,2,2,2,2,2,2,2,2,2,1,0
Jeremy Wynes,11,85,1,1,1,Lost,None,None,34.7,0,1,2,2,2,2,2,2,2,2,2,2,2,2,2,1,0
Nick Stella,11,86,1,1,1,Advanced,None,On the Ballot,79.33,1,2,2,2,2,2,2,2,2,2,2,2,2,2,2,0,0
Connor Vlakancic,11,86,1,1,1,Lost,None,None,20.67,0,2,2,2,2,2,2,2,2,2,2,2,2,2,2,0,0
Bill Fawell,11,87,1,1,1,Advanced,None,On the Ballot,100.0,1,2,2,2,2,2,2,2,2,2,2,2,2,2,2,0,0
David Merkle,11,88,1,1,1,Advanced,None,On the Ballot,36.59,1,2,2,2,2,2,2,2,2,2,2,2,2,2,2,0,0
John Morrow,11,88,1,1,1,Lost,None,None,27.94,0,2,2,2,2,2,2,2,2,2,2,2,2,2,2,0,0
Patrick Harmon,11,88,1,1,1,Lost,None,None,35.46,0,2,2,2,2,2,2,2,2,2,2,2,2,2,2,0,0
Arthur Jones,11,89,1,1,1,Advanced,None,On the Ballot,100.0,1,2,2,2,2,2,2,2,2,2,2,2,2,2,2,0,0
Mark Wayne Lorch,11,90,1,1,1,Advanced,None,On the Ballot,100.0,1,2,2,2,2,2,2,2,2,2,2,2,2,2,2,0,0
Tom Hanson,11,91,1,1,1,Advanced,None,On the Ballot,100.0,1,2,2,2,2,2,2,2,2,2,2,2,2,2,2,0,0
Craig Cameron,11,92,1,1,1,Advanced,None,On the Ballot,56.33,1,2,2,2,2,2,2,2,2,2,2,2,2,2,2,0,0
Jeffrey Leef,11,92,1,1,1,Lost,None,None,43.67,0,2,2,2,2,2,2,2,2,2,2,2,2,2,2,0,0
Jitendra Diganvker,11,93,1,1,1,Advanced,None,On the Ballot,100.0,1,2,2,2,2,2,2,2,2,2,2,2,2,2,2,0,0
John Elleson,11,94,1,1,1,Advanced,None,On the Ballot,40.37,1,2,2,2,2,2,2,2,2,2,2,2,2,2,2,0,0
Max Rice,11,94,1,1,1,Lost,None,None,10.15,0,2,2,2,2,2,2,2,2,2,2,2,2,2,2,0,0
D. Vincent Thomas Jr.,11,94,1,1,1,Lost,None,None,18.83,0,2,2,2,2,2,2,2,2,2,2,2,2,2,2,0,0
Sargis Sangari,11,94,1,1,1,Lost,None,None,10.15,0,2,2,2,2,2,2,2,2,2,2,2,2,2,2,0,0
Mark Leyva,12,95,1,1,5,Advanced,None,On the Ballot,26.99,1,2,2,2,2,2,2,2,2,2,2,2,2,2,2,0,0
John Meyer,12,95,1,1,5,Lost,None,None,19.6,0,2,2,2,2,2,2,2,2,2,2,2,2,2,2,0,0
Jeremy Belko,12,95,1,1,5,Lost,None,None,6.73,0,2,2,2,2,2,2,2,2,2,2,2,2,2,2,0,0
David Dopp,12,95,1,1,5,Lost,None,None,7.61,0,2,2,2,2,2,2,2,2,2,2,2,2,2,2,0,0
Roseann Ivanovich,12,95,1,1,5,Lost,None,None,19.55,0,2,2,2,2,2,2,2,2,2,2,2,2,2,2,0,0
Nicholas Pappas,12,95,1,1,5,Lost,None,None,19.52,0,2,2,2,2,2,2,2,2,2,2,2,2,2,2,0,0
Jim Baird,12,96,1,1,5,Advanced,None,On the Ballot,36.59,1,2,2,2,2,2,1,2,2,2,2,2,2,2,0,1,1
James Nease,12,96,1,1,5,Lost,None,None,2.62,0,2,2,2,2,2,0,2,2,2,2,2,2,2,2,0,1
Kevin Grant,12,96,1,1,5,Lost,None,None,4.58,0,2,2,2,2,2,0,2,2,2,2,2,2,2,2,0,1
Steve Braun,12,96,1,1,5,Lost,None,None,29.45,0,2,2,2,2,2,1,2,2,2,2,2,2,2,2,1,0
Diego Morales,12,96,1,1,5,Lost,None,None,14.97,0,2,2,2,2,2,1,2,2,2,2,2,2,2,0,1,1
Jared Thomas,12,96,1,1,5,Lost,None,None,10.53,0,2,2,2,2,2,0,2,2,2,2,2,2,2,2,0,1
Tim Radice,12,96,1,1,5,Lost,None,None,1.26,0,2,2,2,2,2,0,2,2,2,2,2,2,2,2,0,1
Greg Pence,12,97,1,1,5,Advanced,None,On the Ballot,64.48,1,2,2,2,1,2,1,2,2,2,2,2,2,2,2,2,0
Jeff Smith,12,97,1,1,5,Lost,None,None,3.04,0,2,2,2,0,2,1,2,2,2,2,2,2,2,2,1,1
Mike Campbell,12,97,1,1,5,Lost,None,None,4.34,0,2,2,2,0,2,0,2,2,2,2,2,2,2,2,0,2
Stephen MacKenzie,12,97,1,1,5,Lost,None,None,4.57,0,2,2,2,0,2,0,2,2,2,2,2,2,2,2,0,2
Jonathan Lamb,12,97,1,1,5,Lost,None,None,23.56,0,2,2,2,0,2,0,2,2,2,2,2,2,2,2,0,2
Wayne Harmon,12,98,1,1,5,Advanced,None,On the Ballot,28.81,1,2,2,2,2,2,0,2,2,2,2,2,2,2,2,0,1
J.D. Miniear,12,98,1,1,5,Lost,None,None,13.59,0,2,2,2,2,2,1,2,2,2,2,2,2,2,2,1,0
John Couch,12,98,1,1,5,Lost,None,None,15.24,0,2,2,2,2,2,0,2,2,2,2,2,2,2,2,0,1
Tony Van Pelt,12,98,1,1,5,Lost,None,None,11.3,0,2,2,2,2,2,0,2,2,2,2,2,2,2,2,0,1
J. Jason Davis,12,98,1,1,5,Lost,None,None,11.9,0,2,2,2,2,2,0,2,2,2,2,2,2,2,2,0,1
Donald Eason Jr.,12,98,1,1,5,Lost,None,None,19.16,0,2,2,2,2,2,0,2,2,2,2,2,2,2,2,0,1
Mike Braun,12,225,2,1,5,Advanced,None,On the Ballot,41.17,1,2,2,2,2,2,1,2,2,2,2,2,2,2,2,1,0
Luke Messer,12,225,2,1,5,Lost,None,None,28.84,0,2,2,2,2,2,1,2,2,2,2,2,2,2,2,1,0
Todd Rokita,12,225,2,1,5,Lost,None,None,29.99,0,2,2,2,2,2,1,2,2,2,2,2,2,2,2,1,0
Caryn Tyson,13,100,1,1,14,Lost,None,None,23.2,0,1,2,2,2,2,1,1,2,2,2,2,2,2,2,3,0
Kevin Jones,13,100,1,1,14,Lost,None,None,15.9,0,0,2,2,2,2,0,0,2,2,2,2,2,2,2,0,3
Steve Fitzgerald,13,100,1,1,14,Lost,None,None,12.1,0,1,2,2,2,2,0,0,2,2,2,2,2,2,2,1,2
Vernon Fields,13,100,1,1,14,Lost,None,None,2.6,0,0,2,2,2,2,0,0,2,2,2,2,2,2,2,0,3
Steve Watkins,13,100,1,1,14,Advanced,None,On the Ballot,26.2,1,1,2,2,2,2,0,0,2,2,2,2,2,2,2,1,2
Doug Mays,13,100,1,1,14,Lost,None,None,8.1,0,0,2,2,2,2,0,0,2,2,2,2,2,2,2,0,3
Dennis Pyle,13,100,1,1,14,Lost,None,None,11.9,0,0,2,2,2,2,0,0,2,2,2,2,2,2,2,0,3
Vickie Yates Glisson,14,101,1,1,4,Advanced,None,On the Ballot,49.06,1,1,2,2,2,2,1,2,2,2,2,2,2,2,2,2,0
Mike Craven,14,101,1,1,4,Lost,None,None,26.9,0,0,2,2,2,2,0,2,2,2,2,2,2,2,2,0,2
Rhonda Palazzo,14,101,1,1,4,Lost,None,None,24.05,0,0,2,2,2,2,0,2,2,2,2,2,2,2,2,0,2
Liz Matory,16,102,1,1,7,Advanced,None,On the Ballot,42.01,1,2,2,2,2,2,1,2,2,2,2,2,2,2,2,1,0
Mark Shell,16,102,1,1,7,Lost,None,None,23.6,0,2,2,2,2,2,0,2,2,2,2,2,2,2,2,0,1
Hubert Owens Jr.,16,102,1,1,7,Lost,None,None,17.07,0,2,2,2,2,2,0,2,2,2,2,2,2,2,2,0,1
Mitchell Toland Jr.,16,102,1,1,7,Lost,None,None,17.32,0,2,2,2,2,2,0,2,2,2,2,2,2,2,2,0,1
Charles Anthony,16,103,1,1,7,Advanced,None,On the Ballot,43.59,1,2,2,2,2,2,0,2,2,2,2,2,2,2,2,0,1
Thomas Harris,16,103,1,1,7,Lost,None,None,35.96,0,2,2,2,2,2,0,2,2,2,2,2,2,2,2,0,1
Rob Seyfferth,16,103,1,1,7,Lost,None,None,20.45,0,2,2,2,2,2,0,2,2,2,2,2,2,2,2,0,1
George McDermott,16,104,1,1,7,Advanced,None,On the Ballot,100.0,1,2,2,2,2,2,2,2,2,2,2,2,2,2,2,0,0
William Devine III,16,105,1,1,7,Advanced,None,On the Ballot,57.56,1,2,2,2,2,2,2,2,2,2,2,2,2,2,2,0,0
Johnny Rice,16,105,1,1,7,Lost,None,None,42.44,0,2,2,2,2,2,2,2,2,2,2,2,2,2,2,0,0
Amie Hoeber,16,106,1,1,7,Advanced,None,On the Ballot,67.76,1,1,2,2,2,2,0,2,2,2,2,2,2,2,2,1,1
Lisa Lloyd,16,106,1,1,7,Lost,None,None,17.81,0,0,2,2,2,2,0,2,2,2,2,2,2,2,2,0,2
Brad Rohrs,16,106,1,1,7,Lost,None,None,5.68,0,0,2,2,2,2,1,2,2,2,2,2,2,2,2,1,1
Kurt Elsasser,16,106,1,1,7,Lost,None,None,8.75,0,0,2,2,2,2,0,2,2,2,2,2,2,2,2,0,2
Ray Bly,16,107,1,1,7,Lost,None,None,16.52,0,2,2,2,2,2,0,2,2,2,2,2,2,2,2,0,1
William Newton,16,107,1,1,7,Lost,None,None,22.33,0,2,2,2,2,2,1,2,2,2,2,2,2,2,2,1,0
Richmond Davis,16,107,1,1,7,On the Ballot,None,None,31.29,0,2,2,2,2,2,0,2,2,2,2,2,2,2,2,0,1
Michael Pearson,16,107,1,1,7,On the Ballot,None,None,29.86,0,2,2,2,2,2,0,2,2,2,2,2,2,2,2,0,1
John Walsh,16,108,1,1,7,Advanced,None,On the Ballot,44.87,1,2,2,2,2,2,2,2,2,2,2,2,2,2,2,0,0
Bridgette Cooper,16,108,1,1,7,Lost,None,None,31.28,0,2,2,2,2,2,2,2,2,2,2,2,2,2,2,0,0
Victor Williams,16,108,1,1,7,Lost,None,None,23.85,0,2,2,2,2,2,2,2,2,2,2,2,2,2,2,0,0
Tony Campbell,16,227,2,1,7,Advanced,None,On the Ballot,29.22,1,2,2,2,2,2,1,2,2,2,2,2,2,2,2,1,0
Blaine Taylor,16,227,2,1,7,Lost,None,None,5.03,0,2,2,2,2,2,0,2,2,2,2,2,2,2,2,0,1
Brian Vaeth,16,227,2,1,7,Lost,None,None,3.07,0,2,2,2,2,2,0,2,2,2,2,2,2,2,2,0,1
Chris Chaffee,16,227,2,1,7,Lost,None,None,24.05,0,2,2,2,2,2,0,2,2,2,2,2,2,2,2,0,1
John Graziani,16,227,2,1,7,Lost,None,None,8.77,0,2,2,2,2,2,0,2,2,2,2,2,2,2,2,0,1
Nnabu Eze,16,227,2,1,7,Lost,None,None,1.96,0,2,2,2,2,2,0,2,2,2,2,2,2,2,2,0,1
Evan Cronhardt,16,227,2,1,7,Lost,None,None,2.53,0,2,2,2,2,2,0,2,2,2,2,2,2,2,2,0,1
Christina Grigorian,16,227,2,1,7,Lost,None,None,17.48,0,2,2,2,2,2,0,2,2,2,2,2,2,2,2,0,1
Bill Krehnbrink,16,227,2,1,7,Lost,None,None,2.05,0,2,2,2,2,2,0,2,2,2,2,2,2,2,2,0,1
Gerald Smith,16,227,2,1,7,Lost,None,None,4.3,0,2,2,2,2,2,0,2,2,2,2,2,2,2,2,0,1
Albert Howard,16,227,2,1,7,Lost,None,None,1.55,0,2,2,2,2,2,0,2,2,2,2,2,2,2,2,0,1
Shawn Moody,17,8,0,1,6,Advanced,None,On the Ballot,52.6,1,2,2,2,2,2,2,2,2,2,2,2,2,2,2,0,0
Garrett Mason,17,8,0,1,6,Lost,None,None,21.23,0,2,2,2,2,2,2,2,2,2,2,2,2,2,2,0,0
Mary Mayhew,17,8,0,1,6,Lost,None,None,13.82,0,2,2,2,2,2,2,2,2,2,2,2,2,2,2,0,0
Kenneth Fredette,17,8,0,1,6,Lost,None,None,5.26,0,2,2,2,2,2,2,2,2,2,2,2,2,2,2,0,0
Eric Brakey,17,226,2,1,6,Advanced,None,On the Ballot,100.0,1,2,2,2,2,2,2,2,2,2,2,2,2,2,2,0,0
Kevin Powers,15,109,1,1,18,Lost,None,None,39.2,0,2,2,2,2,2,2,2,2,2,2,2,2,2,2,0,0
Tracy Lovvorn,15,109,1,1,18,Advanced,None,On the Ballot,60.8,1,2,2,2,2,2,2,2,2,2,2,2,2,2,2,0,0
Rick Green,15,110,1,1,18,Advanced,None,On the Ballot,100.0,1,1,2,2,2,2,2,2,2,1,2,2,2,2,2,2,0
John Hugo,15,111,1,1,18,Advanced,None,On the Ballot,63.7,1,2,2,2,2,2,1,2,2,2,2,2,2,2,2,1,0
Louis Kuchnir,15,111,1,1,18,Lost,None,None,36.3,0,2,2,2,2,2,0,2,2,2,2,2,2,2,2,0,1
Joseph Schneider,15,112,1,1,18,Advanced,None,On the Ballot,100.0,1,2,2,2,2,2,2,2,2,2,2,2,2,2,2,0,0
Peter Tedeschi,15,113,1,1,18,Advanced,None,On the Ballot,100.0,1,1,2,2,2,2,2,2,2,2,2,2,2,2,2,1,0
Geoff Diehl,15,228,2,1,18,Advanced,None,On the Ballot,55.3,1,2,2,2,2,1,2,2,2,2,2,2,2,2,2,1,0
John Kingston,15,228,2,1,18,Lost,None,None,26.7,0,2,2,2,2,0,2,2,2,2,2,2,2,2,2,0,1
Beth Lindstrom,15,228,2,1,18,Lost,None,None,17.9,0,2,2,2,2,0,2,2,2,2,2,2,2,2,2,0,1
Jim Hines,18,9,0,1,14,Lost,None,None,11.0,0,2,0,2,2,2,1,0,2,2,2,2,2,0,2,1,3
Brian Calley,18,9,0,1,14,Lost,None,None,25.2,0,2,0,2,2,2,1,0,2,2,2,2,2,0,2,1,3
Patrick Colbeck,18,9,0,1,14,Lost,None,None,13.1,0,2,0,2,2,2,1,0,2,2,2,2,2,0,2,1,3
"William Duncan ""Bill"" Schuette",18,9,0,1,14,Advanced,None,On the Ballot,50.7,1,2,1,2,2,2,1,0,2,2,2,2,2,1,2,3,1
Kerry Bentivolio,18,114,1,1,14,Lost,None,None,11.3,0,2,2,2,2,2,1,0,2,0,2,2,2,2,2,1,2
Klint Kesto,18,114,1,1,14,Lost,None,None,14.0,0,1,2,2,2,2,1,0,2,0,2,2,2,2,2,2,2
Mike Kowall,18,114,1,1,14,Lost,None,None,18.6,0,1,2,2,2,2,1,0,2,0,2,2,2,2,2,2,2
Rocky Raczkowski,18,114,1,1,14,Lost,None,None,25.4,0,1,2,2,2,2,1,0,2,0,2,2,2,2,2,2,2
Lena Epstein,18,114,1,1,14,Advanced,None,On the Ballot,30.7,1,1,2,2,2,2,1,1,2,1,2,2,2,2,2,4,0
Jeff Jones,18,115,1,1,14,Advanced,None,On the Ballot,100.0,1,2,2,2,2,2,2,2,2,0,2,2,2,2,2,0,1
Marc Herschfus,18,116,1,1,14,Advanced,None,On the Ballot,100.0,1,2,2,2,2,2,2,2,2,0,2,2,2,2,2,0,1
Travis Wines,18,117,1,1,14,Advanced,None,On the Ballot,100.0,1,2,2,2,2,2,2,2,2,0,2,2,2,2,2,0,1
Candius Stearns,18,118,1,1,14,Advanced,None,On the Ballot,100.0,1,1,2,2,2,2,1,1,2,0,2,2,2,2,2,3,1
John James,18,229,2,1,14,Advanced,None,On the Ballot,54.7,1,2,1,2,2,2,1,1,2,2,2,2,2,1,2,4,0
Sandy Pensler,18,229,2,1,14,Lost,None,None,45.3,0,2,0,2,2,2,0,0,2,2,2,2,2,0,2,0,4
Jeff Johnson,19,10,0,1,10,Advanced,None,On the Ballot,52.6,1,2,2,2,2,2,2,2,2,2,2,2,2,0,2,0,1
Tim Pawlenty,19,10,0,1,10,Lost,None,None,43.9,0,2,2,2,2,2,2,2,2,2,2,2,2,1,2,1,0
Matt Kruse,19,10,0,1,10,Lost,None,None,3.5,0,2,2,2,2,2,2,2,2,2,2,2,2,0,2,0,1
Jim Hagedorn,19,119,1,1,10,Advanced,None,On the Ballot,60.2,1,1,2,2,2,2,2,0,2,2,2,2,2,2,2,1,1
Carla Nelson,19,119,1,1,10,Lost,None,None,32.1,0,1,2,2,2,2,2,1,2,2,2,2,2,2,2,2,0
Andrew Candler,19,119,1,1,10,Lost,None,None,2.6,0,0,2,2,2,2,2,0,2,2,2,2,2,2,2,0,2
Steve Williams,19,119,1,1,10,Lost,None,None,5.1,0,0,2,2,2,2,2,0,2,2,2,2,2,2,2,0,2
Greg Ryan,19,120,1,1,10,Advanced,None,On the Ballot,100.0,1,2,2,2,2,2,2,2,2,2,2,2,2,2,2,0,0
Jennifer Zielinski,19,121,1,1,10,Advanced,None,On the Ballot,56.5,1,2,2,2,2,2,2,2,2,2,2,2,2,2,2,0,0
Christopher Chamberlin,19,121,1,1,10,Lost,None,None,32.5,0,2,2,2,2,2,2,2,2,2,2,2,2,2,2,0,0
Bob Carney Jr.,19,121,1,1,10,Lost,None,None,11.0,0,2,2,2,2,2,2,2,2,2,2,2,2,2,2,0,0
Dave Hughes,19,122,1,1,10,Advanced,None,On the Ballot,72.6,1,2,2,2,2,2,2,2,2,2,2,2,2,2,2,0,0
Matt Prosch,19,122,1,1,10,Lost,None,None,27.4,0,2,2,2,2,2,2,2,2,2,2,2,2,2,2,0,0
Pete Stauber,19,123,1,1,10,Advanced,None,On the Ballot,89.7,1,1,1,2,2,2,2,2,2,1,2,2,2,2,2,3,0
Harry Welty,19,123,1,1,10,Lost,None,None,10.3,0,0,0,2,2,2,2,2,2,0,2,2,2,2,2,0,3
Jim Newberger,19,230,2,1,10,Advanced,None,On the Ballot,69.5,1,2,2,2,2,2,0,0,2,2,2,2,2,2,2,0,2
Karin Housley,19,230,2,2,10,Advanced,None,On the Ballot,62.0,1,2,2,2,2,2,1,1,2,2,2,2,2,2,2,2,0
Merrill Anderson,19,230,2,1,10,Lost,None,None,15.7,0,2,2,2,2,2,0,0,2,2,2,2,2,2,2,0,2
Bob Anderson,19,230,2,2,10,Lost,None,None,35.6,0,2,2,2,2,2,0,0,2,2,2,2,2,2,2,0,2
Roque De La Fuente,19,230,2,1,10,Lost,None,None,5.9,0,2,2,2,2,2,0,0,2,2,2,2,2,2,2,0,2
Rae Hart Anderson,19,230,2,1,10,Lost,None,None,5.9,0,2,2,2,2,2,0,0,2,2,2,2,2,2,2,0,2
Nikolay Nikolayevich Bey,19,230,2,2,10,Lost,None,None,2.5,0,2,2,2,2,2,0,0,2,2,2,2,2,2,2,0,2
Camille Lombardi-Olive,20,125,1,1,14,Lost,None,None,32.6,0,2,2,2,2,2,2,2,2,2,2,2,2,2,2,0,0
Edward Van Deventer Jr.,20,125,1,1,14,Lost,None,None,32.9,0,2,2,2,2,2,2,2,2,2,2,2,2,2,2,0,0
Robert Vroman,20,125,1,1,14,Advanced,None,On the Ballot,34.5,1,2,2,2,2,2,2,2,2,2,2,2,2,2,2,0,0
Kress Cambers,20,126,1,1,14,Lost,None,None,17.6,0,2,2,2,2,2,0,2,2,2,2,2,2,2,2,0,1
Richonda Oaks,20,126,1,1,14,Lost,None,None,7.3,0,2,2,2,2,2,0,2,2,2,2,2,2,2,2,0,1
Jacob Turk,20,126,1,1,14,Advanced,None,On the Ballot,75.1,1,2,2,2,2,2,1,2,2,2,2,2,2,2,2,1,0
Austin Petersen,20,231,2,1,14,Lost,None,None,8.3,0,2,0,0,0,2,0,2,0,0,2,2,2,2,2,0,6
Josh Hawley,20,231,2,1,14,Advanced,None,On the Ballot,58.6,1,2,1,1,1,2,1,2,1,1,2,2,2,2,2,6,0
Tony Monetti,20,231,2,1,14,Lost,None,None,9.8,0,2,0,0,0,2,0,2,0,0,2,2,2,2,2,0,6
Courtland Sykes,20,231,2,1,14,Lost,None,None,2.1,0,2,0,0,0,2,0,2,0,0,2,2,2,2,2,0,6
Brian Hagg,20,231,2,1,14,Lost,None,None,1.0,0,2,0,0,0,2,0,2,0,0,2,2,2,2,2,0,6
Ken Patterson,20,231,2,1,14,Lost,None,None,2.9,0,2,0,0,0,2,0,2,0,0,2,2,2,2,2,0,6
Peter Pfeifer,20,231,2,1,14,Lost,None,None,2.5,0,2,0,0,0,2,0,2,0,0,2,2,2,2,2,0,6
Christina Smith,20,231,2,1,14,Lost,None,None,5.3,0,2,0,0,0,2,0,2,0,0,2,2,2,2,2,0,6
Bradley Krembs,20,231,2,1,14,Lost,None,None,0.7,0,2,0,0,0,2,0,2,0,0,2,2,2,2,2,0,6
Kristi Nichols,20,231,2,1,14,Lost,None,None,7.5,0,2,0,0,0,2,0,2,0,0,2,2,2,2,2,0,6
Fred Ryman,20,231,2,1,14,Lost,None,None,1.3,0,2,0,0,0,2,0,2,0,0,2,2,2,2,2,0,6
Whit Hughes,21,124,1,1,8,Advanced,Lost,None,22.24,0,2,2,2,2,2,2,2,2,2,2,1,2,2,2,1,0
Michael Guest,21,124,1,1,8,Advanced,Advanced,On the Ballot,44.84,1,2,2,2,2,2,2,2,2,2,2,0,2,2,2,0,1
Sally Doty,21,124,1,1,8,Lost,None,None,10.16,0,2,2,2,2,2,2,2,2,2,2,0,2,2,2,0,1
Perry Parker,21,124,1,1,8,Lost,None,None,16.24,0,2,2,2,2,2,2,2,2,2,2,0,2,2,2,0,1
Morgan Dunn,21,124,1,1,8,Lost,None,None,5.87,0,2,2,2,2,2,2,2,2,2,2,0,2,2,2,0,1
Katherine Tate,21,124,1,1,8,Lost,None,None,0.64,0,2,2,2,2,2,2,2,2,2,2,0,2,2,2,0,1
Matt Rosendale,22,232,2,1,8,Advanced,None,On the Ballot,33.82,1,2,2,1,1,2,2,2,1,2,2,1,2,2,2,4,0
Albert Olszewski,22,232,2,1,8,Lost,None,None,18.7,0,2,2,0,0,2,2,2,0,2,2,0,2,2,2,0,4
Russell C. Fagg,22,232,2,1,8,Lost,None,None,28.34,0,2,2,0,0,2,2,2,0,2,2,0,2,2,2,0,4
Troy Downing,22,232,2,1,8,Lost,None,None,19.12,0,2,2,0,0,2,2,2,0,2,2,0,2,2,2,0,4
Roger Allison,23,156,1,1,5,Advanced,None,On the Ballot,100.0,1,2,2,2,2,2,2,2,2,2,2,2,2,2,2,0,0
Paul Wright,23,157,1,1,5,Advanced,None,On the Ballot,43.21,1,2,2,2,2,2,2,2,2,2,2,2,2,2,2,0,0
Paul Bonham,23,157,1,1,5,Lost,None,None,31.51,0,2,2,2,2,2,2,2,2,2,2,2,2,2,2,0,0
Carl Persson,23,157,1,1,5,Lost,None,None,25.29,0,2,2,2,2,2,2,2,2,2,2,2,2,2,2,0,0
Steve Von Loor,23,158,1,1,5,Advanced,None,On the Ballot,100.0,1,2,2,2,2,2,2,2,2,2,2,2,2,2,2,0,0
Kelly Armstrong,24,159,1,1,6,Advanced,None,On the Ballot,56.22,1,2,2,2,2,2,2,2,2,2,2,2,2,2,2,0,0
Tom Campbell,24,159,1,1,6,Lost,None,None,26.87,0,2,2,2,2,2,2,2,2,2,2,2,2,2,2,0,0
Tiffany Abentroth,24,159,1,1,6,Lost,None,None,8.91,0,2,2,2,2,2,2,2,2,2,2,2,2,2,2,0,0
Paul Schaffner,24,159,1,1,6,Lost,None,None,7.89,0,2,2,2,2,2,2,2,2,2,2,2,2,2,2,0,0
Kevin Cramer,24,236,2,1,6,Advanced,None,On the Ballot,87.73,1,2,1,2,2,2,1,2,2,2,2,2,2,2,2,2,0
Thomas O'Neill,24,236,2,1,6,Lost,None,None,12.13,0,2,0,2,2,2,0,2,2,2,2,2,2,2,2,0,2
Andy Martin,25,130,1,1,15,Lost,None,None,4.2,0,0,2,2,2,0,2,2,2,2,2,2,2,2,2,0,2
Andy Sanborn,25,130,1,1,15,Lost,None,None,41.6,0,1,2,2,2,1,2,2,2,2,2,2,2,2,2,2,0
Eddie Edwards,25,130,1,1,15,Advanced,None,On the Ballot,48.0,1,1,2,2,2,0,2,2,2,2,2,2,2,2,2,1,1
Bruce Crochetiere,25,130,1,1,15,Lost,None,None,1.6,0,0,2,2,2,0,2,2,2,2,2,2,2,2,2,0,2
Michael Callis,25,130,1,1,15,Lost,None,None,2.6,0,0,2,2,2,0,2,2,2,2,2,2,2,2,2,0,2
Lynne Blankenbeker,25,131,1,1,15,Lost,None,None,22.9,0,0,2,2,2,2,2,1,2,2,2,2,2,2,2,1,1
Steve Negron,25,131,1,1,15,Advanced,None,On the Ballot,26.0,1,1,2,2,2,2,2,0,2,2,2,2,2,2,2,1,1
Stewart Levenson,25,131,1,1,15,Lost,None,None,25.3,0,1,2,2,2,2,2,0,2,2,2,2,2,2,2,1,1
Brian Belanger,25,131,1,1,15,Lost,None,None,5.6,0,0,2,2,2,2,2,0,2,2,2,2,2,2,2,0,2
Bob Burns,25,131,1,1,15,Lost,None,None,15.9,0,0,2,2,2,2,2,0,2,2,2,2,2,2,2,0,2
Gerard Beloin,25,131,1,1,15,Lost,None,None,1.5,0,0,2,2,2,2,2,0,2,2,2,2,2,2,2,0,2
Jay Mercer,25,131,1,1,15,Lost,None,None,2.9,0,0,2,2,2,2,2,0,2,2,2,2,2,2,2,0,2
Paul Dilks,26,132,1,1,8,Advanced,None,On the Ballot,100.0,1,2,2,2,2,2,2,2,2,2,2,2,2,2,2,0,0
Agha Khan,26,133,1,1,8,Advanced,None,On the Ballot,100.0,1,2,2,2,2,2,2,2,2,2,2,2,2,2,2,0,0
Jay Webber,26,134,1,1,8,Advanced,None,On the Ballot,40.04,1,1,2,2,2,2,2,1,2,2,2,2,2,2,2,2,0
Martin Hewitt,26,134,1,1,8,Lost,None,None,3.48,0,0,2,2,2,2,0,0,2,2,2,2,2,2,2,0,3
Antony Ghee,26,134,1,1,8,Lost,None,None,21.93,0,1,2,2,2,2,0,0,2,2,2,2,2,2,2,1,2
Patrick Allocco,26,134,1,1,8,Lost,None,None,4.1,0,0,2,2,2,2,0,0,2,2,2,2,2,2,2,0,3
Peter de Neufville,26,134,1,1,8,Lost,None,None,30.45,0,1,2,2,2,2,0,0,2,2,2,2,2,2,2,1,2
Daryl Kipnis,26,135,1,1,8,Advanced,None,On the Ballot,100.0,1,2,2,2,2,2,0,2,2,2,2,2,2,2,2,0,1
Seth Grossman,26,136,1,1,8,Advanced,None,On the Ballot,39.05,1,2,2,2,2,2,0,2,2,2,2,2,2,2,2,0,1
Samuel Fiocchi,26,136,1,1,8,Lost,None,None,23.35,0,2,2,2,2,2,0,2,2,2,2,2,2,2,2,0,1
Hirsh Singh,26,136,1,1,8,Lost,None,None,30.52,0,2,2,2,2,2,0,2,2,2,2,2,2,2,2,0,1
Robert Turkavage,26,136,1,1,8,Lost,None,None,7.09,0,2,2,2,2,2,0,2,2,2,2,2,2,2,2,0,1
John McCann,26,137,1,1,8,Advanced,None,On the Ballot,53.05,1,1,2,2,2,2,0,2,2,2,2,0,2,2,2,1,2
Steve Lonegan,26,137,1,1,8,Lost,None,None,46.95,0,1,2,2,2,2,1,2,2,2,2,1,2,2,2,3,0
Rich Pezzullo,26,138,1,1,8,Advanced,None,On the Ballot,100.0,1,2,2,2,2,2,2,2,2,2,2,2,2,2,2,0,0
John Muniz,26,139,1,1,8,Advanced,None,On the Ballot,100.0,1,2,2,2,2,2,2,2,2,2,2,2,2,2,2,0,0
Eric Fisher,26,140,1,1,8,Advanced,None,On the Ballot,100.0,1,2,2,2,2,2,2,2,2,2,2,2,2,2,2,0,0
Bob Hugin,26,233,2,1,8,Advanced,None,On the Ballot,75.13,1,2,2,2,2,2,2,2,2,2,2,2,2,2,2,0,0
Brian Goldberg,26,233,2,1,8,Lost,None,None,24.87,0,2,2,2,2,2,2,2,2,2,2,2,2,2,2,0,0
Steve Pearce,27,12,0,1,8,Advanced,None,On the Ballot,100.0,1,2,2,2,2,2,2,2,2,2,2,2,2,2,2,0,0
Janice Arnold-Jones,27,141,1,1,8,Advanced,None,On the Ballot,100.0,1,2,2,2,2,2,2,2,2,2,2,2,2,2,2,0,0
Yvette Herrell,27,142,1,1,8,Advanced,None,On the Ballot,49.0,1,1,2,2,2,1,2,1,2,2,1,2,2,2,2,4,0
Monty Newman,27,142,1,1,8,Lost,None,None,32.03,0,1,2,2,2,0,2,0,2,2,0,2,2,2,2,1,3
Gavin Clarkson,27,142,1,1,8,Lost,None,None,12.42,0,2,2,2,2,0,2,0,2,2,0,2,2,2,2,0,3
Clayburn Griffin,27,142,1,1,8,Lost,None,None,6.55,0,2,2,2,2,0,2,0,2,2,0,2,2,2,2,0,3
Jerald Steve McFall,27,143,1,1,8,Advanced,None,On the Ballot,100.0,1,2,2,2,2,2,2,2,2,2,2,2,2,2,2,0,0
Mick Rich,27,234,2,1,8,Advanced,None,On the Ballot,100.0,1,2,2,2,2,2,2,2,2,2,2,2,2,2,2,0,0
Adam Laxalt,28,11,0,1,6,Advanced,None,On the Ballot,71.49,1,2,1,2,2,1,2,2,2,1,2,2,2,2,2,3,0
Dan Schwartz,28,11,0,1,6,Lost,None,None,9.09,0,2,0,2,2,0,2,2,2,0,2,2,2,2,2,0,3
Frederick Conquest,28,11,0,1,6,Lost,None,None,0.54,0,2,0,2,2,0,2,2,2,0,2,2,2,2,2,0,3
Stephanie Carlisle,28,11,0,1,6,Lost,None,None,4.5,0,2,0,2,2,0,2,2,2,0,2,2,2,2,2,0,3
Jared Fisher,28,11,0,1,6,Lost,None,None,4.71,0,2,0,2,2,0,2,2,2,0,2,2,2,2,2,0,3
Bill Boyd,28,11,0,1,6,Lost,None,None,4.24,0,2,0,2,2,0,2,2,2,0,2,2,2,2,2,0,3
Edward Dundas,28,11,0,1,6,Lost,None,None,0.41,0,2,0,2,2,0,2,2,2,0,2,2,2,2,2,0,3
Stan Lusak,28,11,0,1,6,Lost,None,None,0.71,0,2,0,2,2,0,2,2,2,0,2,2,2,2,2,0,3
Joyce Bentley,28,127,1,1,6,Advanced,None,On the Ballot,55.18,1,2,2,2,2,2,2,2,2,2,2,2,2,2,2,0,0
Freddy Horne,28,127,1,1,6,Lost,None,None,44.82,0,2,2,2,2,2,2,2,2,2,2,2,2,2,2,0,0
Danny Tarkanian,28,128,1,1,6,Advanced,None,On the Ballot,44.13,1,2,1,1,2,0,1,2,2,2,2,2,2,2,2,3,1
Annette Teijeiro,28,128,1,1,6,Lost,None,None,3.54,0,2,2,0,2,0,0,2,2,2,2,2,2,2,2,0,3
Eddie Hamilton,28,128,1,1,6,Lost,None,None,1.04,0,2,2,0,2,0,0,2,2,2,2,2,2,2,2,0,3
Scott Hammond,28,128,1,1,6,Lost,None,None,16.79,0,2,2,0,2,1,0,2,2,2,2,2,2,2,2,1,2
Patrick Carter,28,128,1,1,6,Lost,None,None,2.72,0,2,2,0,2,0,0,2,2,2,2,2,2,2,2,0,3
David McKeon,28,128,1,1,6,Lost,None,None,4.91,0,2,2,0,2,0,0,2,2,2,2,2,2,2,2,0,3
Michelle Mortensen,28,128,1,1,6,Lost,None,None,24.56,0,2,2,0,2,0,0,2,2,2,2,2,2,2,2,0,3
Stephanie Jones,28,128,1,1,6,Lost,None,None,1.3,0,2,2,0,2,0,0,2,2,2,2,2,2,2,2,0,3
Thomas Mark La Croix,28,128,1,1,6,Lost,None,None,1.0,0,2,2,0,2,0,0,2,2,2,2,2,2,2,2,0,3
Cresent Hardy,28,129,1,1,6,Advanced,None,On the Ballot,47.41,1,1,2,2,2,2,2,2,2,1,2,2,1,2,2,3,0
Jeff Miller,28,129,1,1,6,Lost,None,None,7.96,0,0,2,2,2,2,2,2,2,0,2,2,0,2,2,0,3
Kenneth Wegner,28,129,1,1,6,Lost,None,None,11.27,0,0,2,2,2,2,2,2,2,0,2,2,0,2,2,0,3
Mike Monroe,28,129,1,1,6,Lost,None,None,3.02,0,0,2,2,2,2,2,2,2,0,2,2,0,2,2,0,3
Bill Townsend,28,129,1,1,6,Lost,None,None,11.37,0,0,2,2,2,2,2,2,2,0,2,2,0,2,2,0,3
David Gibbs,28,129,1,1,6,Lost,None,None,18.96,0,0,2,2,2,2,2,2,2,0,2,2,0,2,2,0,3
Marcus Molinaro,29,13,0,1,17,Advanced,None,On the Ballot,100.0,1,2,2,2,2,2,2,2,2,2,2,2,2,2,2,0,0
Naomi Levin,29,144,1,1,7,Advanced,None,On the Ballot,100.0,1,2,2,2,2,2,2,2,2,2,2,2,2,2,2,0,0
Eliot Rabin,29,145,1,1,7,Advanced,None,On the Ballot,100.0,1,2,2,2,2,2,2,2,2,2,2,2,2,2,2,0,0
Jineea Butler,29,146,1,1,7,Advanced,None,On the Ballot,100.0,1,2,2,2,2,2,2,2,2,2,2,2,2,2,2,0,0
Anthony Pappas,29,147,1,1,7,Advanced,None,On the Ballot,100.0,1,2,2,2,2,2,2,2,2,2,2,2,2,2,2,0,0
Jason Gonzalez,29,148,1,1,7,Advanced,None,On the Ballot,100.0,1,2,2,2,2,2,2,2,2,2,2,2,2,2,2,0,0
James O'Donnell,29,149,1,1,7,Advanced,None,On the Ballot,100.0,1,1,2,2,2,2,2,2,2,2,2,2,2,2,2,1,0
Joe Vitollo,29,150,1,1,7,Advanced,None,On the Ballot,100.0,1,2,2,2,2,2,2,2,2,2,2,2,2,2,2,0,0
James Maxwell,29,151,1,1,7,Advanced,None,On the Ballot,100.0,1,1,2,2,2,2,2,2,2,2,2,2,2,2,2,1,0
Renee Zeno,29,152,1,1,7,Advanced,None,On the Ballot,100.0,1,2,2,2,2,2,2,2,2,2,2,2,2,2,2,0,0
Dan DeBono,29,153,1,1,7,Advanced,None,On the Ballot,100.0,1,1,2,2,2,2,2,2,2,2,2,2,2,2,2,1,0
Ameer Benno,29,154,1,1,7,Advanced,None,On the Ballot,100.0,1,2,2,2,2,2,2,2,2,2,2,2,2,2,2,0,0
Lutchi Gayot,29,155,1,1,7,Advanced,None,On the Ballot,100.0,1,2,2,2,2,2,2,2,2,2,2,2,2,2,2,0,0
Chele Farley,29,235,2,1,7,Advanced,None,On the Ballot,100.0,1,2,2,2,2,2,2,2,2,2,2,2,2,2,2,0,0
Richard Michael DeWine,30,14,0,1,5,Advanced,None,On the Ballot,59.84,1,2,2,2,2,2,1,2,2,2,2,2,2,2,2,1,0
Mary Taylor,30,14,0,1,5,Lost,None,None,40.16,0,2,2,2,2,2,0,2,2,2,2,2,2,2,2,0,1
Beverly Goldstein,30,160,1,1,5,Advanced,None,On the Ballot,52.55,1,2,2,2,2,2,2,2,2,2,2,2,2,2,2,0,0
Gregory Dunham,30,160,1,1,5,Lost,None,None,47.45,0,2,2,2,2,2,2,2,2,2,2,2,2,2,2,0,0
Troy Balderson,30,161,1,1,5,Advanced,None,On the Ballot,28.72,1,2,2,2,2,2,1,0,0,2,0,2,1,2,2,2,3
Jon Halverstadt,30,161,1,1,5,Lost,None,None,1.66,0,2,2,2,2,2,0,0,0,2,0,2,0,2,2,0,5
Troy Balderson,30,161,1,2,5,Advanced,None,On the Ballot,29.22,1,2,2,2,2,2,1,0,0,2,0,2,1,2,2,2,3
Jon Halverstadt,30,161,1,2,5,Lost,None,None,1.45,0,2,2,2,2,2,0,0,0,2,0,2,0,2,2,0,5
John Adams,30,161,1,1,5,Lost,None,None,0.91,0,2,2,2,2,2,0,0,0,2,0,2,0,2,2,0,5
Kevin Bacon,30,161,1,1,5,Lost,None,None,14.26,0,2,2,2,2,2,0,0,0,2,0,2,0,2,2,0,5
Pat Manley,30,161,1,1,5,Lost,None,None,1.16,0,2,2,2,2,2,0,0,0,2,0,2,0,2,2,0,5
Carol O'Brien,30,161,1,1,5,Lost,None,None,6.48,0,2,2,2,2,2,0,0,0,2,0,2,0,2,2,0,5
Tim Kane,30,161,1,1,5,Lost,None,None,16.88,0,2,2,2,2,2,0,0,0,2,0,2,0,2,2,0,5
Melanie Leneghan,30,161,1,1,5,Lost,None,None,27.58,0,2,2,2,2,2,0,1,1,2,1,2,0,2,2,3,2
Lawrence Cohen,30,161,1,1,5,Lost,None,None,1.17,0,2,2,2,2,2,0,0,0,2,0,2,0,2,2,0,5
Mick Shoemaker Jr.,30,161,1,1,5,Lost,None,None,1.18,0,2,2,2,2,2,0,0,0,2,0,2,0,2,2,0,5
Kevin Bacon,30,161,1,2,5,Lost,None,None,14.27,0,2,2,2,2,2,0,0,0,2,0,2,0,2,2,0,5
Lawrence Cohen,30,161,1,2,5,Lost,None,None,1.17,0,2,2,2,2,2,0,0,0,2,0,2,0,2,2,0,5
Tim Kane,30,161,1,2,5,Lost,None,None,17.07,0,2,2,2,2,2,0,0,0,2,0,2,0,2,2,0,5
Melanie Leneghan,30,161,1,2,5,Lost,None,None,28.25,0,2,2,2,2,2,0,1,1,2,1,2,0,2,2,3,2
Pat Manley,30,161,1,2,5,Lost,None,None,1.08,0,2,2,2,2,2,0,0,0,2,0,2,0,2,2,0,5
Carol O'Brien,30,161,1,2,5,Lost,None,None,6.4,0,2,2,2,2,2,0,0,0,2,0,2,0,2,2,0,5
Mick Shoemaker Jr.,30,161,1,2,5,Lost,None,None,1.09,0,2,2,2,2,2,0,0,0,2,0,2,0,2,2,0,5
Christopher DePizzo,30,162,1,1,5,Advanced,None,On the Ballot,100.0,1,2,2,2,2,2,2,2,2,2,2,2,2,2,2,0,0
Anthony Gonzalez,30,163,1,1,5,Advanced,None,On the Ballot,53.07,1,1,2,2,2,0,1,0,2,2,0,2,1,1,2,4,3
Christina Hagan,30,163,1,1,5,Lost,None,None,40.78,0,1,2,2,2,1,0,1,2,2,1,2,0,0,2,4,3
Michael Grusenmeyer,30,163,1,1,5,Lost,None,None,6.15,0,0,2,2,2,0,0,0,2,2,0,2,0,0,2,0,7
Jim Burgess,30,164,1,1,5,Advanced,None,On the Ballot,93.1,1,2,2,2,2,2,2,2,2,2,2,2,2,2,2,0,0
Abdulkadir Haji,30,164,1,1,5,Lost,None,None,6.9,0,2,2,2,2,2,2,2,2,2,2,2,2,2,2,0,0
Steven Kraus,30,165,1,1,5,Advanced,None,On the Ballot,49.45,1,2,2,2,2,2,2,2,2,2,2,2,2,2,2,0,0
Keith Colton,30,165,1,1,5,Lost,None,None,29.86,0,2,2,2,2,2,2,2,2,2,2,2,2,2,2,0,0
W. Benjamin Franklin,30,165,1,1,5,Lost,None,None,20.7,0,2,2,2,2,2,2,2,2,2,2,2,2,2,2,0,0
Jim Renacci,30,237,2,1,5,Advanced,None,On the Ballot,47.34,1,2,1,2,2,1,1,2,2,1,2,0,2,2,2,4,1
Don Eckhart,30,237,2,1,5,Lost,None,None,3.88,0,2,0,2,2,0,0,2,2,0,2,0,2,2,2,0,5
Mike Gibbons,30,237,2,1,5,Lost,None,None,31.69,0,2,0,2,2,0,0,2,2,0,2,1,2,2,2,1,4
Melissa Ackison,30,237,2,1,5,Lost,None,None,13.09,0,2,0,2,2,0,0,2,2,0,2,0,2,2,2,0,5
Dan Kiley,30,237,2,1,5,Lost,None,None,3.99,0,2,0,2,2,0,0,2,2,0,2,0,2,2,2,0,5
Mick Cornett,31,15,0,1,7,Advanced,Lost,None,29.34,0,2,2,2,2,2,2,2,2,2,2,2,2,2,2,0,0
Kevin Stitt,31,15,0,1,7,Advanced,Advanced,On the Ballot,24.41,1,2,2,2,2,2,2,2,2,2,2,2,2,2,2,0,0
Christopher Barnett,31,15,0,1,7,Lost,None,None,1.16,0,2,2,2,2,2,2,2,2,2,2,2,2,2,2,0,0
Dan Fisher,31,15,0,1,7,Lost,None,None,7.91,0,2,2,2,2,2,2,2,2,2,2,2,2,2,2,0,0
Eric Foutch,31,15,0,1,7,Lost,None,None,0.51,0,2,2,2,2,2,2,2,2,2,2,2,2,2,2,0,0
Barry Gowdy,31,15,0,1,7,Lost,None,None,0.52,0,2,2,2,2,2,2,2,2,2,2,2,2,2,2,0,0
Gary Jones,31,15,0,1,7,Lost,None,None,5.58,0,2,2,2,2,2,2,2,2,2,2,2,2,2,2,0,0
Todd Lamb,31,15,0,1,7,Lost,None,None,23.86,0,2,2,2,2,2,2,2,2,2,2,2,2,2,2,0,0
Gary Richardson,31,15,0,1,7,Lost,None,None,4.02,0,2,2,2,2,2,2,2,2,2,2,2,2,2,2,0,0
Blake Cowboy Stephens,31,15,0,1,7,Lost,None,None,2.7,0,2,2,2,2,2,2,2,2,2,2,2,2,2,2,0,0
Kevin Hern,31,166,1,1,7,Advanced,Advanced,On the Ballot,22.68,1,2,2,2,2,2,2,2,0,2,0,2,1,2,2,1,2
Tim Harris,31,166,1,1,7,Advanced,Lost,None,27.48,0,2,2,2,2,2,2,2,2,2,0,2,0,2,2,0,2
Nathan Dahm,31,166,1,1,7,Lost,None,None,20.17,0,2,2,2,2,2,2,2,2,2,0,2,0,2,2,0,2
Andy Coleman,31,166,1,1,7,Lost,None,None,21.85,0,2,2,2,2,2,2,2,2,2,1,2,0,2,2,1,1
Danny Stockstill,31,166,1,1,7,Lost,None,None,7.83,0,2,2,2,2,2,2,2,2,2,0,2,0,2,2,0,2
Knute Buehler,32,16,0,1,3,Advanced,None,On the Ballot,45.9,1,2,2,2,2,2,0,2,2,2,2,2,2,2,2,0,1
Bruce Cuff,32,16,0,1,3,Lost,None,None,1.55,0,2,2,2,2,2,0,2,2,2,2,2,2,2,2,0,1
Sam Carpenter,32,16,0,1,3,Lost,None,None,28.85,0,2,2,2,2,2,0,2,2,2,2,2,2,2,2,0,1
Jeff Smith,32,16,0,1,3,Lost,None,None,1.49,0,2,2,2,2,2,0,2,2,2,2,2,2,2,2,0,1
Keenan Bohach,32,16,0,1,3,Lost,None,None,0.25,0,2,2,2,2,2,0,2,2,2,2,2,2,2,2,0,1
Jack Tacy,32,16,0,1,3,Lost,None,None,0.16,0,2,2,2,2,2,0,2,2,2,2,2,2,2,2,0,1
Greg Wooldridge,32,16,0,1,3,Lost,None,None,20.08,0,2,2,2,2,2,1,2,2,2,2,2,2,2,2,1,0
Jonathan Edwards (Oregon),32,16,0,1,3,Lost,None,None,0.27,0,2,2,2,2,2,0,2,2,2,2,2,2,2,2,0,1
Brett Hyland,32,16,0,1,3,Lost,None,None,0.24,0,2,2,2,2,2,0,2,2,2,2,2,2,2,2,0,1
David Stauffer,32,16,0,1,3,Lost,None,None,0.67,0,2,2,2,2,2,0,2,2,2,2,2,2,2,2,0,1
John Verbeek,32,167,1,1,3,Advanced,None,On the Ballot,50.61,1,2,2,2,2,2,2,2,2,2,2,2,2,2,2,0,0
George Griffith,32,167,1,1,3,Lost,None,None,40.72,0,2,2,2,2,2,2,2,2,2,2,2,2,2,2,0,0
Preston Miller,32,167,1,1,3,Lost,None,None,7.71,0,2,2,2,2,2,2,2,2,2,2,2,2,2,2,0,0
Art Robinson,32,168,1,1,3,Advanced,None,On the Ballot,45.51,1,2,2,2,2,2,1,2,2,2,2,2,2,2,2,1,0
Jo Rae Perkins,32,168,1,1,3,Lost,None,None,20.81,0,2,2,2,2,2,1,2,2,2,2,2,2,2,2,1,0
Stefan Strek,32,168,1,1,3,Lost,None,None,3.36,0,2,2,2,2,2,0,2,2,2,2,2,2,2,2,0,1
Court Boice,32,168,1,1,3,Lost,None,None,23.62,0,2,2,2,2,2,1,2,2,2,2,2,2,2,2,1,0
Michael Polen,32,168,1,1,3,Lost,None,None,5.95,0,2,2,2,2,2,0,2,2,2,2,2,2,2,2,0,1
Mark Callahan,32,169,1,1,3,Advanced,None,On the Ballot,61.9,1,2,2,2,2,2,1,2,2,2,2,2,2,2,2,1,0
Joey Nations,32,169,1,1,3,Lost,None,None,20.61,0,2,2,2,2,2,0,2,2,2,2,2,2,2,2,0,1
Robert Reynolds,32,169,1,1,3,Lost,None,None,16.64,0,2,2,2,2,2,1,2,2,2,2,2,2,2,2,1,0
Scott Wagner,33,17,0,1,3,Advanced,None,On the Ballot,44.3,1,2,2,1,2,2,2,2,2,2,2,2,2,2,2,1,0
Laura Ellsworth,33,17,0,1,3,Lost,None,None,18.83,0,2,2,0,2,2,2,2,2,2,2,2,2,2,2,0,1
Paul Mango,33,17,0,1,3,Lost,None,None,36.87,0,2,2,0,2,2,2,2,2,2,2,2,2,2,2,0,1
John Joyce,33,170,1,1,3,Advanced,None,On the Ballot,22.02,1,2,2,2,2,2,2,2,0,2,0,2,1,2,2,1,2
Art Halvorson,33,170,1,1,3,Lost,None,None,15.33,0,2,2,2,2,2,2,2,2,2,0,2,0,2,2,0,2
John Eichelberger,33,170,1,1,3,Lost,None,None,19.77,0,2,2,2,2,2,2,2,2,2,0,2,0,2,2,0,2
Stephen Bloom,33,170,1,1,3,Lost,None,None,18.16,0,2,2,2,2,2,2,2,2,2,1,2,0,2,2,1,1
Travis Schooley,33,170,1,1,3,Lost,None,None,4.51,0,2,2,2,2,2,2,2,2,2,0,2,0,2,2,0,2
Doug Mastriano,33,170,1,1,3,Lost,None,None,15.6,0,2,2,2,2,2,2,2,2,2,0,2,0,2,2,0,2
Bernard Washabaugh II,33,170,1,1,3,Lost,None,None,2.84,0,2,2,2,2,2,2,2,2,2,0,2,0,2,2,0,2
Benjamin Hornberger,33,170,1,1,3,Lost,None,None,1.77,0,2,2,2,2,2,2,2,2,2,0,2,0,2,2,0,2
Guy Reschenthaler,33,171,1,1,3,Advanced,None,On the Ballot,55.19,1,2,2,2,2,2,2,2,2,2,0,2,1,2,2,1,1
Rick Saccone,33,171,1,1,3,Lost,None,None,44.81,0,2,2,2,2,2,2,2,1,2,1,2,0,2,2,2,1
David Torres,33,172,1,1,3,Advanced,None,On the Ballot,100.0,1,2,2,2,2,2,2,2,2,2,2,2,2,2,2,0,0
Bryan Leib,33,173,1,1,3,Advanced,None,On the Ballot,100.0,1,2,2,2,2,2,2,2,2,2,2,2,2,2,2,0,0
Dan David,33,174,1,1,3,Advanced,None,On the Ballot,100.0,1,2,2,2,2,2,2,2,2,2,2,2,2,2,2,0,0
Pearl Kim,33,175,1,1,3,Advanced,None,On the Ballot,100.0,1,2,2,2,2,2,2,2,2,2,2,2,2,2,2,0,0
Greg McCauley,33,176,1,1,3,Advanced,None,On the Ballot,100.0,1,2,2,2,2,2,2,2,2,2,2,2,2,2,2,0,0
Marty Nothstein,33,177,1,1,3,Advanced,None,On the Ballot,50.49,1,1,2,2,2,2,2,2,2,2,2,2,2,2,2,1,0
Dean Browning,33,177,1,1,3,Lost,None,None,49.51,0,0,2,2,2,2,2,2,2,2,2,2,2,2,2,0,1
John Chrin,33,178,1,1,3,Advanced,None,On the Ballot,48.47,1,1,2,2,2,2,2,2,2,2,2,2,2,2,2,1,0
Robert Kuniegel,33,178,1,1,3,Lost,None,None,16.66,0,0,2,2,2,2,2,2,2,2,2,2,2,2,2,0,1
Joe Peters,33,178,1,1,3,Lost,None,None,34.87,0,0,2,2,2,2,2,2,2,2,2,2,2,2,2,0,1
Dan Meuser,33,179,1,1,3,Advanced,None,On the Ballot,52.94,1,1,2,2,2,2,2,2,2,2,2,2,2,2,1,2,0
Scott Uehlinger,33,179,1,1,3,Lost,None,None,23.1,0,0,2,2,2,2,2,2,2,2,2,2,2,2,0,0,2
George Halcovage,33,179,1,1,3,Lost,None,None,23.97,0,0,2,2,2,2,2,2,2,2,2,2,2,2,0,0,2
Lou Barletta,33,238,2,1,3,Advanced,None,On the Ballot,63.03,1,2,2,2,2,2,2,2,2,1,2,2,2,2,2,1,0
Jim Christiana,33,238,2,1,3,Lost,None,None,36.97,0,2,2,2,2,2,2,2,2,0,2,2,2,2,2,0,1
Giovanni Feroce,34,18,0,1,16,Lost,None,None,3.5,0,2,2,2,2,2,2,0,2,2,2,2,2,2,2,0,1
Allan Fung,34,18,0,1,16,Advanced,None,On the Ballot,56.4,1,2,2,2,2,2,2,0,2,2,2,2,2,2,2,0,1
Patricia Morgan,34,18,0,1,16,Lost,None,None,40.1,0,2,2,2,2,2,2,1,2,2,2,2,2,2,2,1,0
Frederick Wysocki,34,180,1,1,16,Lost,None,None,21.6,0,2,2,2,2,2,2,2,2,2,2,2,2,2,2,0,0
Patrick Donovan,34,180,1,1,16,Advanced,None,On the Ballot,78.4,1,2,2,2,2,2,2,2,2,2,2,2,2,2,2,0,0
Salvatore Caiozzo,34,181,1,1,16,Advanced,None,On the Ballot,100.0,1,2,2,2,2,2,2,2,2,2,2,2,2,2,2,0,0
Roque De La Fuente,34,239,2,1,16,Lost,None,None,12.3,0,2,2,2,2,2,2,2,2,2,2,2,2,2,2,0,0
Robert Flanders Jr.,34,239,2,1,16,Advanced,None,On the Ballot,87.7,1,2,2,2,2,2,2,2,2,2,2,2,2,2,2,0,0
Lee Bright,35,182,1,1,6,Advanced,Lost,None,24.95,0,2,2,2,2,2,2,2,0,2,2,2,2,2,2,0,1
William Timmons,35,182,1,1,6,Advanced,Advanced,On the Ballot,19.21,1,2,2,2,2,2,2,2,0,2,2,2,2,2,2,0,1
Dan Hamilton,35,182,1,1,6,Lost,None,None,18.62,0,2,2,2,2,2,2,2,0,2,2,2,2,2,2,0,1
Stephen Brown,35,182,1,1,6,Lost,None,None,7.57,0,2,2,2,2,2,2,2,0,2,2,2,2,2,2,0,1
Mark Burns,35,182,1,1,6,Lost,None,None,2.48,0,2,2,2,2,2,2,2,0,2,2,2,2,2,2,0,1
Barry Bell,35,182,1,1,6,Lost,None,None,0.3,0,2,2,2,2,2,2,2,0,2,2,2,2,2,2,0,1
Josh Kimbrell,35,182,1,1,6,Lost,None,None,11.13,0,2,2,2,2,2,2,2,1,2,2,2,2,2,2,1,0
James Epley,35,182,1,1,6,Lost,None,None,8.03,0,2,2,2,2,2,2,2,0,2,2,2,2,2,2,0,1
Shannon Pierce,35,182,1,1,6,Lost,None,None,3.64,0,2,2,2,2,2,2,2,0,2,2,2,2,2,2,0,1
Claude Schmid,35,182,1,1,6,Lost,None,None,2.11,0,2,2,2,2,2,2,2,0,2,2,2,2,2,2,0,1
Dan Albert,35,182,1,1,6,Lost,None,None,0.76,0,2,2,2,2,2,2,2,0,2,2,2,2,2,2,0,1
John Marshall Mosser,35,182,1,1,6,Lost,None,None,0.68,0,2,2,2,2,2,2,2,0,2,2,2,2,2,2,0,1
Justin David Sanders,35,182,1,1,6,Lost,None,None,0.53,0,2,2,2,2,2,2,2,0,2,2,2,2,2,2,0,1
Gerhard Gressmann,35,183,1,1,6,Advanced,None,On the Ballot,100.0,1,2,2,2,2,2,2,2,2,2,2,2,2,2,2,0,0
Kristi L. Noem,36,19,0,1,8,Advanced,None,On the Ballot,56.03,1,2,2,2,2,2,2,1,2,2,2,2,2,2,2,1,0
Marty J. Jackley,36,19,0,1,8,Lost,None,None,43.96,0,2,2,2,2,2,2,0,2,2,2,2,2,2,2,0,1
Dusty Johnson,36,184,1,1,8,Advanced,None,On the Ballot,46.81,1,1,2,2,2,2,2,0,2,1,2,2,0,2,2,2,2
Neal Tapio,36,184,1,1,8,Lost,None,None,23.87,0,0,2,2,2,2,2,0,2,0,2,2,0,2,2,0,4
Shantel Krebs,36,184,1,1,8,Lost,None,None,29.34,0,1,2,2,2,2,2,1,2,0,2,2,1,2,0,3,2
Diane Black,37,20,0,1,11,Lost,None,None,23.0,0,2,2,2,2,1,1,1,2,2,2,2,2,2,2,3,0
Randy Boyd,37,20,0,1,11,Lost,None,None,24.4,0,2,2,2,2,0,0,0,2,2,2,2,2,2,2,0,3
Beth Harwell,37,20,0,1,11,Lost,None,None,15.3,0,2,2,2,2,0,0,0,2,2,2,2,2,2,2,0,3
Bill Lee,37,20,0,1,11,Advanced,None,On the Ballot,36.8,1,2,2,2,2,0,0,0,2,2,2,2,2,2,2,0,3
Basil Marceaux,37,20,0,1,11,Lost,None,None,0.2,0,2,2,2,2,0,0,0,2,2,2,2,2,2,2,0,3
Kay White,37,20,0,1,11,Lost,None,None,0.4,0,2,2,2,2,0,0,0,2,2,2,2,2,2,2,0,3
Jason Emert,37,185,1,1,11,Lost,None,None,2.3,0,2,2,2,2,2,2,2,2,0,2,2,0,2,2,0,2
Jimmy Matlock,37,185,1,1,11,Lost,None,None,36.1,0,2,2,2,2,2,2,2,2,1,2,2,0,2,2,1,1
Tim Burchett,37,185,1,1,11,Advanced,None,On the Ballot,48.2,1,2,2,2,2,2,2,2,2,0,2,2,0,2,2,0,2
Vito Sagliano,37,185,1,1,11,Lost,None,None,0.8,0,2,2,2,2,2,2,2,2,0,2,2,0,2,2,0,2
Hank Hamblin,37,185,1,1,11,Lost,None,None,0.9,0,2,2,2,2,2,2,2,2,0,2,2,0,2,2,0,2
Ashley Nickloes,37,185,1,1,11,Lost,None,None,11.0,0,2,2,2,2,2,2,2,2,0,2,2,1,2,2,1,1
C. David Stansberry,37,185,1,1,11,Lost,None,None,0.7,0,2,2,2,2,2,2,2,2,0,2,2,0,2,2,0,2
Glen Dean,37,186,1,1,11,Lost,None,None,44.1,0,2,2,2,2,2,2,2,2,2,2,2,2,2,2,0,0
Jody Ball,37,186,1,1,11,Advanced,None,On the Ballot,55.9,1,2,2,2,2,2,2,2,2,2,2,2,2,2,2,0,0
Judd Matheny,37,187,1,1,11,Lost,None,None,15.9,0,2,2,2,2,2,0,2,2,2,1,2,2,2,2,1,1
Robert Ewing Corlew,37,187,1,1,11,Lost,None,None,31.1,0,2,2,2,2,2,1,2,2,2,0,2,2,2,2,1,1
John Rose,37,187,1,1,11,Advanced,None,On the Ballot,41.3,1,2,2,2,2,2,0,2,2,2,0,2,2,2,2,0,2
Christopher Monday,37,187,1,1,11,Lost,None,None,2.8,0,2,2,2,2,2,0,2,2,2,0,2,2,2,2,0,2
"LaVern ""U-Turn LaVern"" Vivio",37,187,1,1,11,Lost,None,None,8.8,0,2,2,2,2,2,0,2,2,2,0,2,2,2,2,0,2
Mark Green,37,188,1,1,11,Advanced,None,On the Ballot,100.0,1,2,2,2,2,2,2,2,1,2,1,2,2,2,2,2,0
Charlotte Bergmann,37,189,1,1,11,Advanced,None,On the Ballot,100.0,1,2,2,2,2,2,2,2,2,2,2,2,2,2,2,0,0
Marsha Blackburn,37,240,2,1,11,Advanced,None,On the Ballot,84.5,1,2,1,1,1,2,2,1,1,1,2,2,2,2,2,6,0
Aaron Pettigrew,37,240,2,1,11,Lost,None,None,15.5,0,2,0,0,0,2,2,0,0,0,2,2,2,2,2,0,6
Tim Westley,38,190,1,1,2,Advanced,None,On the Ballot,100.0,1,2,2,2,2,2,2,2,2,2,2,2,2,2,2,0,0
Rick Seeberger,38,191,1,1,2,Advanced,None,On the Ballot,69.35,1,2,2,2,2,2,2,2,2,2,2,2,2,2,2,0,0
Alia Garcia-Ureste,38,191,1,1,2,Lost,None,None,30.65,0,2,2,2,2,2,2,2,2,2,2,2,2,2,2,0,0
Ava Pate,38,192,1,1,2,Advanced,None,On the Ballot,100.0,1,2,2,2,2,2,2,2,2,2,2,2,2,2,2,0,0
Kevin Roberts,38,193,1,1,2,Advanced,Lost,None,33.03,0,2,2,2,2,1,2,2,2,2,2,0,2,2,2,1,1
Daniel Crenshaw,38,193,1,1,2,Advanced,Advanced,On the Ballot,27.42,1,2,2,2,2,0,2,2,2,2,2,1,2,2,2,1,1
David Balat,38,193,1,1,2,Lost,None,None,0.75,0,2,2,2,2,0,2,0,2,2,2,0,2,2,2,0,3
Malcolm Whittaker,38,193,1,1,2,Lost,None,None,0.7,0,2,2,2,2,0,2,0,2,2,2,0,2,2,2,0,3
Rick Walker,38,193,1,1,2,Lost,None,None,7.18,0,2,2,2,2,0,2,0,2,2,2,0,2,2,2,0,3
Kathaleen Wall,38,193,1,1,2,Lost,None,None,27.08,0,2,2,2,2,0,2,1,2,2,2,0,2,2,2,1,2
Justin Lurie,38,193,1,1,2,Lost,None,None,0.92,0,2,2,2,2,0,2,0,2,2,2,0,2,2,2,0,3
Jon Spiers,38,193,1,1,2,Lost,None,None,0.9,0,2,2,2,2,0,2,0,2,2,2,0,2,2,2,0,3
Jonny Havens,38,193,1,1,2,Lost,None,None,2.02,0,2,2,2,2,0,2,0,2,2,2,0,2,2,2,0,3
Matt McCall,38,194,1,1,2,Advanced,Lost,None,16.93,0,2,2,2,2,2,0,2,0,2,0,0,2,2,0,0,5
Chip Roy,38,194,1,1,2,Advanced,Advanced,On the Ballot,27.06,1,2,2,2,2,2,1,2,1,2,1,1,2,2,0,4,1
Francisco Canseco,38,194,1,1,2,Lost,None,None,3.47,0,2,2,2,2,2,0,2,0,2,0,0,2,2,0,0,5
Jason Isaac,38,194,1,1,2,Lost,None,None,10.04,0,2,2,2,2,2,0,2,0,2,0,0,2,2,0,0,5
Susan Narvaiz,38,194,1,1,2,Lost,None,None,3.79,0,2,2,2,2,2,0,2,0,2,0,0,2,2,0,0,5
Eric Burkhart,38,194,1,1,2,Lost,None,None,1.01,0,2,2,2,2,2,0,2,0,2,0,0,2,2,0,0,5
Autry Pruitt,38,194,1,1,2,Lost,None,None,0.63,0,2,2,2,2,2,0,2,0,2,0,0,2,2,0,0,5
Robert Stovall,38,194,1,1,2,Lost,None,None,4.76,0,2,2,2,2,2,0,2,0,2,0,0,2,2,0,0,5
Ivan Andarza,38,194,1,1,2,Lost,None,None,0.13,0,2,2,2,2,2,0,2,0,2,0,0,2,2,0,0,5
Ryan Krause,38,194,1,1,2,Lost,None,None,3.2,0,2,2,2,2,2,0,2,0,2,0,0,2,2,0,0,5
Jenifer Sarver,38,194,1,1,2,Lost,None,None,5.61,0,2,2,2,2,2,0,2,0,2,0,0,2,2,0,0,5
Mauro Garza,38,194,1,1,2,Lost,None,None,0.92,0,2,2,2,2,2,0,2,0,2,0,0,2,2,0,0,5
Foster Hagen,38,194,1,1,2,Lost,None,None,0.55,0,2,2,2,2,2,0,2,0,2,0,0,2,2,0,0,5
William Negley,38,194,1,1,2,Lost,None,None,15.55,0,2,2,2,2,2,0,2,0,2,0,0,2,2,1,1,4
Al Poteet,38,194,1,1,2,Lost,None,None,1.81,0,2,2,2,2,2,0,2,0,2,0,0,2,2,0,0,5
Samuel Temple,38,194,1,1,2,Lost,None,None,1.42,0,2,2,2,2,2,0,2,0,2,0,0,2,2,0,0,5
Peggy Wardlaw,38,194,1,1,2,Lost,None,None,1.79,0,2,2,2,2,2,0,2,0,2,0,0,2,2,0,0,5
Anthony White,38,194,1,1,2,Lost,None,None,1.33,0,2,2,2,2,2,0,2,0,2,0,0,2,2,0,0,5
Michael Cloud,38,195,1,1,2,Advanced,Advanced,On the Ballot,33.83,1,2,2,2,2,2,2,2,1,0,1,1,2,2,2,3,1
Bech Bruun,38,195,1,1,2,Advanced,Lost,None,36.09,0,2,2,2,2,2,2,2,0,1,0,0,2,2,2,1,3
Chris Mapp,38,195,1,1,2,Lost,None,None,12.14,0,2,2,2,2,2,2,2,0,0,0,0,2,2,2,0,4
John Grunwald,38,195,1,1,2,Lost,None,None,6.86,0,2,2,2,2,2,2,2,0,0,0,0,2,2,2,0,4
Eddie Gassman,38,195,1,1,2,Lost,None,None,2.8,0,2,2,2,2,2,2,2,0,0,0,0,2,2,2,0,4
Jerry Hall,38,195,1,1,2,Lost,None,None,8.27,0,2,2,2,2,2,2,2,0,0,0,0,2,2,2,0,4
Phillip Aronoff,38,196,1,1,2,Advanced,Advanced,On the Ballot,38.6,1,2,2,2,2,2,2,2,2,2,2,2,2,2,2,0,0
Carmen Maria Montiel,38,196,1,1,2,Advanced,Lost,None,23.58,0,2,2,2,2,2,2,2,2,2,2,2,2,2,2,0,0
Robert Schafranek,38,196,1,1,2,Lost,None,None,16.73,0,2,2,2,2,2,2,2,2,2,2,2,2,2,2,0,0
Jaimy Blanco,38,196,1,1,2,Lost,None,None,21.08,0,2,2,2,2,2,2,2,2,2,2,2,2,2,2,0,0
Van Taylor,38,197,1,1,2,Advanced,None,On the Ballot,84.68,1,2,2,2,2,2,2,2,1,2,2,2,2,2,2,1,0
David Niederkorn,38,197,1,1,2,Lost,None,None,9.39,0,2,2,2,2,2,2,2,0,2,2,2,2,2,2,0,1
Alex Donkervoet,38,197,1,1,2,Lost,None,None,5.93,0,2,2,2,2,2,2,2,0,2,2,2,2,2,2,0,1
Willie Billups,38,198,1,1,2,Advanced,None,On the Ballot,100.0,1,2,2,2,2,2,2,2,2,2,2,2,2,2,2,0,0
Rey Gonzalez,38,199,1,1,2,Advanced,None,On the Ballot,100.0,1,2,2,2,2,2,2,2,2,2,2,2,2,2,2,0,0
David Smalling,38,200,1,1,2,Advanced,None,On the Ballot,53.3,1,2,2,2,2,2,2,2,2,2,2,2,2,2,2,0,0
SK Alexander,38,200,1,1,2,Lost,None,None,46.7,0,2,2,2,2,2,2,2,2,2,2,2,2,2,2,0,0
Lance Gooden,38,201,1,1,2,Advanced,Advanced,On the Ballot,29.97,1,2,2,2,2,2,0,0,0,0,2,0,2,2,2,0,5
Bunni Pounds,38,201,1,1,2,Advanced,Lost,None,21.95,0,2,2,2,2,2,1,1,1,1,2,1,2,2,2,5,0
Charles Lingerfelt,38,201,1,1,2,Lost,None,None,1.75,0,2,2,2,2,2,0,0,0,0,2,0,2,2,2,0,5
Kenneth Sheets,38,201,1,1,2,Lost,None,None,11.99,0,2,2,2,2,2,0,0,0,0,2,0,2,2,2,0,5
Sam Deen,38,201,1,1,2,Lost,None,None,17.16,0,2,2,2,2,2,0,0,0,0,2,0,2,2,2,0,5
Danny Campbell,38,201,1,1,2,Lost,None,None,3.02,0,2,2,2,2,2,0,0,0,0,2,0,2,2,2,0,5
David Williams,38,201,1,1,2,Lost,None,None,2.73,0,2,2,2,2,2,0,0,0,0,2,0,2,2,2,0,5
Jason Wright,38,201,1,1,2,Lost,None,None,11.42,0,2,2,2,2,2,0,0,0,0,2,0,2,2,2,0,5
Jake Ellzey,38,202,1,1,2,Advanced,Lost,None,21.76,0,2,2,2,2,2,0,2,0,2,2,0,2,2,2,0,3
Ronald Wright,38,202,1,1,2,Advanced,Advanced,On the Ballot,45.15,1,2,2,2,2,2,1,2,1,2,2,1,2,2,2,3,0
Ken Cope,38,202,1,1,2,Lost,None,None,7.7,0,2,2,2,2,2,0,2,0,2,2,0,2,2,2,0,3
Deborah Gagliardi,38,202,1,1,2,Lost,None,None,3.65,0,2,2,2,2,2,0,2,0,2,2,0,2,2,2,0,3
Shawn Dandridge,38,202,1,1,2,Lost,None,None,1.13,0,2,2,2,2,2,0,2,0,2,2,0,2,2,2,0,3
Mark Mitchell,38,202,1,1,2,Lost,None,None,4.68,0,2,2,2,2,2,0,2,0,2,2,0,2,2,2,0,3
Troy Ratterree,38,202,1,1,2,Lost,None,None,4.04,0,2,2,2,2,2,0,2,0,2,2,0,2,2,2,0,3
Mel Hassell,38,202,1,1,2,Lost,None,None,0.58,0,2,2,2,2,2,0,2,0,2,2,0,2,2,2,0,3
Kevin Harrison,38,202,1,1,2,Lost,None,None,3.85,0,2,2,2,2,2,0,2,0,2,2,0,2,2,2,0,3
Thomas Dillingham,38,202,1,1,2,Lost,None,None,1.18,0,2,2,2,2,2,0,2,0,2,2,0,2,2,2,0,3
Shannon Dubberly,38,202,1,1,2,Lost,None,None,6.28,0,2,2,2,2,2,0,2,0,2,2,0,2,2,2,0,3
Mitt Romney,39,241,2,1,7,Advanced,None,On the Ballot,71.27,1,2,1,2,2,2,2,2,2,2,2,2,2,2,2,1,0
Mike Kennedy,39,241,2,1,7,Lost,None,None,28.73,0,2,0,2,2,2,2,2,2,2,2,2,2,2,2,0,1
Brooke Paige,41,203,1,1,10,Advanced,None,On the Ballot,63.3,1,2,2,2,2,2,2,2,2,2,2,2,2,2,2,0,0
Anya Tynio,41,203,1,1,10,Lost,None,None,36.7,0,2,2,2,2,2,2,2,2,2,2,2,2,2,2,0,0
Roque De La Fuente,41,242,2,1,10,Lost,None,None,4.2,0,2,2,2,2,2,2,2,2,2,2,2,2,2,2,0,0
Brooke Paige,41,242,2,1,10,Advanced,None,On the Ballot,39.6,1,2,2,2,2,2,2,2,2,2,2,2,2,2,2,0,0
Jasdeep Pannu,41,242,2,1,10,Lost,None,None,18.3,0,2,2,2,2,2,2,2,2,2,2,2,2,2,2,0,0
Lawrence Zupan,41,242,2,1,10,Lost,None,None,4.2,0,2,2,2,2,2,2,2,2,2,2,2,2,2,2,0,0
Jeff Dove,40,204,1,1,6,Advanced,None,On the Ballot,100.0,1,2,2,2,2,2,2,2,2,2,2,2,2,2,2,0,0
Ryan McAdams,40,205,1,1,6,Advanced,None,On the Ballot,72.57,1,2,2,2,2,2,2,2,2,2,2,2,2,2,2,0,0
Shion Fenty,40,205,1,1,6,Lost,None,None,27.43,0,2,2,2,2,2,2,2,2,2,2,2,2,2,2,0,0
Denver Riggleman,40,206,1,1,6,Advanced,None,On the Ballot,100.0,1,2,2,2,2,2,2,2,1,2,2,2,2,2,2,1,0
Ben Cline,40,207,1,1,6,Advanced,None,On the Ballot,100.0,1,2,2,2,2,1,2,2,2,2,2,2,2,2,2,1,0
Thomas Oh,40,208,1,1,6,Advanced,None,On the Ballot,100.0,1,2,2,2,2,2,2,2,2,2,2,2,2,2,2,0,0
Corey Stewart,40,243,2,1,6,Advanced,None,On the Ballot,44.87,1,2,2,2,2,2,2,2,2,2,2,2,2,2,2,0,0
E.W. Jackson,40,243,2,1,6,Lost,None,None,11.99,0,2,2,2,2,2,2,2,2,2,2,2,2,2,2,0,0
Nick Freitas,40,243,2,1,6,Lost,None,None,43.14,0,2,2,2,2,2,2,2,2,2,2,2,2,2,2,0,0
Jeffrey Beeler,42,209,1,1,14,Advanced,None,On the Ballot,69.19,1,2,2,2,2,2,2,2,2,2,2,2,2,2,2,0,0
Scott Stafne,42,209,1,1,14,Lost,None,None,30.81,0,2,2,2,2,2,2,2,2,2,2,2,2,2,2,0,0
Joseph Brumbles,42,210,1,1,14,Advanced,None,On the Ballot,100.0,1,2,2,2,2,2,2,2,2,2,2,2,2,2,2,0,0
Douglas Dightman,42,211,1,1,14,Advanced,None,On the Ballot,100.0,1,2,2,2,2,2,2,2,2,2,2,2,2,2,2,0,0
Craig Keller,42,212,1,1,14,Advanced,None,On the Ballot,100.0,1,2,2,2,2,2,2,2,2,2,2,2,2,2,2,0,0
Dino Rossi,42,213,1,1,14,Advanced,None,On the Ballot,92.09,1,1,2,2,2,2,2,2,1,1,2,1,1,2,2,5,0
Jack Hughes-Hageman,42,213,1,1,14,Lost,None,None,5.34,0,0,2,2,2,2,2,2,0,0,2,0,0,2,2,0,5
Gordon Allen Pross,42,213,1,1,14,Lost,None,None,2.57,0,0,2,2,2,2,2,2,0,0,2,0,0,2,2,0,5
Doug Basler,42,214,1,0,14,Lost,None,None,100.0,0,2,2,2,2,2,2,2,2,2,2,2,2,2,2,0,0
Joey Gibson,42,244,2,1,14,Lost,None,None,6.37,0,2,2,2,2,2,0,2,2,2,2,2,2,2,2,0,1
Matthew Heines,42,244,2,1,14,Lost,None,None,1.38,0,2,2,2,2,2,0,2,2,2,2,2,2,2,2,0,1
Roque De La Fuente,42,244,2,1,14,Lost,None,None,0.83,0,2,2,2,2,2,0,2,2,2,2,2,2,2,2,0,1
Dave Bryant,42,244,2,1,14,Lost,None,None,5.54,0,2,2,2,2,2,0,2,2,2,2,2,2,2,2,0,1
Art Coday,42,244,2,1,14,Lost,None,None,4.98,0,2,2,2,2,2,1,2,2,2,2,2,2,2,2,1,0
GoodSpaceGuy,42,244,2,1,14,Lost,None,None,1.11,0,2,2,2,2,2,0,2,2,2,2,2,2,2,2,0,1
Matt Hawkins,42,244,2,1,14,Lost,None,None,2.21,0,2,2,2,2,2,1,2,2,2,2,2,2,2,2,1,0
Susan Hutchison,42,244,2,1,14,Advanced,None,On the Ballot,67.31,1,2,2,2,2,2,0,2,2,2,2,2,2,2,2,0,1
John Orlinski,42,244,2,1,14,Lost,None,None,1.11,0,2,2,2,2,2,0,2,2,2,2,2,2,2,2,0,1
Tim Owen,42,244,2,1,14,Lost,None,None,3.88,0,2,2,2,2,2,1,2,2,2,2,2,2,2,2,1,0
RC Smith,42,244,2,1,14,Lost,None,None,0.28,0,2,2,2,2,2,0,2,2,2,2,2,2,2,2,0,1
Glen Stockwell,42,244,2,1,14,Lost,None,None,1.94,0,2,2,2,2,2,0,2,2,2,2,2,2,2,2,0,1
Keith Swank,42,244,2,1,14,Lost,None,None,6.4,0,2,2,2,2,2,1,2,2,2,2,2,2,2,2,1,0
Carol Miller,44,215,1,1,5,Advanced,None,On the Ballot,23.81,1,2,2,2,2,2,2,1,2,2,2,2,0,2,2,1,1
Marty Gearheart,44,215,1,1,5,Lost,None,None,18.19,0,2,2,2,2,2,2,0,2,2,2,2,0,2,2,0,2
Rick Snuffer,44,215,1,1,5,Lost,None,None,10.64,0,2,2,2,2,2,2,0,2,2,2,2,0,2,2,0,2
Rupie Phillips,44,215,1,1,5,Lost,None,None,19.53,0,2,2,2,2,2,2,0,2,2,2,2,0,2,2,0,2
Ayne Amjad,44,215,1,1,5,Lost,None,None,7.46,0,2,2,2,2,2,2,0,2,2,2,2,0,2,2,0,2
Conrad Lucas,44,215,1,1,5,Lost,None,None,18.07,0,2,2,2,2,2,2,0,2,2,2,2,1,2,2,1,1
Philip Payton,44,215,1,1,5,Lost,None,None,2.3,0,2,2,2,2,2,2,0,2,2,2,2,0,2,2,0,2
Patrick Morrisey,44,245,2,1,5,Advanced,None,On the Ballot,34.9,1,2,1,1,1,2,2,2,2,1,2,1,0,2,2,5,1
Evan Jenkins,44,245,2,1,5,Lost,None,None,29.21,0,2,1,0,0,2,2,2,2,0,2,0,1,2,2,2,4
Bo Copley,44,245,2,1,5,Lost,None,None,3.09,0,2,0,0,0,2,2,2,2,0,2,0,0,2,2,0,6
Jack Newbrough,44,245,2,1,5,Lost,None,None,2.99,0,2,0,0,0,2,2,2,2,0,2,0,0,2,2,0,6
Don Blankenship,44,245,2,1,5,Lost,None,None,19.97,0,2,0,0,0,2,2,2,2,0,2,0,0,2,2,0,6
Tom Willis,44,245,2,1,5,Lost,None,None,9.84,0,2,0,0,0,2,2,2,2,0,2,0,0,2,2,0,6
Bryan Steil,43,216,1,1,10,Advanced,None,On the Ballot,51.6,1,1,2,2,2,2,0,2,2,2,2,2,2,2,2,1,1
Paul Nehlen,43,216,1,1,10,Lost,None,None,11.1,0,0,2,2,2,2,0,2,2,2,2,2,2,2,2,0,2
Nick Polce,43,216,1,1,10,Lost,None,None,14.9,0,0,2,2,2,2,0,2,2,2,2,2,2,2,2,0,2
Jeremy Ryan,43,216,1,1,10,Lost,None,None,10.4,0,0,2,2,2,2,0,2,2,2,2,2,2,2,2,0,2
Kevin Steen,43,216,1,1,10,Lost,None,None,10.5,0,0,2,2,2,2,1,2,2,2,2,2,2,2,2,1,1
Brad Boivin,43,216,1,1,10,Lost,None,None,1.5,0,0,2,2,2,2,0,2,2,2,2,2,2,2,2,0,2
Steve Toft,43,217,1,1,10,Advanced,None,On the Ballot,100.0,1,1,2,2,2,2,1,2,2,2,2,2,2,2,2,2,0
Tim Rogers,43,218,1,1,10,Advanced,None,On the Ballot,55.6,1,2,2,2,2,2,0,2,2,2,2,2,2,2,2,0,1
Cindy Werner,43,218,1,1,10,Lost,None,None,44.4,0,2,2,2,2,2,1,2,2,2,2,2,2,2,2,1,0
Leah Vukmir,43,246,2,1,10,Advanced,None,On the Ballot,49.0,1,2,2,0,0,1,1,2,0,2,2,2,2,2,2,2,3
Kevin Nicholson,43,246,2,1,10,Lost,None,None,42.9,0,2,2,1,1,0,1,2,1,2,2,2,2,2,2,4,1
Griffin Jones,43,246,2,1,10,Lost,None,None,2.0,0,2,2,0,0,0,0,2,0,2,2,2,2,2,2,0,5
Charles Barman,43,246,2,1,10,Lost,None,None,1.8,0,2,2,0,0,0,0,2,0,2,2,2,2,2,2,0,5
George Lucia,43,246,2,1,10,Lost,None,None,4.2,0,2,2,0,0,0,0,2,0,2,2,2,2,2,2,0,5
Mark Gordon,45,21,0,1,12,Advanced,None,On the Ballot,33.4,1,2,0,2,2,2,0,2,2,2,2,2,2,2,2,0,2
Bill Dahlin,45,21,0,1,12,Lost,None,None,1.5,0,2,0,2,2,2,0,2,2,2,2,2,2,2,2,0,2
Harriet Hageman,45,21,0,1,12,Lost,None,None,21.5,0,2,0,2,2,2,1,2,2,2,2,2,2,2,2,1,1
Sam Galeotos,45,21,0,1,12,Lost,None,None,12.5,0,2,0,2,2,2,1,2,2,2,2,2,2,2,2,1,1
Foster Friess,45,21,0,1,12,Lost,None,None,25.6,0,2,1,2,2,2,1,2,2,2,2,2,2,2,2,2,0
Taylor Haynes,45,21,0,1,12,Lost,None,None,5.6,0,2,0,2,2,2,1,2,2,2,2,2,2,2,2,1,1
